Video,Label,Frame,Eye_Left_Mag,FPS
video107_final.mp4,Healthy,1,0.0,20.0
video107_final.mp4,Healthy,2,0.037468840016092644,20.0
video107_final.mp4,Healthy,3,0.01946699308568278,20.0
video107_final.mp4,Healthy,4,0.02060935363818825,20.0
video107_final.mp4,Healthy,5,0.02521832715646168,20.0
video107_final.mp4,Healthy,6,0.01594915764318186,20.0
video107_final.mp4,Healthy,7,0.011018559364880021,20.0
video107_final.mp4,Healthy,8,0.010576053313426724,20.0
video107_final.mp4,Healthy,9,0.0014998892968455578,20.0
video107_final.mp4,Healthy,10,0.006000620807260871,20.0
video107_final.mp4,Healthy,11,0.005069776214185226,20.0
video107_final.mp4,Healthy,12,0.011479368681015718,20.0
video107_final.mp4,Healthy,13,0.0065709403004958885,20.0
video107_final.mp4,Healthy,14,0.012673603603237214,20.0
video107_final.mp4,Healthy,15,0.007722614539888929,20.0
video107_final.mp4,Healthy,16,0.007665399576010438,20.0
video107_final.mp4,Healthy,17,0.0024035747090017765,20.0
video107_final.mp4,Healthy,18,0.014491738297218337,20.0
video107_final.mp4,Healthy,19,0.002612662076173358,20.0
video107_final.mp4,Healthy,20,0.013820654044323482,20.0
video107_final.mp4,Healthy,21,0.007013302194736049,20.0
video107_final.mp4,Healthy,22,0.004742430002939041,20.0
video107_final.mp4,Healthy,23,0.008739061748581634,20.0
video107_final.mp4,Healthy,24,0.011667595283616288,20.0
video107_final.mp4,Healthy,25,0.004052522321133115,20.0
video107_final.mp4,Healthy,26,0.007301996333873242,20.0
video107_final.mp4,Healthy,27,0.014514440976972858,20.0
video107_final.mp4,Healthy,28,0.02003784535461025,20.0
video107_final.mp4,Healthy,29,0.010892182201838947,20.0
video107_final.mp4,Healthy,30,0.005197828588585622,20.0
video107_final.mp4,Healthy,31,0.009028556135648886,20.0
video107_final.mp4,Healthy,32,0.016640399676738648,20.0
video107_final.mp4,Healthy,33,0.016727116592058684,20.0
video107_final.mp4,Healthy,34,0.02519159724239674,20.0
video107_final.mp4,Healthy,35,0.01076137221167795,20.0
video107_final.mp4,Healthy,36,0.01639652205862686,20.0
video107_final.mp4,Healthy,37,0.014885128009086632,20.0
video107_final.mp4,Healthy,38,0.021424222853189605,20.0
video107_final.mp4,Healthy,39,0.012148140526672771,20.0
video107_final.mp4,Healthy,40,0.011240890315139815,20.0
video107_final.mp4,Healthy,41,0.019681676606611156,20.0
video107_final.mp4,Healthy,42,0.008239623391921365,20.0
video107_final.mp4,Healthy,43,0.003917590555294804,20.0
video107_final.mp4,Healthy,44,0.015525805471007867,20.0
video107_final.mp4,Healthy,45,0.03645378778333967,20.0
video107_final.mp4,Healthy,46,0.022895390654431063,20.0
video107_final.mp4,Healthy,47,0.007086473427351387,20.0
video107_final.mp4,Healthy,48,0.015394237908363716,20.0
video107_final.mp4,Healthy,49,0.008569253912667264,20.0
video107_final.mp4,Healthy,50,0.01967044882060624,20.0
video107_final.mp4,Healthy,51,0.0616499314804723,20.0
video107_final.mp4,Healthy,52,0.05960882479672964,20.0
video107_final.mp4,Healthy,53,0.05117170356367001,20.0
video107_final.mp4,Healthy,54,0.050423241322480696,20.0
video107_final.mp4,Healthy,55,0.05025228316889657,20.0
video107_final.mp4,Healthy,56,0.13200411900381623,20.0
video107_final.mp4,Healthy,57,0.04823728706122227,20.0
video107_final.mp4,Healthy,58,0.01642637789498545,20.0
video107_final.mp4,Healthy,59,0.01029517751016242,20.0
video107_final.mp4,Healthy,60,0.02530593709458771,20.0
video107_final.mp4,Healthy,61,0.029807287429229664,20.0
video107_final.mp4,Healthy,62,0.060939525295904434,20.0
video107_final.mp4,Healthy,63,0.03990869914985595,20.0
video107_final.mp4,Healthy,64,0.046140243610869124,20.0
video107_final.mp4,Healthy,65,0.06132310199400676,20.0
video107_final.mp4,Healthy,66,0.04628552583722595,20.0
video107_final.mp4,Healthy,67,0.046035406768173415,20.0
video107_final.mp4,Healthy,68,0.059799157000323795,20.0
video107_final.mp4,Healthy,69,0.03956493328018556,20.0
video107_final.mp4,Healthy,70,0.037131924763338375,20.0
video107_final.mp4,Healthy,71,0.02423889943284488,20.0
video107_final.mp4,Healthy,72,0.013475418528587696,20.0
video107_final.mp4,Healthy,73,0.017586884960596513,20.0
video107_final.mp4,Healthy,74,0.024764404804206223,20.0
video107_final.mp4,Healthy,75,0.01815465949511107,20.0
video107_final.mp4,Healthy,76,0.05655137936987109,20.0
video107_final.mp4,Healthy,77,0.030196716682539867,20.0
video107_final.mp4,Healthy,78,0.044762175026903384,20.0
video107_final.mp4,Healthy,79,0.013045733344415505,20.0
video107_final.mp4,Healthy,80,0.01827013420704509,20.0
video107_final.mp4,Healthy,81,0.011164841478002665,20.0
video107_final.mp4,Healthy,82,0.017928073319901486,20.0
video107_final.mp4,Healthy,83,0.006412324338497112,20.0
video107_final.mp4,Healthy,84,0.022239391554730915,20.0
video107_final.mp4,Healthy,85,0.007785788707176972,20.0
video107_final.mp4,Healthy,86,0.01591622046750213,20.0
video107_final.mp4,Healthy,87,0.007433483556147496,20.0
video107_final.mp4,Healthy,88,0.00956184727029296,20.0
video107_final.mp4,Healthy,89,0.016314118315044424,20.0
video107_final.mp4,Healthy,90,0.012200820169042755,20.0
video107_final.mp4,Healthy,91,0.011590579299571765,20.0
video107_final.mp4,Healthy,92,0.006626626269698946,20.0
video107_final.mp4,Healthy,93,0.004477312895873478,20.0
video107_final.mp4,Healthy,94,0.0080146279644195,20.0
video107_final.mp4,Healthy,95,0.013929382320109674,20.0
video107_final.mp4,Healthy,96,0.0088824017983307,20.0
video107_final.mp4,Healthy,97,0.009885661812336575,20.0
video107_final.mp4,Healthy,98,0.0035788239236969996,20.0
video107_final.mp4,Healthy,99,0.009020761425370933,20.0
video107_final.mp4,Healthy,100,0.006835646274122303,20.0
video108_final.mp4,Healthy,1,0.0,20.0
video108_final.mp4,Healthy,2,0.04299138641667775,20.0
video108_final.mp4,Healthy,3,0.015045130262936615,20.0
video108_final.mp4,Healthy,4,0.043168907596917376,20.0
video108_final.mp4,Healthy,5,0.045902700985778866,20.0
video108_final.mp4,Healthy,6,0.049063369536198546,20.0
video108_final.mp4,Healthy,7,0.02195576558525719,20.0
video108_final.mp4,Healthy,8,0.027249936928296446,20.0
video108_final.mp4,Healthy,9,0.0057495973474200705,20.0
video108_final.mp4,Healthy,10,0.019442915149313,20.0
video108_final.mp4,Healthy,11,0.021935596944636152,20.0
video108_final.mp4,Healthy,12,0.011688615162568201,20.0
video108_final.mp4,Healthy,13,0.019391047979824546,20.0
video108_final.mp4,Healthy,14,0.04582532589178647,20.0
video108_final.mp4,Healthy,15,0.022074462928671653,20.0
video108_final.mp4,Healthy,16,0.014788176299023535,20.0
video108_final.mp4,Healthy,17,0.06503744741003283,20.0
video108_final.mp4,Healthy,18,0.04832409487508502,20.0
video108_final.mp4,Healthy,19,0.030946478552620015,20.0
video108_final.mp4,Healthy,20,0.013047433542426386,20.0
video108_final.mp4,Healthy,21,0.029641310472546964,20.0
video108_final.mp4,Healthy,22,0.011947935048975511,20.0
video108_final.mp4,Healthy,23,0.013910954378850615,20.0
video108_final.mp4,Healthy,24,0.042175955718511925,20.0
video108_final.mp4,Healthy,25,0.032140054181267606,20.0
video108_final.mp4,Healthy,26,0.01239112124552684,20.0
video108_final.mp4,Healthy,27,0.025084243456695427,20.0
video108_final.mp4,Healthy,28,0.03180486484443508,20.0
video108_final.mp4,Healthy,29,0.03105505839962859,20.0
video108_final.mp4,Healthy,30,0.04139461876524092,20.0
video108_final.mp4,Healthy,31,0.037797679211279515,20.0
video108_final.mp4,Healthy,32,0.049965149966614365,20.0
video108_final.mp4,Healthy,33,0.04107432784239761,20.0
video108_final.mp4,Healthy,34,0.03018957977811093,20.0
video108_final.mp4,Healthy,35,0.01994410765406242,20.0
video108_final.mp4,Healthy,36,0.022939271294536833,20.0
video108_final.mp4,Healthy,37,0.014639979035916075,20.0
video108_final.mp4,Healthy,38,0.059903213130682864,20.0
video108_final.mp4,Healthy,39,0.028459793427680385,20.0
video108_final.mp4,Healthy,40,0.06114580474759069,20.0
video108_final.mp4,Healthy,41,0.017793013730143532,20.0
video108_final.mp4,Healthy,42,0.01724994606638902,20.0
video108_final.mp4,Healthy,43,0.02980263216030937,20.0
video108_final.mp4,Healthy,44,0.033931804358853394,20.0
video108_final.mp4,Healthy,45,0.023634009760517313,20.0
video108_final.mp4,Healthy,46,0.014402732356661086,20.0
video108_final.mp4,Healthy,47,0.015489508674095988,20.0
video108_final.mp4,Healthy,48,0.02625921562948121,20.0
video108_final.mp4,Healthy,49,0.02092502994969091,20.0
video108_final.mp4,Healthy,50,0.03787763303725498,20.0
video108_final.mp4,Healthy,51,0.030276949511895,20.0
video108_final.mp4,Healthy,52,0.04199721035173091,20.0
video108_final.mp4,Healthy,53,0.02742644923335749,20.0
video108_final.mp4,Healthy,54,0.016409585497431937,20.0
video108_final.mp4,Healthy,55,0.03582504868399278,20.0
video108_final.mp4,Healthy,56,0.04355647129187257,20.0
video108_final.mp4,Healthy,57,0.013560618851444349,20.0
video108_final.mp4,Healthy,58,0.01642789589528344,20.0
video108_final.mp4,Healthy,59,0.05535363805483023,20.0
video108_final.mp4,Healthy,60,0.023956448520487724,20.0
video108_final.mp4,Healthy,61,0.021096191469114345,20.0
video108_final.mp4,Healthy,62,0.015420828790754466,20.0
video108_final.mp4,Healthy,63,0.01848248574332471,20.0
video108_final.mp4,Healthy,64,0.020107292618495618,20.0
video108_final.mp4,Healthy,65,0.013908635503296823,20.0
video108_final.mp4,Healthy,66,0.042646306332745104,20.0
video108_final.mp4,Healthy,67,0.02946500085857154,20.0
video108_final.mp4,Healthy,68,0.03764637492486982,20.0
video108_final.mp4,Healthy,69,0.011629609463464726,20.0
video108_final.mp4,Healthy,70,0.02421259514237967,20.0
video108_final.mp4,Healthy,71,0.010235197309913518,20.0
video108_final.mp4,Healthy,72,0.005263812958437139,20.0
video108_final.mp4,Healthy,73,0.014202258672049412,20.0
video108_final.mp4,Healthy,74,0.007435889874778717,20.0
video108_final.mp4,Healthy,75,0.009443333934714648,20.0
video108_final.mp4,Healthy,76,0.021674287694010665,20.0
video108_final.mp4,Healthy,77,0.013426639194647707,20.0
video108_final.mp4,Healthy,78,0.022931794409851967,20.0
video108_final.mp4,Healthy,79,0.007112483226920204,20.0
video108_final.mp4,Healthy,80,0.01515676785865186,20.0
video108_final.mp4,Healthy,81,0.016308199060898646,20.0
video108_final.mp4,Healthy,82,0.019838858671511004,20.0
video108_final.mp4,Healthy,83,0.020701521610020597,20.0
video108_final.mp4,Healthy,84,0.010853016545050963,20.0
video108_final.mp4,Healthy,85,0.01824922554513942,20.0
video108_final.mp4,Healthy,86,0.037839311478331895,20.0
video108_final.mp4,Healthy,87,0.017339310715665218,20.0
video108_final.mp4,Healthy,88,0.0406900731143189,20.0
video108_final.mp4,Healthy,89,0.005836461979913072,20.0
video108_final.mp4,Healthy,90,0.04059184115924861,20.0
video108_final.mp4,Healthy,91,0.03986865380585353,20.0
video108_final.mp4,Healthy,92,0.03911507537738531,20.0
video108_final.mp4,Healthy,93,0.008430024736992643,20.0
video108_final.mp4,Healthy,94,0.025459710158396303,20.0
video108_final.mp4,Healthy,95,0.0117859720249503,20.0
video108_final.mp4,Healthy,96,0.025603167761807166,20.0
video108_final.mp4,Healthy,97,0.018993481211426414,20.0
video108_final.mp4,Healthy,98,0.018969438235615754,20.0
video108_final.mp4,Healthy,99,0.029463960405730436,20.0
video108_final.mp4,Healthy,100,0.022092867594252885,20.0
video10_final.mp4,Healthy,1,0.0,20.0
video10_final.mp4,Healthy,2,0.015909010979413232,20.0
video10_final.mp4,Healthy,3,0.002188944833811311,20.0
video10_final.mp4,Healthy,4,0.0018258751197912314,20.0
video10_final.mp4,Healthy,5,0.0046277053366520545,20.0
video10_final.mp4,Healthy,6,0.007214443279228417,20.0
video10_final.mp4,Healthy,7,0.0050910107977189725,20.0
video10_final.mp4,Healthy,8,0.007139696466347468,20.0
video10_final.mp4,Healthy,9,0.0027136959577667742,20.0
video10_final.mp4,Healthy,10,0.015510548510156036,20.0
video10_final.mp4,Healthy,11,0.007745145724139055,20.0
video10_final.mp4,Healthy,12,0.00941644444833976,20.0
video10_final.mp4,Healthy,13,0.005516054783639067,20.0
video10_final.mp4,Healthy,14,0.004553246833561066,20.0
video10_final.mp4,Healthy,15,0.004908185390965813,20.0
video10_final.mp4,Healthy,16,0.004160671025056186,20.0
video10_final.mp4,Healthy,17,0.0034013202971447873,20.0
video10_final.mp4,Healthy,18,0.008366647646158354,20.0
video10_final.mp4,Healthy,19,0.005902813782850874,20.0
video10_final.mp4,Healthy,20,0.007345306889270401,20.0
video10_final.mp4,Healthy,21,0.00526507604794788,20.0
video10_final.mp4,Healthy,22,0.007110123868967451,20.0
video10_final.mp4,Healthy,23,0.00528120976199034,20.0
video10_final.mp4,Healthy,24,0.0034639387830152496,20.0
video10_final.mp4,Healthy,25,0.004314053362629466,20.0
video10_final.mp4,Healthy,26,0.009452226653486735,20.0
video10_final.mp4,Healthy,27,0.006997822117497812,20.0
video10_final.mp4,Healthy,28,0.006423682563321311,20.0
video10_final.mp4,Healthy,29,0.010195440973702117,20.0
video10_final.mp4,Healthy,30,0.008127596032306115,20.0
video10_final.mp4,Healthy,31,0.008899453483256764,20.0
video10_final.mp4,Healthy,32,0.0076337976885520265,20.0
video10_final.mp4,Healthy,33,0.00671295023454267,20.0
video10_final.mp4,Healthy,34,0.007115063298586316,20.0
video10_final.mp4,Healthy,35,0.026323427062365463,20.0
video10_final.mp4,Healthy,36,0.020946520381159926,20.0
video10_final.mp4,Healthy,37,0.01846746591834756,20.0
video10_final.mp4,Healthy,38,0.021576312846072095,20.0
video10_final.mp4,Healthy,39,0.01673187035478823,20.0
video10_final.mp4,Healthy,40,0.014087924644358096,20.0
video10_final.mp4,Healthy,41,0.006064829241210916,20.0
video10_final.mp4,Healthy,42,0.004252555903416092,20.0
video10_final.mp4,Healthy,43,0.005430564604770065,20.0
video10_final.mp4,Healthy,44,0.008644165222028582,20.0
video10_final.mp4,Healthy,45,0.004230345671087445,20.0
video10_final.mp4,Healthy,46,0.0036572601498980196,20.0
video10_final.mp4,Healthy,47,0.012998067996974842,20.0
video10_final.mp4,Healthy,48,0.01395530667697215,20.0
video10_final.mp4,Healthy,49,0.008386377222981018,20.0
video10_final.mp4,Healthy,50,0.018900601941275703,20.0
video10_final.mp4,Healthy,51,0.014551014546122981,20.0
video10_final.mp4,Healthy,52,0.009924625666170273,20.0
video10_final.mp4,Healthy,53,0.00681652681045246,20.0
video10_final.mp4,Healthy,54,0.009615572759516937,20.0
video10_final.mp4,Healthy,55,0.006041796641571221,20.0
video10_final.mp4,Healthy,56,0.005476942302711095,20.0
video10_final.mp4,Healthy,57,0.008576118419594074,20.0
video10_final.mp4,Healthy,58,0.005893057284549317,20.0
video10_final.mp4,Healthy,59,0.004537932417463116,20.0
video10_final.mp4,Healthy,60,0.008839392605688588,20.0
video10_final.mp4,Healthy,61,0.005080831156079214,20.0
video10_final.mp4,Healthy,62,0.007834714209747783,20.0
video10_final.mp4,Healthy,63,0.007367260582188251,20.0
video10_final.mp4,Healthy,64,0.011479790521397288,20.0
video10_final.mp4,Healthy,65,0.0039215695490497195,20.0
video10_final.mp4,Healthy,66,0.03447010407059615,20.0
video10_final.mp4,Healthy,67,0.01877002132858983,20.0
video10_final.mp4,Healthy,68,0.01722742979705596,20.0
video10_final.mp4,Healthy,69,0.006712066769666553,20.0
video10_final.mp4,Healthy,70,0.011628991928071819,20.0
video10_final.mp4,Healthy,71,0.009435664440950986,20.0
video10_final.mp4,Healthy,72,0.019941042137110693,20.0
video10_final.mp4,Healthy,73,0.0050501648276093675,20.0
video10_final.mp4,Healthy,74,0.0019514391915623913,20.0
video10_final.mp4,Healthy,75,0.0014363431856539346,20.0
video10_final.mp4,Healthy,76,0.015477963566750293,20.0
video10_final.mp4,Healthy,77,0.0053324696623154805,20.0
video10_final.mp4,Healthy,78,0.006433576012900902,20.0
video10_final.mp4,Healthy,79,0.007592937944016815,20.0
video10_final.mp4,Healthy,80,0.008556173474887198,20.0
video10_final.mp4,Healthy,81,0.013136433362828407,20.0
video10_final.mp4,Healthy,82,0.011274456148820557,20.0
video10_final.mp4,Healthy,83,0.026658510377757547,20.0
video10_final.mp4,Healthy,84,0.0465574173996289,20.0
video10_final.mp4,Healthy,85,0.030575766467043703,20.0
video10_final.mp4,Healthy,86,0.046024410441927684,20.0
video10_final.mp4,Healthy,87,0.029219775421726022,20.0
video10_final.mp4,Healthy,88,0.044603673036877865,20.0
video10_final.mp4,Healthy,89,0.027229190331619482,20.0
video10_final.mp4,Healthy,90,0.03484020760801579,20.0
video10_final.mp4,Healthy,91,0.02172618396455582,20.0
video10_final.mp4,Healthy,92,0.01245089193374416,20.0
video10_final.mp4,Healthy,93,0.0051755531972368825,20.0
video10_final.mp4,Healthy,94,0.03250562307790613,20.0
video10_final.mp4,Healthy,95,0.031392534901477274,20.0
video10_final.mp4,Healthy,96,0.036153450059943644,20.0
video10_final.mp4,Healthy,97,0.027971451282494453,20.0
video10_final.mp4,Healthy,98,0.07080691244346718,20.0
video10_final.mp4,Healthy,99,0.06757131947763972,20.0
video10_final.mp4,Healthy,100,0.09657825350692595,20.0
video11_final.mp4,Healthy,1,0.0,20.0
video11_final.mp4,Healthy,2,0.01202305414119059,20.0
video11_final.mp4,Healthy,3,0.003890042985044591,20.0
video11_final.mp4,Healthy,4,0.011748477853018718,20.0
video11_final.mp4,Healthy,5,0.008411112647544919,20.0
video11_final.mp4,Healthy,6,0.010947501050016134,20.0
video11_final.mp4,Healthy,7,0.005452767785842548,20.0
video11_final.mp4,Healthy,8,0.008076965786063766,20.0
video11_final.mp4,Healthy,9,0.015598157353098357,20.0
video11_final.mp4,Healthy,10,0.00804616391091234,20.0
video11_final.mp4,Healthy,11,0.002190775160516412,20.0
video11_final.mp4,Healthy,12,0.010344905139503055,20.0
video11_final.mp4,Healthy,13,0.006325569109366289,20.0
video11_final.mp4,Healthy,14,0.006522747924832663,20.0
video11_final.mp4,Healthy,15,0.007948894801059498,20.0
video11_final.mp4,Healthy,16,0.004059264917276995,20.0
video11_final.mp4,Healthy,17,0.006566994078118361,20.0
video11_final.mp4,Healthy,18,0.008585414534697836,20.0
video11_final.mp4,Healthy,19,0.01721312021563862,20.0
video11_final.mp4,Healthy,20,0.02485919507487562,20.0
video11_final.mp4,Healthy,21,0.014537066011289094,20.0
video11_final.mp4,Healthy,22,0.008732389116687321,20.0
video11_final.mp4,Healthy,23,0.004712527071906464,20.0
video11_final.mp4,Healthy,24,0.014756185492890985,20.0
video11_final.mp4,Healthy,25,0.02498253319186737,20.0
video11_final.mp4,Healthy,26,0.016240337751613772,20.0
video11_final.mp4,Healthy,27,0.011400291468776186,20.0
video11_final.mp4,Healthy,28,0.0037200193071783294,20.0
video11_final.mp4,Healthy,29,0.010208244675115425,20.0
video11_final.mp4,Healthy,30,0.014614892184262674,20.0
video11_final.mp4,Healthy,31,0.0048898318755117775,20.0
video11_final.mp4,Healthy,32,0.008417457770008775,20.0
video11_final.mp4,Healthy,33,0.0047522641072767526,20.0
video11_final.mp4,Healthy,34,0.009717525304814295,20.0
video11_final.mp4,Healthy,35,0.0037495367580494057,20.0
video11_final.mp4,Healthy,36,0.006424928422144501,20.0
video11_final.mp4,Healthy,37,0.015337946804234647,20.0
video11_final.mp4,Healthy,38,0.003640356134802777,20.0
video11_final.mp4,Healthy,39,0.0060519237474384565,20.0
video11_final.mp4,Healthy,40,0.006117913877929211,20.0
video11_final.mp4,Healthy,41,0.006931243100980725,20.0
video11_final.mp4,Healthy,42,0.008960597814513353,20.0
video11_final.mp4,Healthy,43,0.013866733136434377,20.0
video11_final.mp4,Healthy,44,0.009031518482285778,20.0
video11_final.mp4,Healthy,45,0.009179902944310987,20.0
video11_final.mp4,Healthy,46,0.006592146801224973,20.0
video11_final.mp4,Healthy,47,0.00960572312803709,20.0
video11_final.mp4,Healthy,48,0.008130968115538331,20.0
video11_final.mp4,Healthy,49,0.011788571917320823,20.0
video11_final.mp4,Healthy,50,0.007920691030816926,20.0
video11_final.mp4,Healthy,51,0.008887611081794557,20.0
video11_final.mp4,Healthy,52,0.015307874048910762,20.0
video11_final.mp4,Healthy,53,0.03039583867414224,20.0
video11_final.mp4,Healthy,54,0.04326185498272731,20.0
video11_final.mp4,Healthy,55,0.03652663207523962,20.0
video11_final.mp4,Healthy,56,0.01722840336965419,20.0
video11_final.mp4,Healthy,57,0.01935004971969559,20.0
video11_final.mp4,Healthy,58,0.022247891981857035,20.0
video11_final.mp4,Healthy,59,0.021274220173550514,20.0
video11_final.mp4,Healthy,60,0.02586851855579908,20.0
video11_final.mp4,Healthy,61,0.01190165037889788,20.0
video11_final.mp4,Healthy,62,0.05627125910767833,20.0
video11_final.mp4,Healthy,63,0.02810409535497214,20.0
video11_final.mp4,Healthy,64,0.014969113485239256,20.0
video11_final.mp4,Healthy,65,0.006465109412372899,20.0
video11_final.mp4,Healthy,66,0.016213589127102163,20.0
video11_final.mp4,Healthy,67,0.015067762791729522,20.0
video11_final.mp4,Healthy,68,0.007854941692306397,20.0
video11_final.mp4,Healthy,69,0.027989525817353783,20.0
video11_final.mp4,Healthy,70,0.027685405981741667,20.0
video11_final.mp4,Healthy,71,0.010713971584484993,20.0
video11_final.mp4,Healthy,72,0.016083641016776132,20.0
video11_final.mp4,Healthy,73,0.0029254483121303153,20.0
video11_final.mp4,Healthy,74,0.014138159863611647,20.0
video11_final.mp4,Healthy,75,0.03307249952986264,20.0
video11_final.mp4,Healthy,76,0.0518279463321743,20.0
video11_final.mp4,Healthy,77,0.03148227108825765,20.0
video11_final.mp4,Healthy,78,0.03491880631033371,20.0
video11_final.mp4,Healthy,79,0.029351676860073832,20.0
video11_final.mp4,Healthy,80,0.031638069682334166,20.0
video11_final.mp4,Healthy,81,0.00780884779291529,20.0
video11_final.mp4,Healthy,82,0.03603403295081511,20.0
video11_final.mp4,Healthy,83,0.02549214547616361,20.0
video11_final.mp4,Healthy,84,0.021576770892579793,20.0
video11_final.mp4,Healthy,85,0.02858032856126324,20.0
video11_final.mp4,Healthy,86,0.006596647918495406,20.0
video11_final.mp4,Healthy,87,0.008562731053296434,20.0
video11_final.mp4,Healthy,88,0.006105117362766213,20.0
video11_final.mp4,Healthy,89,0.01770135091244916,20.0
video11_final.mp4,Healthy,90,0.004719229957603427,20.0
video11_final.mp4,Healthy,91,0.01150026772028555,20.0
video11_final.mp4,Healthy,92,0.015274825903405268,20.0
video11_final.mp4,Healthy,93,0.009885103333475653,20.0
video11_final.mp4,Healthy,94,0.006495696427550138,20.0
video11_final.mp4,Healthy,95,0.0102119000988911,20.0
video11_final.mp4,Healthy,96,0.00785415256183551,20.0
video11_final.mp4,Healthy,97,0.012936638428874627,20.0
video11_final.mp4,Healthy,98,0.012463808318016509,20.0
video11_final.mp4,Healthy,99,0.018400258111396475,20.0
video11_final.mp4,Healthy,100,0.004210378761897014,20.0
video125_final.mp4,Healthy,1,0.0,20.0
video125_final.mp4,Healthy,2,0.0201355586912689,20.0
video125_final.mp4,Healthy,3,0.0031307952158204865,20.0
video125_final.mp4,Healthy,4,0.0032178451261383255,20.0
video125_final.mp4,Healthy,5,0.01058938543702354,20.0
video125_final.mp4,Healthy,6,0.0063778065939826155,20.0
video125_final.mp4,Healthy,7,0.00505922683497424,20.0
video125_final.mp4,Healthy,8,0.011522958873970772,20.0
video125_final.mp4,Healthy,9,0.011516226861420164,20.0
video125_final.mp4,Healthy,10,0.010560089214760995,20.0
video125_final.mp4,Healthy,11,0.0072309805217445275,20.0
video125_final.mp4,Healthy,12,0.005761486558009308,20.0
video125_final.mp4,Healthy,13,0.004446496117465335,20.0
video125_final.mp4,Healthy,14,0.009835142854162156,20.0
video125_final.mp4,Healthy,15,0.005497139599826513,20.0
video125_final.mp4,Healthy,16,0.029615372527813832,20.0
video125_final.mp4,Healthy,17,0.012512977950005657,20.0
video125_final.mp4,Healthy,18,0.009938906844698593,20.0
video125_final.mp4,Healthy,19,0.013816705217823922,20.0
video125_final.mp4,Healthy,20,0.0073605367408905225,20.0
video125_final.mp4,Healthy,21,0.005077125341641152,20.0
video125_final.mp4,Healthy,22,0.010145409560061562,20.0
video125_final.mp4,Healthy,23,0.01110295332375013,20.0
video125_final.mp4,Healthy,24,0.007211058489155017,20.0
video125_final.mp4,Healthy,25,0.01327541395884759,20.0
video125_final.mp4,Healthy,26,0.01574122064650259,20.0
video125_final.mp4,Healthy,27,0.015046864619683008,20.0
video125_final.mp4,Healthy,28,0.007768003683972527,20.0
video125_final.mp4,Healthy,29,0.007502678021467618,20.0
video125_final.mp4,Healthy,30,0.007965703865981775,20.0
video125_final.mp4,Healthy,31,0.011137175842110407,20.0
video125_final.mp4,Healthy,32,0.007383469519195195,20.0
video125_final.mp4,Healthy,33,0.00492496682630456,20.0
video125_final.mp4,Healthy,34,0.010564400654553191,20.0
video125_final.mp4,Healthy,35,0.013867703428077015,20.0
video125_final.mp4,Healthy,36,0.023199198167295387,20.0
video125_final.mp4,Healthy,37,0.013450337494922004,20.0
video125_final.mp4,Healthy,38,0.00995375311137444,20.0
video125_final.mp4,Healthy,39,0.010051300836837326,20.0
video125_final.mp4,Healthy,40,0.004661929695935606,20.0
video125_final.mp4,Healthy,41,0.004905467288053905,20.0
video125_final.mp4,Healthy,42,0.001940836707595093,20.0
video125_final.mp4,Healthy,43,0.008715116030227283,20.0
video125_final.mp4,Healthy,44,0.008221432016868067,20.0
video125_final.mp4,Healthy,45,0.015785301202694592,20.0
video125_final.mp4,Healthy,46,0.00757125008547697,20.0
video125_final.mp4,Healthy,47,0.015464495351143285,20.0
video125_final.mp4,Healthy,48,0.009065319245645976,20.0
video125_final.mp4,Healthy,49,0.006571437328408911,20.0
video125_final.mp4,Healthy,50,0.012050206150654531,20.0
video125_final.mp4,Healthy,51,0.007152800368694231,20.0
video125_final.mp4,Healthy,52,0.004596075091077772,20.0
video125_final.mp4,Healthy,53,0.0036895722712560696,20.0
video125_final.mp4,Healthy,54,0.005216699590047267,20.0
video125_final.mp4,Healthy,55,0.004732459398148604,20.0
video125_final.mp4,Healthy,56,0.008396938221488496,20.0
video125_final.mp4,Healthy,57,0.007883295907707644,20.0
video125_final.mp4,Healthy,58,0.005026841198637102,20.0
video125_final.mp4,Healthy,59,0.0093652667754847,20.0
video125_final.mp4,Healthy,60,0.009579147422546279,20.0
video125_final.mp4,Healthy,61,0.01127743769398492,20.0
video125_final.mp4,Healthy,62,0.015951165841561563,20.0
video125_final.mp4,Healthy,63,0.004430274581367074,20.0
video125_final.mp4,Healthy,64,0.005602186096796195,20.0
video125_final.mp4,Healthy,65,0.004213886339828498,20.0
video125_final.mp4,Healthy,66,0.003405892091861455,20.0
video125_final.mp4,Healthy,67,0.002551142233222604,20.0
video125_final.mp4,Healthy,68,0.010913333722626201,20.0
video125_final.mp4,Healthy,69,0.00680662425615675,20.0
video125_final.mp4,Healthy,70,0.007251745471157419,20.0
video125_final.mp4,Healthy,71,0.0016670405166429637,20.0
video125_final.mp4,Healthy,72,0.0018401825333020736,20.0
video125_final.mp4,Healthy,73,0.0016778742268628891,20.0
video125_final.mp4,Healthy,74,0.007680895082185779,20.0
video125_final.mp4,Healthy,75,0.0034416494701957324,20.0
video125_final.mp4,Healthy,76,0.007003214353984874,20.0
video125_final.mp4,Healthy,77,0.0022544698222485816,20.0
video125_final.mp4,Healthy,78,0.01630938789985116,20.0
video125_final.mp4,Healthy,79,0.008077360336149374,20.0
video125_final.mp4,Healthy,80,0.007316149117303212,20.0
video125_final.mp4,Healthy,81,0.0038022169603750804,20.0
video125_final.mp4,Healthy,82,0.0030640371586230005,20.0
video125_final.mp4,Healthy,83,0.010628663372119103,20.0
video125_final.mp4,Healthy,84,0.007018646829195893,20.0
video125_final.mp4,Healthy,85,0.010900559653934922,20.0
video125_final.mp4,Healthy,86,0.005662049405286795,20.0
video125_final.mp4,Healthy,87,0.009099719661482686,20.0
video125_final.mp4,Healthy,88,0.01049623017124122,20.0
video125_final.mp4,Healthy,89,0.006163016895654645,20.0
video125_final.mp4,Healthy,90,0.005245791005952637,20.0
video125_final.mp4,Healthy,91,0.006686950110284661,20.0
video125_final.mp4,Healthy,92,0.010427033273607006,20.0
video125_final.mp4,Healthy,93,0.006058022513561467,20.0
video125_final.mp4,Healthy,94,0.007953936397620308,20.0
video125_final.mp4,Healthy,95,0.006013343945982952,20.0
video125_final.mp4,Healthy,96,0.008120048991129945,20.0
video125_final.mp4,Healthy,97,0.006564122961977427,20.0
video125_final.mp4,Healthy,98,0.007502003211591018,20.0
video125_final.mp4,Healthy,99,0.007561612875594756,20.0
video125_final.mp4,Healthy,100,0.006262114821471339,20.0
video132_final.mp4,Healthy,1,0.0,20.0
video132_final.mp4,Healthy,2,0.01625976669003167,20.0
video132_final.mp4,Healthy,3,0.014125411253152023,20.0
video132_final.mp4,Healthy,4,0.01124499422045526,20.0
video132_final.mp4,Healthy,5,0.011726998057675781,20.0
video132_final.mp4,Healthy,6,0.007764209056661086,20.0
video132_final.mp4,Healthy,7,0.005740159035212474,20.0
video132_final.mp4,Healthy,8,0.005375709318093255,20.0
video132_final.mp4,Healthy,9,0.0029224628985508923,20.0
video132_final.mp4,Healthy,10,0.00569836184273707,20.0
video132_final.mp4,Healthy,11,0.004054733409585172,20.0
video132_final.mp4,Healthy,12,0.00891780973243107,20.0
video132_final.mp4,Healthy,13,0.009985292688144841,20.0
video132_final.mp4,Healthy,14,0.014507227222519709,20.0
video132_final.mp4,Healthy,15,0.007264002398327464,20.0
video132_final.mp4,Healthy,16,0.00884452473901286,20.0
video132_final.mp4,Healthy,17,0.004664500531225098,20.0
video132_final.mp4,Healthy,18,0.0016365802087655874,20.0
video132_final.mp4,Healthy,19,0.002632074196897331,20.0
video132_final.mp4,Healthy,20,0.01200432977905688,20.0
video132_final.mp4,Healthy,21,0.005669469055423932,20.0
video132_final.mp4,Healthy,22,0.011467218931724565,20.0
video132_final.mp4,Healthy,23,0.013644402778293069,20.0
video132_final.mp4,Healthy,24,0.013474310759398233,20.0
video132_final.mp4,Healthy,25,0.012988615161237576,20.0
video132_final.mp4,Healthy,26,0.01929318415627193,20.0
video132_final.mp4,Healthy,27,0.004898068966550365,20.0
video132_final.mp4,Healthy,28,0.005985819325172028,20.0
video132_final.mp4,Healthy,29,0.006117832748980805,20.0
video132_final.mp4,Healthy,30,0.012292191324655055,20.0
video132_final.mp4,Healthy,31,0.009385420964858697,20.0
video132_final.mp4,Healthy,32,0.01316796839080464,20.0
video132_final.mp4,Healthy,33,0.015932558752499378,20.0
video132_final.mp4,Healthy,34,0.015842172744570403,20.0
video132_final.mp4,Healthy,35,0.009937688674069122,20.0
video132_final.mp4,Healthy,36,0.008280996943150725,20.0
video132_final.mp4,Healthy,37,0.00423852628466265,20.0
video132_final.mp4,Healthy,38,0.012386339166684704,20.0
video132_final.mp4,Healthy,39,0.007097294136434636,20.0
video132_final.mp4,Healthy,40,0.019784727130403287,20.0
video132_final.mp4,Healthy,41,0.0028359483888344347,20.0
video132_final.mp4,Healthy,42,0.012531271619427782,20.0
video132_final.mp4,Healthy,43,0.010249098454110974,20.0
video132_final.mp4,Healthy,44,0.012789625300743887,20.0
video132_final.mp4,Healthy,45,0.011620872260117076,20.0
video132_final.mp4,Healthy,46,0.010917147345734722,20.0
video132_final.mp4,Healthy,47,0.0042395512147334,20.0
video132_final.mp4,Healthy,48,0.009498393596018558,20.0
video132_final.mp4,Healthy,49,0.0038639166194191026,20.0
video132_final.mp4,Healthy,50,0.005907104677245177,20.0
video132_final.mp4,Healthy,51,0.005428873125099568,20.0
video132_final.mp4,Healthy,52,0.00568166425989246,20.0
video132_final.mp4,Healthy,53,0.005932681919649646,20.0
video132_final.mp4,Healthy,54,0.006680202025454651,20.0
video132_final.mp4,Healthy,55,0.007915238317803622,20.0
video132_final.mp4,Healthy,56,0.02453776954273382,20.0
video132_final.mp4,Healthy,57,0.0042591977641128174,20.0
video132_final.mp4,Healthy,58,0.005508958053370664,20.0
video132_final.mp4,Healthy,59,0.012008193159629003,20.0
video132_final.mp4,Healthy,60,0.01273961691324172,20.0
video132_final.mp4,Healthy,61,0.016518351827760628,20.0
video132_final.mp4,Healthy,62,0.03565063929938483,20.0
video132_final.mp4,Healthy,63,0.011580013306113737,20.0
video132_final.mp4,Healthy,64,0.01829397554771529,20.0
video132_final.mp4,Healthy,65,0.01521141704448051,20.0
video132_final.mp4,Healthy,66,0.006983978735711497,20.0
video132_final.mp4,Healthy,67,0.010299917327363966,20.0
video132_final.mp4,Healthy,68,0.006671593807956265,20.0
video132_final.mp4,Healthy,69,0.0055207856623754785,20.0
video132_final.mp4,Healthy,70,0.006274757016916754,20.0
video132_final.mp4,Healthy,71,0.0068090256773898255,20.0
video132_final.mp4,Healthy,72,0.008548716236554546,20.0
video132_final.mp4,Healthy,73,0.0034151388212332015,20.0
video132_final.mp4,Healthy,74,0.005340043765364383,20.0
video132_final.mp4,Healthy,75,0.004149326110127755,20.0
video132_final.mp4,Healthy,76,0.010332456625195044,20.0
video132_final.mp4,Healthy,77,0.006530348432975564,20.0
video132_final.mp4,Healthy,78,0.008111822037802835,20.0
video132_final.mp4,Healthy,79,0.003056789293909673,20.0
video132_final.mp4,Healthy,80,0.009808482454529055,20.0
video132_final.mp4,Healthy,81,0.01374354107962039,20.0
video132_final.mp4,Healthy,82,0.01149547606160836,20.0
video132_final.mp4,Healthy,83,0.006604047106377966,20.0
video132_final.mp4,Healthy,84,0.012051925279478064,20.0
video132_final.mp4,Healthy,85,0.013550065007963769,20.0
video132_final.mp4,Healthy,86,0.014188805647840945,20.0
video132_final.mp4,Healthy,87,0.005272084616623218,20.0
video132_final.mp4,Healthy,88,0.010151277388425153,20.0
video132_final.mp4,Healthy,89,0.0046201047463514285,20.0
video132_final.mp4,Healthy,90,0.01116805215543884,20.0
video132_final.mp4,Healthy,91,0.003786915594290584,20.0
video132_final.mp4,Healthy,92,0.009504907486316562,20.0
video132_final.mp4,Healthy,93,0.013348145286633781,20.0
video132_final.mp4,Healthy,94,0.0066846273537190404,20.0
video132_final.mp4,Healthy,95,0.008001589259690417,20.0
video132_final.mp4,Healthy,96,0.004992551356464406,20.0
video132_final.mp4,Healthy,97,0.003343905986306487,20.0
video132_final.mp4,Healthy,98,0.005305780267706433,20.0
video132_final.mp4,Healthy,99,0.003441203424754863,20.0
video132_final.mp4,Healthy,100,0.0087754464507067,20.0
video133_final.mp4,Healthy,1,0.0,20.0
video133_final.mp4,Healthy,2,0.017521374863157687,20.0
video133_final.mp4,Healthy,3,0.006956426277063436,20.0
video133_final.mp4,Healthy,4,0.005179850983050076,20.0
video133_final.mp4,Healthy,5,0.00830477818762107,20.0
video133_final.mp4,Healthy,6,0.008084593989500214,20.0
video133_final.mp4,Healthy,7,0.009774796221317973,20.0
video133_final.mp4,Healthy,8,0.005357313782512344,20.0
video133_final.mp4,Healthy,9,0.0057302236849317775,20.0
video133_final.mp4,Healthy,10,0.0229930717993021,20.0
video133_final.mp4,Healthy,11,0.02704993071393657,20.0
video133_final.mp4,Healthy,12,0.03482367270121588,20.0
video133_final.mp4,Healthy,13,0.0244235482761931,20.0
video133_final.mp4,Healthy,14,0.04078913632106883,20.0
video133_final.mp4,Healthy,15,0.029030515932539025,20.0
video133_final.mp4,Healthy,16,0.021807671954241117,20.0
video133_final.mp4,Healthy,17,0.019164297220688176,20.0
video133_final.mp4,Healthy,18,0.03439265382095461,20.0
video133_final.mp4,Healthy,19,0.01909142694487014,20.0
video133_final.mp4,Healthy,20,0.038002651315362526,20.0
video133_final.mp4,Healthy,21,0.024531447487889664,20.0
video133_final.mp4,Healthy,22,0.03442705148765508,20.0
video133_final.mp4,Healthy,23,0.019608694362739414,20.0
video133_final.mp4,Healthy,24,0.03125034474258145,20.0
video133_final.mp4,Healthy,25,0.014370637908868172,20.0
video133_final.mp4,Healthy,26,0.018263462018940173,20.0
video133_final.mp4,Healthy,27,0.007869994163182185,20.0
video133_final.mp4,Healthy,28,0.01793657153996932,20.0
video133_final.mp4,Healthy,29,0.009563042883694401,20.0
video133_final.mp4,Healthy,30,0.009909190466457949,20.0
video133_final.mp4,Healthy,31,0.00772760236009906,20.0
video133_final.mp4,Healthy,32,0.00961238020429482,20.0
video133_final.mp4,Healthy,33,0.0036847948749011627,20.0
video133_final.mp4,Healthy,34,0.007818430790000388,20.0
video133_final.mp4,Healthy,35,0.002171208445176018,20.0
video133_final.mp4,Healthy,36,0.0019786807897920386,20.0
video133_final.mp4,Healthy,37,0.002657169106884641,20.0
video133_final.mp4,Healthy,38,0.0038253914084824155,20.0
video133_final.mp4,Healthy,39,0.0025626526691860016,20.0
video133_final.mp4,Healthy,40,0.008081526685838893,20.0
video133_final.mp4,Healthy,41,0.00338211470865686,20.0
video133_final.mp4,Healthy,42,0.006281252159318205,20.0
video133_final.mp4,Healthy,43,0.04482983690324345,20.0
video133_final.mp4,Healthy,44,0.030720626717202836,20.0
video133_final.mp4,Healthy,45,0.020413123765364857,20.0
video133_final.mp4,Healthy,46,0.040824528329113256,20.0
video133_final.mp4,Healthy,47,0.02748528815099598,20.0
video133_final.mp4,Healthy,48,0.022850641135086808,20.0
video133_final.mp4,Healthy,49,0.011489366682255043,20.0
video133_final.mp4,Healthy,50,0.010287596750166056,20.0
video133_final.mp4,Healthy,51,0.006825534768896769,20.0
video133_final.mp4,Healthy,52,0.003446070655992671,20.0
video133_final.mp4,Healthy,53,0.007273730099223758,20.0
video133_final.mp4,Healthy,54,0.004921038289459663,20.0
video133_final.mp4,Healthy,55,0.002502034475023626,20.0
video133_final.mp4,Healthy,56,0.006374325197170351,20.0
video133_final.mp4,Healthy,57,0.0016787350713854073,20.0
video133_final.mp4,Healthy,58,0.0034594825722566785,20.0
video133_final.mp4,Healthy,59,0.004442625058687834,20.0
video133_final.mp4,Healthy,60,0.004514653092557272,20.0
video133_final.mp4,Healthy,61,0.0034371413517736036,20.0
video133_final.mp4,Healthy,62,0.00801847153587434,20.0
video133_final.mp4,Healthy,63,0.005805048587077888,20.0
video133_final.mp4,Healthy,64,0.004858216418670878,20.0
video133_final.mp4,Healthy,65,0.006333209169021123,20.0
video133_final.mp4,Healthy,66,0.003264646695514977,20.0
video133_final.mp4,Healthy,67,0.002255347303411305,20.0
video133_final.mp4,Healthy,68,0.005697279994896575,20.0
video133_final.mp4,Healthy,69,0.002824265770128546,20.0
video133_final.mp4,Healthy,70,0.003139242471159649,20.0
video133_final.mp4,Healthy,71,0.011246862288821184,20.0
video133_final.mp4,Healthy,72,0.010778412627548969,20.0
video133_final.mp4,Healthy,73,0.0020008377860332195,20.0
video133_final.mp4,Healthy,74,0.0027833660561516773,20.0
video133_final.mp4,Healthy,75,0.004735649957691567,20.0
video133_final.mp4,Healthy,76,0.009177426309745471,20.0
video133_final.mp4,Healthy,77,0.01124083617164044,20.0
video133_final.mp4,Healthy,78,0.005178674775602023,20.0
video133_final.mp4,Healthy,79,0.007982214026571116,20.0
video133_final.mp4,Healthy,80,0.007258835627389296,20.0
video133_final.mp4,Healthy,81,0.01643585414228691,20.0
video133_final.mp4,Healthy,82,0.041381019914282724,20.0
video133_final.mp4,Healthy,83,0.03527145882471175,20.0
video133_final.mp4,Healthy,84,0.05043069939176379,20.0
video133_final.mp4,Healthy,85,0.03212017683723555,20.0
video133_final.mp4,Healthy,86,0.032605027847809685,20.0
video133_final.mp4,Healthy,87,0.012449445389897678,20.0
video133_final.mp4,Healthy,88,0.008626274064135173,20.0
video133_final.mp4,Healthy,89,0.012631518528379009,20.0
video133_final.mp4,Healthy,90,0.012216697009672688,20.0
video133_final.mp4,Healthy,91,0.010263985140619606,20.0
video133_final.mp4,Healthy,92,0.012420218934831256,20.0
video133_final.mp4,Healthy,93,0.005685224792117755,20.0
video133_final.mp4,Healthy,94,0.01253449852831654,20.0
video133_final.mp4,Healthy,95,0.0051080890426705855,20.0
video133_final.mp4,Healthy,96,0.005866671054133295,20.0
video133_final.mp4,Healthy,97,0.006864647616010027,20.0
video133_final.mp4,Healthy,98,0.007655815065442189,20.0
video133_final.mp4,Healthy,99,0.008673286669290016,20.0
video133_final.mp4,Healthy,100,0.007330265528136108,20.0
video13_final.mp4,Healthy,1,0.0,20.0
video13_final.mp4,Healthy,2,0.01382968633462528,20.0
video13_final.mp4,Healthy,3,0.01219829325979871,20.0
video13_final.mp4,Healthy,4,0.008535216269921703,20.0
video13_final.mp4,Healthy,5,0.006829370222928794,20.0
video13_final.mp4,Healthy,6,0.005355188452826141,20.0
video13_final.mp4,Healthy,7,0.005324175999155673,20.0
video13_final.mp4,Healthy,8,0.005639493018405865,20.0
video13_final.mp4,Healthy,9,0.0036179777727744513,20.0
video13_final.mp4,Healthy,10,0.00451927986547846,20.0
video13_final.mp4,Healthy,11,0.0026450228412586278,20.0
video13_final.mp4,Healthy,12,0.004417059092464276,20.0
video13_final.mp4,Healthy,13,0.004103269629056226,20.0
video13_final.mp4,Healthy,14,0.0044868471464125,20.0
video13_final.mp4,Healthy,15,0.009108073476568765,20.0
video13_final.mp4,Healthy,16,0.021460492450653918,20.0
video13_final.mp4,Healthy,17,0.014854271436714563,20.0
video13_final.mp4,Healthy,18,0.02037001068516418,20.0
video13_final.mp4,Healthy,19,0.015301588458632734,20.0
video13_final.mp4,Healthy,20,0.007716097405133471,20.0
video13_final.mp4,Healthy,21,0.002101524919863264,20.0
video13_final.mp4,Healthy,22,0.0014964436584811904,20.0
video13_final.mp4,Healthy,23,0.0033119353453757486,20.0
video13_final.mp4,Healthy,24,0.004225818048133387,20.0
video13_final.mp4,Healthy,25,0.0063318596401299694,20.0
video13_final.mp4,Healthy,26,0.006735183862741873,20.0
video13_final.mp4,Healthy,27,0.0018494712094540074,20.0
video13_final.mp4,Healthy,28,0.001966235799135967,20.0
video13_final.mp4,Healthy,29,0.0032732274257703028,20.0
video13_final.mp4,Healthy,30,0.0037438282503850172,20.0
video13_final.mp4,Healthy,31,0.0016412646574692083,20.0
video13_final.mp4,Healthy,32,0.03759763903165347,20.0
video13_final.mp4,Healthy,33,0.016083512961842437,20.0
video13_final.mp4,Healthy,34,0.0211290979121025,20.0
video13_final.mp4,Healthy,35,0.008739216119879113,20.0
video13_final.mp4,Healthy,36,0.017458530088934877,20.0
video13_final.mp4,Healthy,37,0.01496336812512534,20.0
video13_final.mp4,Healthy,38,0.006031362463265422,20.0
video13_final.mp4,Healthy,39,0.0032650286985661052,20.0
video13_final.mp4,Healthy,40,0.004073403896438422,20.0
video13_final.mp4,Healthy,41,0.006095160618094647,20.0
video13_final.mp4,Healthy,42,0.0038854059862370887,20.0
video13_final.mp4,Healthy,43,0.00313899751797336,20.0
video13_final.mp4,Healthy,44,0.013703704979624092,20.0
video13_final.mp4,Healthy,45,0.006267802519014517,20.0
video13_final.mp4,Healthy,46,0.004257134847328838,20.0
video13_final.mp4,Healthy,47,0.006480927903614025,20.0
video13_final.mp4,Healthy,48,0.0031983454277862574,20.0
video13_final.mp4,Healthy,49,0.002997835539420261,20.0
video13_final.mp4,Healthy,50,0.007944257792674951,20.0
video13_final.mp4,Healthy,51,0.0022200461455571755,20.0
video13_final.mp4,Healthy,52,0.006661705444893226,20.0
video13_final.mp4,Healthy,53,0.006160120496545327,20.0
video13_final.mp4,Healthy,54,0.005431718397642872,20.0
video13_final.mp4,Healthy,55,0.0031202825414823527,20.0
video13_final.mp4,Healthy,56,0.0072825093430439955,20.0
video13_final.mp4,Healthy,57,0.003480847742354134,20.0
video13_final.mp4,Healthy,58,0.004666348111957677,20.0
video13_final.mp4,Healthy,59,0.001622429082472698,20.0
video13_final.mp4,Healthy,60,0.03798056635156897,20.0
video13_final.mp4,Healthy,61,0.023271616051081516,20.0
video13_final.mp4,Healthy,62,0.019480950618830536,20.0
video13_final.mp4,Healthy,63,0.013195620499135063,20.0
video13_final.mp4,Healthy,64,0.01128822700474274,20.0
video13_final.mp4,Healthy,65,0.005234198312572036,20.0
video13_final.mp4,Healthy,66,0.007515218660625197,20.0
video13_final.mp4,Healthy,67,0.007506954478745397,20.0
video13_final.mp4,Healthy,68,0.011392996400855804,20.0
video13_final.mp4,Healthy,69,0.009253425874760494,20.0
video13_final.mp4,Healthy,70,0.008449316494386358,20.0
video13_final.mp4,Healthy,71,0.005189051972991702,20.0
video13_final.mp4,Healthy,72,0.009509990637056006,20.0
video13_final.mp4,Healthy,73,0.01201776622597788,20.0
video13_final.mp4,Healthy,74,0.00633797453321096,20.0
video13_final.mp4,Healthy,75,0.008007206964808647,20.0
video13_final.mp4,Healthy,76,0.007756537479120191,20.0
video13_final.mp4,Healthy,77,0.008735369495935645,20.0
video13_final.mp4,Healthy,78,0.03139483967474183,20.0
video13_final.mp4,Healthy,79,0.012020784295905938,20.0
video13_final.mp4,Healthy,80,0.017698850931330324,20.0
video13_final.mp4,Healthy,81,0.01700103463541098,20.0
video13_final.mp4,Healthy,82,0.01439379229287118,20.0
video13_final.mp4,Healthy,83,0.006368689423880529,20.0
video13_final.mp4,Healthy,84,0.006489751037125019,20.0
video13_final.mp4,Healthy,85,0.003484701607430765,20.0
video13_final.mp4,Healthy,86,0.008633324732122022,20.0
video13_final.mp4,Healthy,87,0.005427551361051779,20.0
video13_final.mp4,Healthy,88,0.005008351677034766,20.0
video13_final.mp4,Healthy,89,0.004392589930243535,20.0
video13_final.mp4,Healthy,90,0.005102122193867687,20.0
video13_final.mp4,Healthy,91,0.005600083026525243,20.0
video13_final.mp4,Healthy,92,0.00431660391516852,20.0
video13_final.mp4,Healthy,93,0.012172126382372361,20.0
video13_final.mp4,Healthy,94,0.0061603536347539746,20.0
video13_final.mp4,Healthy,95,0.002562847424672071,20.0
video13_final.mp4,Healthy,96,0.01255953240363323,20.0
video13_final.mp4,Healthy,97,0.0037730456434257047,20.0
video13_final.mp4,Healthy,98,0.004203827329108522,20.0
video13_final.mp4,Healthy,99,0.0008102686405031797,20.0
video13_final.mp4,Healthy,100,0.003992599465653518,20.0
video146_final.mp4,Healthy,1,0.0,20.0
video146_final.mp4,Healthy,2,0.01601444948937524,20.0
video146_final.mp4,Healthy,3,0.009169754998538664,20.0
video146_final.mp4,Healthy,4,0.011646846466026851,20.0
video146_final.mp4,Healthy,5,0.009774396314419002,20.0
video146_final.mp4,Healthy,6,0.01192309406191884,20.0
video146_final.mp4,Healthy,7,0.005990591175732993,20.0
video146_final.mp4,Healthy,8,0.006524928194562705,20.0
video146_final.mp4,Healthy,9,0.0041897312011693714,20.0
video146_final.mp4,Healthy,10,0.013919110971044604,20.0
video146_final.mp4,Healthy,11,0.005730738797248628,20.0
video146_final.mp4,Healthy,12,0.024619869896617866,20.0
video146_final.mp4,Healthy,13,0.007044296632450535,20.0
video146_final.mp4,Healthy,14,0.01071005352974201,20.0
video146_final.mp4,Healthy,15,0.00917791570132531,20.0
video146_final.mp4,Healthy,16,0.01827979501959251,20.0
video146_final.mp4,Healthy,17,0.01035651129970033,20.0
video146_final.mp4,Healthy,18,0.023401222766053626,20.0
video146_final.mp4,Healthy,19,0.012512267735660597,20.0
video146_final.mp4,Healthy,20,0.013263647463553482,20.0
video146_final.mp4,Healthy,21,0.00467258437153868,20.0
video146_final.mp4,Healthy,22,0.003874265057974065,20.0
video146_final.mp4,Healthy,23,0.00828041413629003,20.0
video146_final.mp4,Healthy,24,0.004266968562651801,20.0
video146_final.mp4,Healthy,25,0.005215121707236998,20.0
video146_final.mp4,Healthy,26,0.0038427821816125252,20.0
video146_final.mp4,Healthy,27,0.0033870934220583443,20.0
video146_final.mp4,Healthy,28,0.0029857736864955446,20.0
video146_final.mp4,Healthy,29,0.0013836654442486542,20.0
video146_final.mp4,Healthy,30,0.005253938473373153,20.0
video146_final.mp4,Healthy,31,0.004452124822231803,20.0
video146_final.mp4,Healthy,32,0.002413742861788885,20.0
video146_final.mp4,Healthy,33,0.005940829897705801,20.0
video146_final.mp4,Healthy,34,0.005497426973226764,20.0
video146_final.mp4,Healthy,35,0.005222141552954823,20.0
video146_final.mp4,Healthy,36,0.0020902899694215963,20.0
video146_final.mp4,Healthy,37,0.005008277140764246,20.0
video146_final.mp4,Healthy,38,0.0062772990122937035,20.0
video146_final.mp4,Healthy,39,0.005511481624112404,20.0
video146_final.mp4,Healthy,40,0.007085703223096599,20.0
video146_final.mp4,Healthy,41,0.005076107432507392,20.0
video146_final.mp4,Healthy,42,0.007753390595965855,20.0
video146_final.mp4,Healthy,43,0.005031436714750869,20.0
video146_final.mp4,Healthy,44,0.004913978984282378,20.0
video146_final.mp4,Healthy,45,0.00562584727067338,20.0
video146_final.mp4,Healthy,46,0.002352879172947957,20.0
video146_final.mp4,Healthy,47,0.0027164860002512185,20.0
video146_final.mp4,Healthy,48,0.001495241273248936,20.0
video146_final.mp4,Healthy,49,0.005579710247391788,20.0
video146_final.mp4,Healthy,50,0.0058058363555303855,20.0
video146_final.mp4,Healthy,51,0.0031474486894042942,20.0
video146_final.mp4,Healthy,52,0.003535483729054856,20.0
video146_final.mp4,Healthy,53,0.002342679766302008,20.0
video146_final.mp4,Healthy,54,0.005893643969748961,20.0
video146_final.mp4,Healthy,55,0.00790850272702283,20.0
video146_final.mp4,Healthy,56,0.005885273821497131,20.0
video146_final.mp4,Healthy,57,0.005259251507526378,20.0
video146_final.mp4,Healthy,58,0.01900999994371864,20.0
video146_final.mp4,Healthy,59,0.019201312182355833,20.0
video146_final.mp4,Healthy,60,0.04518269318234744,20.0
video146_final.mp4,Healthy,61,0.04792943977158754,20.0
video146_final.mp4,Healthy,62,0.06467091597044808,20.0
video146_final.mp4,Healthy,63,0.030987932006413605,20.0
video146_final.mp4,Healthy,64,0.034510350458226556,20.0
video146_final.mp4,Healthy,65,0.015077278665475142,20.0
video146_final.mp4,Healthy,66,0.003821756121551915,20.0
video146_final.mp4,Healthy,67,0.014089445380589457,20.0
video146_final.mp4,Healthy,68,0.0077005783980640535,20.0
video146_final.mp4,Healthy,69,0.006268011604318787,20.0
video146_final.mp4,Healthy,70,0.005951112781816319,20.0
video146_final.mp4,Healthy,71,0.012955785952057696,20.0
video146_final.mp4,Healthy,72,0.012036850505484547,20.0
video146_final.mp4,Healthy,73,0.005891147660754937,20.0
video146_final.mp4,Healthy,74,0.002135822594390154,20.0
video146_final.mp4,Healthy,75,0.003914054695162665,20.0
video146_final.mp4,Healthy,76,0.013010532335028377,20.0
video146_final.mp4,Healthy,77,0.003470260054539247,20.0
video146_final.mp4,Healthy,78,0.004255589407924781,20.0
video146_final.mp4,Healthy,79,0.006631269716002527,20.0
video146_final.mp4,Healthy,80,0.004524767181112616,20.0
video146_final.mp4,Healthy,81,0.006955837593951355,20.0
video146_final.mp4,Healthy,82,0.006024359747256545,20.0
video146_final.mp4,Healthy,83,0.004699458774129928,20.0
video146_final.mp4,Healthy,84,0.005587304604906304,20.0
video146_final.mp4,Healthy,85,0.01089481135308148,20.0
video146_final.mp4,Healthy,86,0.0015695766055911437,20.0
video146_final.mp4,Healthy,87,0.014568148316243432,20.0
video146_final.mp4,Healthy,88,0.02606444633101963,20.0
video146_final.mp4,Healthy,89,0.017735027853926093,20.0
video146_final.mp4,Healthy,90,0.020992024267164105,20.0
video146_final.mp4,Healthy,91,0.015763986678097554,20.0
video146_final.mp4,Healthy,92,0.015370061211429364,20.0
video146_final.mp4,Healthy,93,0.010077151661009686,20.0
video146_final.mp4,Healthy,94,0.007480804853086699,20.0
video146_final.mp4,Healthy,95,0.003632631781626986,20.0
video146_final.mp4,Healthy,96,0.017437527606775315,20.0
video146_final.mp4,Healthy,97,0.015503716734143561,20.0
video146_final.mp4,Healthy,98,0.007120009203144655,20.0
video146_final.mp4,Healthy,99,0.004787450780046939,20.0
video146_final.mp4,Healthy,100,0.007534847344946332,20.0
video148_final.mp4,Healthy,1,0.0,20.0
video148_final.mp4,Healthy,2,0.017076711356468918,20.0
video148_final.mp4,Healthy,3,0.010811796946715732,20.0
video148_final.mp4,Healthy,4,0.005709748732624424,20.0
video148_final.mp4,Healthy,5,0.013554047291150484,20.0
video148_final.mp4,Healthy,6,0.026492783420694544,20.0
video148_final.mp4,Healthy,7,0.022480692900715398,20.0
video148_final.mp4,Healthy,8,0.005865772636650688,20.0
video148_final.mp4,Healthy,9,0.00990027913037677,20.0
video148_final.mp4,Healthy,10,0.01778113492464894,20.0
video148_final.mp4,Healthy,11,0.04239076155798264,20.0
video148_final.mp4,Healthy,12,0.023211862331633287,20.0
video148_final.mp4,Healthy,13,0.012143565400312662,20.0
video148_final.mp4,Healthy,14,0.010657721526441987,20.0
video148_final.mp4,Healthy,15,0.03359096205482012,20.0
video148_final.mp4,Healthy,16,0.021280167225163866,20.0
video148_final.mp4,Healthy,17,0.01140997977793605,20.0
video148_final.mp4,Healthy,18,0.027233783538780754,20.0
video148_final.mp4,Healthy,19,0.035197750455953046,20.0
video148_final.mp4,Healthy,20,0.03092252181556838,20.0
video148_final.mp4,Healthy,21,0.018257361848632248,20.0
video148_final.mp4,Healthy,22,0.007683276271631336,20.0
video148_final.mp4,Healthy,23,0.007291955255360774,20.0
video148_final.mp4,Healthy,24,0.00799162712776803,20.0
video148_final.mp4,Healthy,25,0.0023899884757435743,20.0
video148_final.mp4,Healthy,26,0.0024117326791145434,20.0
video148_final.mp4,Healthy,27,0.0017975624297042554,20.0
video148_final.mp4,Healthy,28,0.00487203826910514,20.0
video148_final.mp4,Healthy,29,0.0028862196756544445,20.0
video148_final.mp4,Healthy,30,0.007680352564696062,20.0
video148_final.mp4,Healthy,31,0.020496466355752644,20.0
video148_final.mp4,Healthy,32,0.014361183288415827,20.0
video148_final.mp4,Healthy,33,0.025991156860858792,20.0
video148_final.mp4,Healthy,34,0.028520222625646196,20.0
video148_final.mp4,Healthy,35,0.046456936135322445,20.0
video148_final.mp4,Healthy,36,0.029810808773836715,20.0
video148_final.mp4,Healthy,37,0.02770923643270712,20.0
video148_final.mp4,Healthy,38,0.022131717063330714,20.0
video148_final.mp4,Healthy,39,0.050217696251527714,20.0
video148_final.mp4,Healthy,40,0.03915523379930794,20.0
video148_final.mp4,Healthy,41,0.027121783665934266,20.0
video148_final.mp4,Healthy,42,0.01873852417098778,20.0
video148_final.mp4,Healthy,43,0.006538018092794626,20.0
video148_final.mp4,Healthy,44,0.005286137824763684,20.0
video148_final.mp4,Healthy,45,0.00714764842875073,20.0
video148_final.mp4,Healthy,46,0.012075216155680307,20.0
video148_final.mp4,Healthy,47,0.031503452755657156,20.0
video148_final.mp4,Healthy,48,0.009790941246854689,20.0
video148_final.mp4,Healthy,49,0.02022473071635879,20.0
video148_final.mp4,Healthy,50,0.01597649944671526,20.0
video148_final.mp4,Healthy,51,0.009661013158926025,20.0
video148_final.mp4,Healthy,52,0.0069314705620236484,20.0
video148_final.mp4,Healthy,53,0.00756056924523395,20.0
video148_final.mp4,Healthy,54,0.01940288757929215,20.0
video148_final.mp4,Healthy,55,0.009695899695301977,20.0
video148_final.mp4,Healthy,56,0.006126087096531741,20.0
video148_final.mp4,Healthy,57,0.007888451771419445,20.0
video148_final.mp4,Healthy,58,0.006873998855253173,20.0
video148_final.mp4,Healthy,59,0.008137054970130798,20.0
video148_final.mp4,Healthy,60,0.00991598205130172,20.0
video148_final.mp4,Healthy,61,0.024603662388950096,20.0
video148_final.mp4,Healthy,62,0.02554714353292495,20.0
video148_final.mp4,Healthy,63,0.036705952809593406,20.0
video148_final.mp4,Healthy,64,0.030314920541573146,20.0
video148_final.mp4,Healthy,65,0.020988095728647883,20.0
video148_final.mp4,Healthy,66,0.021649754441959435,20.0
video148_final.mp4,Healthy,67,0.01610207189143188,20.0
video148_final.mp4,Healthy,68,0.01049470394997941,20.0
video148_final.mp4,Healthy,69,0.013867982564825377,20.0
video148_final.mp4,Healthy,70,0.01759640766855792,20.0
video148_final.mp4,Healthy,71,0.04167487887638407,20.0
video148_final.mp4,Healthy,72,0.027666866489357136,20.0
video148_final.mp4,Healthy,73,0.028355344627988,20.0
video148_final.mp4,Healthy,74,0.03681077105619845,20.0
video148_final.mp4,Healthy,75,0.032865891724418034,20.0
video148_final.mp4,Healthy,76,0.015658095836974462,20.0
video148_final.mp4,Healthy,77,0.017984070181657295,20.0
video148_final.mp4,Healthy,78,0.007829229749786936,20.0
video148_final.mp4,Healthy,79,0.0035475340800342186,20.0
video148_final.mp4,Healthy,80,0.007930728956585305,20.0
video148_final.mp4,Healthy,81,0.017736618439361848,20.0
video148_final.mp4,Healthy,82,0.01946927949347928,20.0
video148_final.mp4,Healthy,83,0.007325920569135621,20.0
video148_final.mp4,Healthy,84,0.001526100704102665,20.0
video148_final.mp4,Healthy,85,0.01427240556063931,20.0
video148_final.mp4,Healthy,86,0.0015112775136220337,20.0
video148_final.mp4,Healthy,87,0.02591717406645987,20.0
video148_final.mp4,Healthy,88,0.020768129127090463,20.0
video148_final.mp4,Healthy,89,0.0040857518033129885,20.0
video148_final.mp4,Healthy,90,0.016665840116005335,20.0
video148_final.mp4,Healthy,91,0.018925040549393705,20.0
video148_final.mp4,Healthy,92,0.019159452469652786,20.0
video148_final.mp4,Healthy,93,0.016967146407393597,20.0
video148_final.mp4,Healthy,94,0.005796534117555899,20.0
video148_final.mp4,Healthy,95,0.0201322664897567,20.0
video148_final.mp4,Healthy,96,0.006775854873642921,20.0
video148_final.mp4,Healthy,97,0.008060278384426946,20.0
video148_final.mp4,Healthy,98,0.008495464281250812,20.0
video148_final.mp4,Healthy,99,0.007977373030431062,20.0
video148_final.mp4,Healthy,100,0.011140328281864889,20.0
video184_final.mp4,Healthy,1,0.0,20.0
video184_final.mp4,Healthy,2,0.016915920563840885,20.0
video184_final.mp4,Healthy,3,0.028495642452993894,20.0
video184_final.mp4,Healthy,4,0.03729682207429844,20.0
video184_final.mp4,Healthy,5,0.007849115811311817,20.0
video184_final.mp4,Healthy,6,0.01922888521885012,20.0
video184_final.mp4,Healthy,7,0.00943417087297828,20.0
video184_final.mp4,Healthy,8,0.03413790447546297,20.0
video184_final.mp4,Healthy,9,0.02196410506572033,20.0
video184_final.mp4,Healthy,10,0.0214720177434902,20.0
video184_final.mp4,Healthy,11,0.019559625098004157,20.0
video184_final.mp4,Healthy,12,0.015221751978701478,20.0
video184_final.mp4,Healthy,13,0.01015933851785031,20.0
video184_final.mp4,Healthy,14,0.003706104682314497,20.0
video184_final.mp4,Healthy,15,0.007717745210145678,20.0
video184_final.mp4,Healthy,16,0.021112740679295413,20.0
video184_final.mp4,Healthy,17,0.019342970663954694,20.0
video184_final.mp4,Healthy,18,0.0138699676545592,20.0
video184_final.mp4,Healthy,19,0.007126175788716107,20.0
video184_final.mp4,Healthy,20,0.01618899504992539,20.0
video184_final.mp4,Healthy,21,0.016509015804048958,20.0
video184_final.mp4,Healthy,22,0.016298829074152435,20.0
video184_final.mp4,Healthy,23,0.015578541568771304,20.0
video184_final.mp4,Healthy,24,0.01807752714739002,20.0
video184_final.mp4,Healthy,25,0.005369302834066773,20.0
video184_final.mp4,Healthy,26,0.04658414058917767,20.0
video184_final.mp4,Healthy,27,0.02680860959004943,20.0
video184_final.mp4,Healthy,28,0.00799688355873121,20.0
video184_final.mp4,Healthy,29,0.006315284186074421,20.0
video184_final.mp4,Healthy,30,0.0209336941484,20.0
video184_final.mp4,Healthy,31,0.030609034771378957,20.0
video184_final.mp4,Healthy,32,0.01985495145552745,20.0
video184_final.mp4,Healthy,33,0.020221419265012395,20.0
video184_final.mp4,Healthy,34,0.03334560914512951,20.0
video184_final.mp4,Healthy,35,0.03195863837360598,20.0
video184_final.mp4,Healthy,36,0.009662544284720425,20.0
video184_final.mp4,Healthy,37,0.016833924302124614,20.0
video184_final.mp4,Healthy,38,0.025442267798950067,20.0
video184_final.mp4,Healthy,39,0.018604974560906786,20.0
video184_final.mp4,Healthy,40,0.026400781407691424,20.0
video184_final.mp4,Healthy,41,0.009669628136271072,20.0
video184_final.mp4,Healthy,42,0.025142866110956272,20.0
video184_final.mp4,Healthy,43,0.009786321203514015,20.0
video184_final.mp4,Healthy,44,0.009166941216547075,20.0
video184_final.mp4,Healthy,45,0.021862459930979572,20.0
video184_final.mp4,Healthy,46,0.02269338249381717,20.0
video184_final.mp4,Healthy,47,0.010860456079208212,20.0
video184_final.mp4,Healthy,48,0.04695591626109316,20.0
video184_final.mp4,Healthy,49,0.020770203873493057,20.0
video184_final.mp4,Healthy,50,0.0403633798593642,20.0
video184_final.mp4,Healthy,51,0.0172543674729984,20.0
video184_final.mp4,Healthy,52,0.008662848381163737,20.0
video184_final.mp4,Healthy,53,0.003429665404961969,20.0
video184_final.mp4,Healthy,54,0.005532475867308771,20.0
video184_final.mp4,Healthy,55,0.00512902023855664,20.0
video184_final.mp4,Healthy,56,0.009971600567522308,20.0
video184_final.mp4,Healthy,57,0.01451897203593793,20.0
video184_final.mp4,Healthy,58,0.01234123953535255,20.0
video184_final.mp4,Healthy,59,0.0009464673480680793,20.0
video184_final.mp4,Healthy,60,0.022044720474122453,20.0
video184_final.mp4,Healthy,61,0.02165482241313783,20.0
video184_final.mp4,Healthy,62,0.0282266975853637,20.0
video184_final.mp4,Healthy,63,0.009177768017790378,20.0
video184_final.mp4,Healthy,64,0.041957858116710205,20.0
video184_final.mp4,Healthy,65,0.03331222740755181,20.0
video184_final.mp4,Healthy,66,0.007321739060265017,20.0
video184_final.mp4,Healthy,67,0.05394231509235801,20.0
video184_final.mp4,Healthy,68,0.03102472266643945,20.0
video184_final.mp4,Healthy,69,0.010125484465041197,20.0
video184_final.mp4,Healthy,70,0.024002706600068296,20.0
video184_final.mp4,Healthy,71,0.018135950020955333,20.0
video184_final.mp4,Healthy,72,0.007710002302030066,20.0
video184_final.mp4,Healthy,73,0.009921567739717592,20.0
video184_final.mp4,Healthy,74,0.014306468974752804,20.0
video184_final.mp4,Healthy,75,0.011193928702438025,20.0
video184_final.mp4,Healthy,76,0.007744251691689814,20.0
video184_final.mp4,Healthy,77,0.007815662216224421,20.0
video184_final.mp4,Healthy,78,0.00814425876420461,20.0
video184_final.mp4,Healthy,79,0.006120592884675451,20.0
video184_final.mp4,Healthy,80,0.007083996306976788,20.0
video184_final.mp4,Healthy,81,0.011496333477529406,20.0
video184_final.mp4,Healthy,82,0.010454778963524793,20.0
video184_final.mp4,Healthy,83,0.003541926060747826,20.0
video184_final.mp4,Healthy,84,0.008417812007549838,20.0
video184_final.mp4,Healthy,85,0.0015956770480936475,20.0
video184_final.mp4,Healthy,86,0.005961898618826689,20.0
video184_final.mp4,Healthy,87,0.008301127306149127,20.0
video184_final.mp4,Healthy,88,0.00824996809391659,20.0
video184_final.mp4,Healthy,89,0.010390625107513698,20.0
video184_final.mp4,Healthy,90,0.008707296101678634,20.0
video184_final.mp4,Healthy,91,0.004576638848609819,20.0
video184_final.mp4,Healthy,92,0.012270899409814419,20.0
video184_final.mp4,Healthy,93,0.007295247496030251,20.0
video184_final.mp4,Healthy,94,0.005171817467098532,20.0
video184_final.mp4,Healthy,95,0.002536380228803499,20.0
video184_final.mp4,Healthy,96,0.01083150923833442,20.0
video184_final.mp4,Healthy,97,0.008395592912964992,20.0
video184_final.mp4,Healthy,98,0.011808508949902007,20.0
video184_final.mp4,Healthy,99,0.005792631771664687,20.0
video184_final.mp4,Healthy,100,0.00332186492341969,20.0
video185_final.mp4,Healthy,1,0.0,20.0
video185_final.mp4,Healthy,2,0.011530641276493156,20.0
video185_final.mp4,Healthy,3,0.005620786202631952,20.0
video185_final.mp4,Healthy,4,0.009424260238108518,20.0
video185_final.mp4,Healthy,5,0.005802132132411114,20.0
video185_final.mp4,Healthy,6,0.014379522209708126,20.0
video185_final.mp4,Healthy,7,0.011330761349127147,20.0
video185_final.mp4,Healthy,8,0.01297365287353048,20.0
video185_final.mp4,Healthy,9,0.008654771070968688,20.0
video185_final.mp4,Healthy,10,0.016533803979771496,20.0
video185_final.mp4,Healthy,11,0.010362779670514091,20.0
video185_final.mp4,Healthy,12,0.009903467284118282,20.0
video185_final.mp4,Healthy,13,0.006316351762332757,20.0
video185_final.mp4,Healthy,14,0.006675786705411479,20.0
video185_final.mp4,Healthy,15,0.009658001239884762,20.0
video185_final.mp4,Healthy,16,0.009618761964798429,20.0
video185_final.mp4,Healthy,17,0.014866519374329182,20.0
video185_final.mp4,Healthy,18,0.05180758775041728,20.0
video185_final.mp4,Healthy,19,0.05491961858592634,20.0
video185_final.mp4,Healthy,20,0.03819254032068207,20.0
video185_final.mp4,Healthy,21,0.02832944334078898,20.0
video185_final.mp4,Healthy,22,0.042200088560729314,20.0
video185_final.mp4,Healthy,23,0.035291792723974494,20.0
video185_final.mp4,Healthy,24,0.05041816778385124,20.0
video185_final.mp4,Healthy,25,0.023892175356306455,20.0
video185_final.mp4,Healthy,26,0.026922802096054355,20.0
video185_final.mp4,Healthy,27,0.013739475137363262,20.0
video185_final.mp4,Healthy,28,0.0122012293700361,20.0
video185_final.mp4,Healthy,29,0.004453861335640758,20.0
video185_final.mp4,Healthy,30,0.004477885209130735,20.0
video185_final.mp4,Healthy,31,0.006972721964156866,20.0
video185_final.mp4,Healthy,32,0.008800740961169142,20.0
video185_final.mp4,Healthy,33,0.0046075975739806995,20.0
video185_final.mp4,Healthy,34,0.001609991361789044,20.0
video185_final.mp4,Healthy,35,0.003000307473294317,20.0
video185_final.mp4,Healthy,36,0.005558793005032803,20.0
video185_final.mp4,Healthy,37,0.0026952858308879773,20.0
video185_final.mp4,Healthy,38,0.0023775115825704946,20.0
video185_final.mp4,Healthy,39,0.004250508178484239,20.0
video185_final.mp4,Healthy,40,0.01285165750943438,20.0
video185_final.mp4,Healthy,41,0.01714004911325535,20.0
video185_final.mp4,Healthy,42,0.013309187564549137,20.0
video185_final.mp4,Healthy,43,0.003346433027889147,20.0
video185_final.mp4,Healthy,44,0.005321108684832748,20.0
video185_final.mp4,Healthy,45,0.001714353053535563,20.0
video185_final.mp4,Healthy,46,0.015390950346810239,20.0
video185_final.mp4,Healthy,47,0.004806954674362201,20.0
video185_final.mp4,Healthy,48,0.019575061354166454,20.0
video185_final.mp4,Healthy,49,0.015009019026232846,20.0
video185_final.mp4,Healthy,50,0.027544715361378577,20.0
video185_final.mp4,Healthy,51,0.012615613900029828,20.0
video185_final.mp4,Healthy,52,0.0037864329275541678,20.0
video185_final.mp4,Healthy,53,0.010903946117027481,20.0
video185_final.mp4,Healthy,54,0.022095866756116748,20.0
video185_final.mp4,Healthy,55,0.022304701313759067,20.0
video185_final.mp4,Healthy,56,0.006362771365301349,20.0
video185_final.mp4,Healthy,57,0.003067478926145027,20.0
video185_final.mp4,Healthy,58,0.010434032563333537,20.0
video185_final.mp4,Healthy,59,0.005845004309285896,20.0
video185_final.mp4,Healthy,60,0.013319971601113902,20.0
video185_final.mp4,Healthy,61,0.007532748852777004,20.0
video185_final.mp4,Healthy,62,0.019565386392782977,20.0
video185_final.mp4,Healthy,63,0.008749333902961443,20.0
video185_final.mp4,Healthy,64,0.009503604195194278,20.0
video185_final.mp4,Healthy,65,0.01200961168481745,20.0
video185_final.mp4,Healthy,66,0.01737233940777714,20.0
video185_final.mp4,Healthy,67,0.02588579341444403,20.0
video185_final.mp4,Healthy,68,0.03277947060855083,20.0
video185_final.mp4,Healthy,69,0.02515833729252774,20.0
video185_final.mp4,Healthy,70,0.022600489509283835,20.0
video185_final.mp4,Healthy,71,0.015186629331710623,20.0
video185_final.mp4,Healthy,72,0.009828423158210954,20.0
video185_final.mp4,Healthy,73,0.012525923578491796,20.0
video185_final.mp4,Healthy,74,0.01625320742413838,20.0
video185_final.mp4,Healthy,75,0.0139901489125517,20.0
video185_final.mp4,Healthy,76,0.01206817494386885,20.0
video185_final.mp4,Healthy,77,0.00810041021151975,20.0
video185_final.mp4,Healthy,78,0.01566698541569894,20.0
video185_final.mp4,Healthy,79,0.012917914658575709,20.0
video185_final.mp4,Healthy,80,0.03155792343032601,20.0
video185_final.mp4,Healthy,81,0.018355217760073633,20.0
video185_final.mp4,Healthy,82,0.009289404581096224,20.0
video185_final.mp4,Healthy,83,0.015837049473894374,20.0
video185_final.mp4,Healthy,84,0.0039046937006921834,20.0
video185_final.mp4,Healthy,85,0.007556719594044206,20.0
video185_final.mp4,Healthy,86,0.009264786404010376,20.0
video185_final.mp4,Healthy,87,0.009780334241084694,20.0
video185_final.mp4,Healthy,88,0.006538701475730176,20.0
video185_final.mp4,Healthy,89,0.00483310705502864,20.0
video185_final.mp4,Healthy,90,0.011483425237932061,20.0
video185_final.mp4,Healthy,91,0.018615742567250366,20.0
video185_final.mp4,Healthy,92,0.01578182158375488,20.0
video185_final.mp4,Healthy,93,0.011958146700182637,20.0
video185_final.mp4,Healthy,94,0.009764142699233624,20.0
video185_final.mp4,Healthy,95,0.013379292910781914,20.0
video185_final.mp4,Healthy,96,0.018158592667417605,20.0
video185_final.mp4,Healthy,97,0.012723743359989869,20.0
video185_final.mp4,Healthy,98,0.012689298231893806,20.0
video185_final.mp4,Healthy,99,0.004025955196495442,20.0
video185_final.mp4,Healthy,100,0.01555507503663348,20.0
video190_final.mp4,Healthy,1,0.0,20.0
video190_final.mp4,Healthy,2,0.02723508563905044,20.0
video190_final.mp4,Healthy,3,0.058792042434307856,20.0
video190_final.mp4,Healthy,4,0.0776815704310885,20.0
video190_final.mp4,Healthy,5,0.041685500185312835,20.0
video190_final.mp4,Healthy,6,0.03720489422849953,20.0
video190_final.mp4,Healthy,7,0.017055004776884382,20.0
video190_final.mp4,Healthy,8,0.017560660301286987,20.0
video190_final.mp4,Healthy,9,0.007545961255672307,20.0
video190_final.mp4,Healthy,10,0.0191694710609028,20.0
video190_final.mp4,Healthy,11,0.030361297316910778,20.0
video190_final.mp4,Healthy,12,0.03919993343853149,20.0
video190_final.mp4,Healthy,13,0.036172826709592834,20.0
video190_final.mp4,Healthy,14,0.023091227516162105,20.0
video190_final.mp4,Healthy,15,0.0192098089881662,20.0
video190_final.mp4,Healthy,16,0.012344124230999056,20.0
video190_final.mp4,Healthy,17,0.010640360975561057,20.0
video190_final.mp4,Healthy,18,0.00810416138597379,20.0
video190_final.mp4,Healthy,19,0.013645763204225534,20.0
video190_final.mp4,Healthy,20,0.015804118359364714,20.0
video190_final.mp4,Healthy,21,0.0028663665048280097,20.0
video190_final.mp4,Healthy,22,0.0030447486314641716,20.0
video190_final.mp4,Healthy,23,0.0028841251410447323,20.0
video190_final.mp4,Healthy,24,0.005828600106085075,20.0
video190_final.mp4,Healthy,25,0.002145077146746467,20.0
video190_final.mp4,Healthy,26,0.005265717237240414,20.0
video190_final.mp4,Healthy,27,0.00689952851039727,20.0
video190_final.mp4,Healthy,28,0.004573553587651736,20.0
video190_final.mp4,Healthy,29,0.007328007899035396,20.0
video190_final.mp4,Healthy,30,0.003717636611696473,20.0
video190_final.mp4,Healthy,31,0.004063038479885275,20.0
video190_final.mp4,Healthy,32,0.007558457580570132,20.0
video190_final.mp4,Healthy,33,0.018966591009637032,20.0
video190_final.mp4,Healthy,34,0.0684517817317804,20.0
video190_final.mp4,Healthy,35,0.05135663735623136,20.0
video190_final.mp4,Healthy,36,0.056430413492449066,20.0
video190_final.mp4,Healthy,37,0.03285541639042658,20.0
video190_final.mp4,Healthy,38,0.01832010637882629,20.0
video190_final.mp4,Healthy,39,0.02052404850940812,20.0
video190_final.mp4,Healthy,40,0.012915814409318905,20.0
video190_final.mp4,Healthy,41,0.010860410294405006,20.0
video190_final.mp4,Healthy,42,0.015625011146566923,20.0
video190_final.mp4,Healthy,43,0.03720320909301988,20.0
video190_final.mp4,Healthy,44,0.010026892710981608,20.0
video190_final.mp4,Healthy,45,0.033037189748252815,20.0
video190_final.mp4,Healthy,46,0.04411234798026818,20.0
video190_final.mp4,Healthy,47,0.01702709499078884,20.0
video190_final.mp4,Healthy,48,0.01725807274707264,20.0
video190_final.mp4,Healthy,49,0.011418539001431338,20.0
video190_final.mp4,Healthy,50,0.008453470375079142,20.0
video190_final.mp4,Healthy,51,0.01654205587098563,20.0
video190_final.mp4,Healthy,52,0.014495924660718508,20.0
video190_final.mp4,Healthy,53,0.008343956866970039,20.0
video190_final.mp4,Healthy,54,0.015023974238897201,20.0
video190_final.mp4,Healthy,55,0.003438403799774401,20.0
video190_final.mp4,Healthy,56,0.011978035952354572,20.0
video190_final.mp4,Healthy,57,0.02374011346193545,20.0
video190_final.mp4,Healthy,58,0.029795889368014052,20.0
video190_final.mp4,Healthy,59,0.07843228008296048,20.0
video190_final.mp4,Healthy,60,0.048758289507405274,20.0
video190_final.mp4,Healthy,61,0.02238156234612411,20.0
video190_final.mp4,Healthy,62,0.006879481956466584,20.0
video190_final.mp4,Healthy,63,0.003434493666713201,20.0
video190_final.mp4,Healthy,64,0.010652919440725652,20.0
video190_final.mp4,Healthy,65,0.006233346500755057,20.0
video190_final.mp4,Healthy,66,0.010828717458636077,20.0
video190_final.mp4,Healthy,67,0.016979569356201957,20.0
video190_final.mp4,Healthy,68,0.011656444428428952,20.0
video190_final.mp4,Healthy,69,0.007117720092422682,20.0
video190_final.mp4,Healthy,70,0.014051623159289019,20.0
video190_final.mp4,Healthy,71,0.010176883176625845,20.0
video190_final.mp4,Healthy,72,0.003842141801233857,20.0
video190_final.mp4,Healthy,73,0.012488511081684457,20.0
video190_final.mp4,Healthy,74,0.017735502053391132,20.0
video190_final.mp4,Healthy,75,0.008084111789683641,20.0
video190_final.mp4,Healthy,76,0.02310505920901425,20.0
video190_final.mp4,Healthy,77,0.044855741232593206,20.0
video190_final.mp4,Healthy,78,0.019270566918998824,20.0
video190_final.mp4,Healthy,79,0.034754356544979395,20.0
video190_final.mp4,Healthy,80,0.018001099947368728,20.0
video190_final.mp4,Healthy,81,0.004224799282774353,20.0
video190_final.mp4,Healthy,82,0.020127772552202175,20.0
video190_final.mp4,Healthy,83,0.0243964280924184,20.0
video190_final.mp4,Healthy,84,0.05238251625266576,20.0
video190_final.mp4,Healthy,85,0.01145491888229692,20.0
video190_final.mp4,Healthy,86,0.01346291884008837,20.0
video190_final.mp4,Healthy,87,0.0182834951667953,20.0
video190_final.mp4,Healthy,88,0.004534178186400046,20.0
video190_final.mp4,Healthy,89,0.007117174291314342,20.0
video190_final.mp4,Healthy,90,0.004877554243438586,20.0
video190_final.mp4,Healthy,91,0.01322600043046338,20.0
video190_final.mp4,Healthy,92,0.008949050252432925,20.0
video190_final.mp4,Healthy,93,0.022542036260609712,20.0
video190_final.mp4,Healthy,94,0.017645046850914184,20.0
video190_final.mp4,Healthy,95,0.02032393152173442,20.0
video190_final.mp4,Healthy,96,0.015334368836691134,20.0
video190_final.mp4,Healthy,97,0.00939709702588963,20.0
video190_final.mp4,Healthy,98,0.003317405439669933,20.0
video190_final.mp4,Healthy,99,0.011190904887242574,20.0
video190_final.mp4,Healthy,100,0.013527801886438852,20.0
video191_final.mp4,Healthy,1,0.0,20.0
video191_final.mp4,Healthy,2,0.006429863396516109,20.0
video191_final.mp4,Healthy,3,0.01646369106457282,20.0
video191_final.mp4,Healthy,4,0.019606910408726693,20.0
video191_final.mp4,Healthy,5,0.017650649232586912,20.0
video191_final.mp4,Healthy,6,0.02006462102531908,20.0
video191_final.mp4,Healthy,7,0.017135511511997912,20.0
video191_final.mp4,Healthy,8,0.011333714731634236,20.0
video191_final.mp4,Healthy,9,0.01713961104523873,20.0
video191_final.mp4,Healthy,10,0.009793458948366371,20.0
video191_final.mp4,Healthy,11,0.014086720747615319,20.0
video191_final.mp4,Healthy,12,0.014163266566708327,20.0
video191_final.mp4,Healthy,13,0.016130682454626486,20.0
video191_final.mp4,Healthy,14,0.012861518211625072,20.0
video191_final.mp4,Healthy,15,0.011150326170086057,20.0
video191_final.mp4,Healthy,16,0.016692842785924204,20.0
video191_final.mp4,Healthy,17,0.00838591656059061,20.0
video191_final.mp4,Healthy,18,0.0062799430982204175,20.0
video191_final.mp4,Healthy,19,0.005298876584830488,20.0
video191_final.mp4,Healthy,20,0.003648797191693141,20.0
video191_final.mp4,Healthy,21,0.00507515579298501,20.0
video191_final.mp4,Healthy,22,0.006951711829966219,20.0
video191_final.mp4,Healthy,23,0.0029623724682831427,20.0
video191_final.mp4,Healthy,24,0.005237173977510758,20.0
video191_final.mp4,Healthy,25,0.009995435457739931,20.0
video191_final.mp4,Healthy,26,0.005253246069093461,20.0
video191_final.mp4,Healthy,27,0.006388417007804836,20.0
video191_final.mp4,Healthy,28,0.002873547866222867,20.0
video191_final.mp4,Healthy,29,0.007637477954629143,20.0
video191_final.mp4,Healthy,30,0.00918602365013496,20.0
video191_final.mp4,Healthy,31,0.003788827738168836,20.0
video191_final.mp4,Healthy,32,0.015458409566438264,20.0
video191_final.mp4,Healthy,33,0.02728919510212968,20.0
video191_final.mp4,Healthy,34,0.01585855588013019,20.0
video191_final.mp4,Healthy,35,0.007844904555051898,20.0
video191_final.mp4,Healthy,36,0.003223864938719902,20.0
video191_final.mp4,Healthy,37,0.007709445803386897,20.0
video191_final.mp4,Healthy,38,0.006198032308685813,20.0
video191_final.mp4,Healthy,39,0.004550504423908813,20.0
video191_final.mp4,Healthy,40,0.006324231084123264,20.0
video191_final.mp4,Healthy,41,0.004989712210510081,20.0
video191_final.mp4,Healthy,42,0.003169933887177736,20.0
video191_final.mp4,Healthy,43,0.002075363188528638,20.0
video191_final.mp4,Healthy,44,0.007318924104832234,20.0
video191_final.mp4,Healthy,45,0.0038061891058482704,20.0
video191_final.mp4,Healthy,46,0.0049488840241641895,20.0
video191_final.mp4,Healthy,47,0.0056150492453188395,20.0
video191_final.mp4,Healthy,48,0.002304416595152382,20.0
video191_final.mp4,Healthy,49,0.011889193986626335,20.0
video191_final.mp4,Healthy,50,0.012596846600575964,20.0
video191_final.mp4,Healthy,51,0.00427068796721732,20.0
video191_final.mp4,Healthy,52,0.004207162031081553,20.0
video191_final.mp4,Healthy,53,0.003598589547869576,20.0
video191_final.mp4,Healthy,54,0.00789830193611052,20.0
video191_final.mp4,Healthy,55,0.006338810546274956,20.0
video191_final.mp4,Healthy,56,0.0065220864294565604,20.0
video191_final.mp4,Healthy,57,0.004335940998858079,20.0
video191_final.mp4,Healthy,58,0.005716321963444384,20.0
video191_final.mp4,Healthy,59,0.004291460039159977,20.0
video191_final.mp4,Healthy,60,0.0033292653350283897,20.0
video191_final.mp4,Healthy,61,0.005241712357431933,20.0
video191_final.mp4,Healthy,62,0.002575923338298173,20.0
video191_final.mp4,Healthy,63,0.007522040841494365,20.0
video191_final.mp4,Healthy,64,0.0033128161265964843,20.0
video191_final.mp4,Healthy,65,0.0029369775774470176,20.0
video191_final.mp4,Healthy,66,0.003154365553726005,20.0
video191_final.mp4,Healthy,67,0.003284585475443583,20.0
video191_final.mp4,Healthy,68,0.004461566383937806,20.0
video191_final.mp4,Healthy,69,0.007245884705608306,20.0
video191_final.mp4,Healthy,70,0.007090035198480332,20.0
video191_final.mp4,Healthy,71,0.003777205633509409,20.0
video191_final.mp4,Healthy,72,0.008583290511598032,20.0
video191_final.mp4,Healthy,73,0.02539529481496736,20.0
video191_final.mp4,Healthy,74,0.019911037824565724,20.0
video191_final.mp4,Healthy,75,0.011284868193146303,20.0
video191_final.mp4,Healthy,76,0.012414387010533772,20.0
video191_final.mp4,Healthy,77,0.007218252316864549,20.0
video191_final.mp4,Healthy,78,0.008615660975169656,20.0
video191_final.mp4,Healthy,79,0.01819727745053798,20.0
video191_final.mp4,Healthy,80,0.006294506289587973,20.0
video191_final.mp4,Healthy,81,0.0016893946332595846,20.0
video191_final.mp4,Healthy,82,0.002383536416967004,20.0
video191_final.mp4,Healthy,83,0.013296628849968692,20.0
video191_final.mp4,Healthy,84,0.022798105248736645,20.0
video191_final.mp4,Healthy,85,0.008515485864986816,20.0
video191_final.mp4,Healthy,86,0.013915262345023945,20.0
video191_final.mp4,Healthy,87,0.009121840482681417,20.0
video191_final.mp4,Healthy,88,0.006647899382518376,20.0
video191_final.mp4,Healthy,89,0.009625320249814153,20.0
video191_final.mp4,Healthy,90,0.00606260693983221,20.0
video191_final.mp4,Healthy,91,0.024829911723768094,20.0
video191_final.mp4,Healthy,92,0.011267382895109613,20.0
video191_final.mp4,Healthy,93,0.004882578208966221,20.0
video191_final.mp4,Healthy,94,0.031006534481134076,20.0
video191_final.mp4,Healthy,95,0.010150594085386298,20.0
video191_final.mp4,Healthy,96,0.006627533656815623,20.0
video191_final.mp4,Healthy,97,0.0032827660123732334,20.0
video191_final.mp4,Healthy,98,0.010271691641231642,20.0
video191_final.mp4,Healthy,99,0.005098916144731465,20.0
video191_final.mp4,Healthy,100,0.008220824161379212,20.0
video192_final.mp4,Healthy,1,0.0,20.0
video192_final.mp4,Healthy,2,0.009246014014226605,20.0
video192_final.mp4,Healthy,3,0.006116745070419872,20.0
video192_final.mp4,Healthy,4,0.019403310659482614,20.0
video192_final.mp4,Healthy,5,0.015870195148754828,20.0
video192_final.mp4,Healthy,6,0.020611449166225124,20.0
video192_final.mp4,Healthy,7,0.006898571140842362,20.0
video192_final.mp4,Healthy,8,0.010552704127610913,20.0
video192_final.mp4,Healthy,9,0.019756472890752295,20.0
video192_final.mp4,Healthy,10,0.02665082664378791,20.0
video192_final.mp4,Healthy,11,0.014981363953105667,20.0
video192_final.mp4,Healthy,12,0.01416657389320261,20.0
video192_final.mp4,Healthy,13,0.008975840207275957,20.0
video192_final.mp4,Healthy,14,0.02373644043759339,20.0
video192_final.mp4,Healthy,15,0.02808768071757306,20.0
video192_final.mp4,Healthy,16,0.030161461310951352,20.0
video192_final.mp4,Healthy,17,0.019764346751779256,20.0
video192_final.mp4,Healthy,18,0.01130512053417633,20.0
video192_final.mp4,Healthy,19,0.008325763224133002,20.0
video192_final.mp4,Healthy,20,0.006635433507697308,20.0
video192_final.mp4,Healthy,21,0.012799260645657354,20.0
video192_final.mp4,Healthy,22,0.009513612593609277,20.0
video192_final.mp4,Healthy,23,0.006007135386367844,20.0
video192_final.mp4,Healthy,24,0.011343496008894602,20.0
video192_final.mp4,Healthy,25,0.002142529168010911,20.0
video192_final.mp4,Healthy,26,0.00421320690500901,20.0
video192_final.mp4,Healthy,27,0.006944890970627723,20.0
video192_final.mp4,Healthy,28,0.004709009058382111,20.0
video192_final.mp4,Healthy,29,0.015205689101097875,20.0
video192_final.mp4,Healthy,30,0.00778589832047541,20.0
video192_final.mp4,Healthy,31,0.0226940708311867,20.0
video192_final.mp4,Healthy,32,0.02776139674268333,20.0
video192_final.mp4,Healthy,33,0.02494893472695431,20.0
video192_final.mp4,Healthy,34,0.0363676511754308,20.0
video192_final.mp4,Healthy,35,0.02518289229912896,20.0
video192_final.mp4,Healthy,36,0.006763402446100966,20.0
video192_final.mp4,Healthy,37,0.004112513971352881,20.0
video192_final.mp4,Healthy,38,0.004704420260282927,20.0
video192_final.mp4,Healthy,39,0.023399215990194223,20.0
video192_final.mp4,Healthy,40,0.02215195575852559,20.0
video192_final.mp4,Healthy,41,0.023708332964974904,20.0
video192_final.mp4,Healthy,42,0.018605531287716318,20.0
video192_final.mp4,Healthy,43,0.026208366590388055,20.0
video192_final.mp4,Healthy,44,0.033431031539828085,20.0
video192_final.mp4,Healthy,45,0.02495970220850395,20.0
video192_final.mp4,Healthy,46,0.025575123241156728,20.0
video192_final.mp4,Healthy,47,0.02328197726025374,20.0
video192_final.mp4,Healthy,48,0.015146374683433989,20.0
video192_final.mp4,Healthy,49,0.008405360271317188,20.0
video192_final.mp4,Healthy,50,0.0077678327322418415,20.0
video192_final.mp4,Healthy,51,0.004790674509825908,20.0
video192_final.mp4,Healthy,52,0.006594660425900424,20.0
video192_final.mp4,Healthy,53,0.017230774936786725,20.0
video192_final.mp4,Healthy,54,0.009334555000284737,20.0
video192_final.mp4,Healthy,55,0.020596730707688006,20.0
video192_final.mp4,Healthy,56,0.02506843273867615,20.0
video192_final.mp4,Healthy,57,0.027900422125752927,20.0
video192_final.mp4,Healthy,58,0.019477513378265775,20.0
video192_final.mp4,Healthy,59,0.030411928366096578,20.0
video192_final.mp4,Healthy,60,0.018632733917537527,20.0
video192_final.mp4,Healthy,61,0.0074403982003258635,20.0
video192_final.mp4,Healthy,62,0.0017963829949287867,20.0
video192_final.mp4,Healthy,63,0.008459226569176442,20.0
video192_final.mp4,Healthy,64,0.014095631371904798,20.0
video192_final.mp4,Healthy,65,0.0056055784219998794,20.0
video192_final.mp4,Healthy,66,0.0072306348992007,20.0
video192_final.mp4,Healthy,67,0.0065071573288813895,20.0
video192_final.mp4,Healthy,68,0.021683062552426427,20.0
video192_final.mp4,Healthy,69,0.03216285232410071,20.0
video192_final.mp4,Healthy,70,0.026953374357556657,20.0
video192_final.mp4,Healthy,71,0.028836070517636637,20.0
video192_final.mp4,Healthy,72,0.04219995132819989,20.0
video192_final.mp4,Healthy,73,0.027074975049928923,20.0
video192_final.mp4,Healthy,74,0.011471743329752338,20.0
video192_final.mp4,Healthy,75,0.020156044386978017,20.0
video192_final.mp4,Healthy,76,0.024474685827545275,20.0
video192_final.mp4,Healthy,77,0.02008645648508597,20.0
video192_final.mp4,Healthy,78,0.016625264563895556,20.0
video192_final.mp4,Healthy,79,0.021407400673427255,20.0
video192_final.mp4,Healthy,80,0.01704074034523138,20.0
video192_final.mp4,Healthy,81,0.010233894854538685,20.0
video192_final.mp4,Healthy,82,0.013558859828851374,20.0
video192_final.mp4,Healthy,83,0.023741507220251156,20.0
video192_final.mp4,Healthy,84,0.03588750028863818,20.0
video192_final.mp4,Healthy,85,0.022418774093850128,20.0
video192_final.mp4,Healthy,86,0.023358277088602386,20.0
video192_final.mp4,Healthy,87,0.014613390779841475,20.0
video192_final.mp4,Healthy,88,0.013825893279806998,20.0
video192_final.mp4,Healthy,89,0.014869119401348371,20.0
video192_final.mp4,Healthy,90,0.016361640301601674,20.0
video192_final.mp4,Healthy,91,0.0065052798974269315,20.0
video192_final.mp4,Healthy,92,0.005791382709817376,20.0
video192_final.mp4,Healthy,93,0.013343243913527128,20.0
video192_final.mp4,Healthy,94,0.02188542797186437,20.0
video192_final.mp4,Healthy,95,0.013078863878252729,20.0
video192_final.mp4,Healthy,96,0.005057868525971342,20.0
video192_final.mp4,Healthy,97,0.010937663007522974,20.0
video192_final.mp4,Healthy,98,0.005864302014505224,20.0
video192_final.mp4,Healthy,99,0.005834991779998587,20.0
video192_final.mp4,Healthy,100,0.013700354445041862,20.0
video193_final.mp4,Healthy,1,0.0,20.0
video193_final.mp4,Healthy,2,0.01206699626232415,20.0
video193_final.mp4,Healthy,3,0.01222100223760571,20.0
video193_final.mp4,Healthy,4,0.008115222545041071,20.0
video193_final.mp4,Healthy,5,0.0013530810927187987,20.0
video193_final.mp4,Healthy,6,0.0024493113081326748,20.0
video193_final.mp4,Healthy,7,0.005703856949804238,20.0
video193_final.mp4,Healthy,8,0.005438049573371293,20.0
video193_final.mp4,Healthy,9,0.02823815093533849,20.0
video193_final.mp4,Healthy,10,0.0095380428300207,20.0
video193_final.mp4,Healthy,11,0.02114972542676091,20.0
video193_final.mp4,Healthy,12,0.01131779712103368,20.0
video193_final.mp4,Healthy,13,0.009609958424469557,20.0
video193_final.mp4,Healthy,14,0.021026564731211356,20.0
video193_final.mp4,Healthy,15,0.008556911906472918,20.0
video193_final.mp4,Healthy,16,0.003150079831937106,20.0
video193_final.mp4,Healthy,17,0.005248562180263142,20.0
video193_final.mp4,Healthy,18,0.008057791928844617,20.0
video193_final.mp4,Healthy,19,0.01124965785417957,20.0
video193_final.mp4,Healthy,20,0.0041386249389505315,20.0
video193_final.mp4,Healthy,21,0.0048032410150852444,20.0
video193_final.mp4,Healthy,22,0.005553595639182976,20.0
video193_final.mp4,Healthy,23,0.006513262158746203,20.0
video193_final.mp4,Healthy,24,0.027553755320836894,20.0
video193_final.mp4,Healthy,25,0.020107167483984542,20.0
video193_final.mp4,Healthy,26,0.013171450831400125,20.0
video193_final.mp4,Healthy,27,0.025519481304724496,20.0
video193_final.mp4,Healthy,28,0.02371313338246041,20.0
video193_final.mp4,Healthy,29,0.01769999881289602,20.0
video193_final.mp4,Healthy,30,0.012121606379666775,20.0
video193_final.mp4,Healthy,31,0.02563361388428881,20.0
video193_final.mp4,Healthy,32,0.018867246702928653,20.0
video193_final.mp4,Healthy,33,0.022424946066053622,20.0
video193_final.mp4,Healthy,34,0.01819677991219008,20.0
video193_final.mp4,Healthy,35,0.006202380404298129,20.0
video193_final.mp4,Healthy,36,0.017211138939464233,20.0
video193_final.mp4,Healthy,37,0.030616283366153005,20.0
video193_final.mp4,Healthy,38,0.023878748493833674,20.0
video193_final.mp4,Healthy,39,0.021377826578171697,20.0
video193_final.mp4,Healthy,40,0.01607218119996014,20.0
video193_final.mp4,Healthy,41,0.017224214830631825,20.0
video193_final.mp4,Healthy,42,0.007702654683904904,20.0
video193_final.mp4,Healthy,43,0.007626172820191096,20.0
video193_final.mp4,Healthy,44,0.02351718114020342,20.0
video193_final.mp4,Healthy,45,0.01782377595569531,20.0
video193_final.mp4,Healthy,46,0.019309312497288532,20.0
video193_final.mp4,Healthy,47,0.012807423269250906,20.0
video193_final.mp4,Healthy,48,0.014619545071438709,20.0
video193_final.mp4,Healthy,49,0.08461069819232485,20.0
video193_final.mp4,Healthy,50,0.06769009134768149,20.0
video193_final.mp4,Healthy,51,0.040497843978740324,20.0
video193_final.mp4,Healthy,52,0.020921769651211425,20.0
video193_final.mp4,Healthy,53,0.023162479827411663,20.0
video193_final.mp4,Healthy,54,0.023492529115675138,20.0
video193_final.mp4,Healthy,55,0.021924979425373192,20.0
video193_final.mp4,Healthy,56,0.01713937545014517,20.0
video193_final.mp4,Healthy,57,0.005469027826202999,20.0
video193_final.mp4,Healthy,58,0.0323651087808404,20.0
video193_final.mp4,Healthy,59,0.03289668591350874,20.0
video193_final.mp4,Healthy,60,0.013825583082892542,20.0
video193_final.mp4,Healthy,61,0.009403186552975116,20.0
video193_final.mp4,Healthy,62,0.007398477345035845,20.0
video193_final.mp4,Healthy,63,0.0037310861936765585,20.0
video193_final.mp4,Healthy,64,0.011909656669891395,20.0
video193_final.mp4,Healthy,65,0.014597435629529016,20.0
video193_final.mp4,Healthy,66,0.005703396185081921,20.0
video193_final.mp4,Healthy,67,0.005907697781428936,20.0
video193_final.mp4,Healthy,68,0.00358806088389177,20.0
video193_final.mp4,Healthy,69,0.005852341701757892,20.0
video193_final.mp4,Healthy,70,0.005312792449901897,20.0
video193_final.mp4,Healthy,71,0.007393976745629173,20.0
video193_final.mp4,Healthy,72,0.0028799998725714863,20.0
video193_final.mp4,Healthy,73,0.007778710966350949,20.0
video193_final.mp4,Healthy,74,0.02968662088268678,20.0
video193_final.mp4,Healthy,75,0.02813620156125016,20.0
video193_final.mp4,Healthy,76,0.008496041829072877,20.0
video193_final.mp4,Healthy,77,0.01492557469917463,20.0
video193_final.mp4,Healthy,78,0.014849393836423997,20.0
video193_final.mp4,Healthy,79,0.01970900886488995,20.0
video193_final.mp4,Healthy,80,0.017524332396786916,20.0
video193_final.mp4,Healthy,81,0.010949082180791145,20.0
video193_final.mp4,Healthy,82,0.005937058342676831,20.0
video193_final.mp4,Healthy,83,0.00392160820304734,20.0
video193_final.mp4,Healthy,84,0.014948030047217323,20.0
video193_final.mp4,Healthy,85,0.01562358966490515,20.0
video193_final.mp4,Healthy,86,0.019680151327905192,20.0
video193_final.mp4,Healthy,87,0.0102847617934003,20.0
video193_final.mp4,Healthy,88,0.015518350796092192,20.0
video193_final.mp4,Healthy,89,0.023202411072908283,20.0
video193_final.mp4,Healthy,90,0.012173196856250559,20.0
video193_final.mp4,Healthy,91,0.003905743399612421,20.0
video193_final.mp4,Healthy,92,0.01070007872923256,20.0
video193_final.mp4,Healthy,93,0.013198253813657959,20.0
video193_final.mp4,Healthy,94,0.028293879736258687,20.0
video193_final.mp4,Healthy,95,0.013210046009973697,20.0
video193_final.mp4,Healthy,96,0.00614632487178568,20.0
video193_final.mp4,Healthy,97,0.003596071124928432,20.0
video193_final.mp4,Healthy,98,0.00830937031448175,20.0
video193_final.mp4,Healthy,99,0.011367692617010735,20.0
video193_final.mp4,Healthy,100,0.01376732249514473,20.0
video194_final.mp4,Healthy,1,0.0,20.0
video194_final.mp4,Healthy,2,0.0054116755501810825,20.0
video194_final.mp4,Healthy,3,0.0027115040851174604,20.0
video194_final.mp4,Healthy,4,0.0804055405305942,20.0
video194_final.mp4,Healthy,5,0.02780117301275112,20.0
video194_final.mp4,Healthy,6,0.014896756965971763,20.0
video194_final.mp4,Healthy,7,0.005744023486801575,20.0
video194_final.mp4,Healthy,8,0.00776461559960926,20.0
video194_final.mp4,Healthy,9,0.020739253058194653,20.0
video194_final.mp4,Healthy,10,0.007057470923176116,20.0
video194_final.mp4,Healthy,11,0.004971161609118328,20.0
video194_final.mp4,Healthy,12,0.0018140064221565935,20.0
video194_final.mp4,Healthy,13,0.006850350746080473,20.0
video194_final.mp4,Healthy,14,0.008015670613009283,20.0
video194_final.mp4,Healthy,15,0.011025729127000677,20.0
video194_final.mp4,Healthy,16,0.006901130772278058,20.0
video194_final.mp4,Healthy,17,0.0041635006350487485,20.0
video194_final.mp4,Healthy,18,0.007118022024034523,20.0
video194_final.mp4,Healthy,19,0.010504116710871751,20.0
video194_final.mp4,Healthy,20,0.010912675442032886,20.0
video194_final.mp4,Healthy,21,0.003935751343107383,20.0
video194_final.mp4,Healthy,22,0.009692250425833578,20.0
video194_final.mp4,Healthy,23,0.005389884709443506,20.0
video194_final.mp4,Healthy,24,0.004312293614702144,20.0
video194_final.mp4,Healthy,25,0.004035308206141716,20.0
video194_final.mp4,Healthy,26,0.0062425914899581795,20.0
video194_final.mp4,Healthy,27,0.0033387701344591183,20.0
video194_final.mp4,Healthy,28,0.007097209354099073,20.0
video194_final.mp4,Healthy,29,0.01360129549449292,20.0
video194_final.mp4,Healthy,30,0.007546486779377581,20.0
video194_final.mp4,Healthy,31,0.0061115707816692235,20.0
video194_final.mp4,Healthy,32,0.0070598716410012275,20.0
video194_final.mp4,Healthy,33,0.014634698787298506,20.0
video194_final.mp4,Healthy,34,0.016120335914014496,20.0
video194_final.mp4,Healthy,35,0.004130423624748685,20.0
video194_final.mp4,Healthy,36,0.0078255709508546,20.0
video194_final.mp4,Healthy,37,0.018655289541301804,20.0
video194_final.mp4,Healthy,38,0.007863348890876821,20.0
video194_final.mp4,Healthy,39,0.012963250834833621,20.0
video194_final.mp4,Healthy,40,0.014499037990894187,20.0
video194_final.mp4,Healthy,41,0.004660244455232146,20.0
video194_final.mp4,Healthy,42,0.003965015608317842,20.0
video194_final.mp4,Healthy,43,0.016748218663144143,20.0
video194_final.mp4,Healthy,44,0.010181184164841713,20.0
video194_final.mp4,Healthy,45,0.006214086878811989,20.0
video194_final.mp4,Healthy,46,0.005235559833083138,20.0
video194_final.mp4,Healthy,47,0.004318409543813976,20.0
video194_final.mp4,Healthy,48,0.008897502071162883,20.0
video194_final.mp4,Healthy,49,0.012536018145336328,20.0
video194_final.mp4,Healthy,50,0.016193411791863274,20.0
video194_final.mp4,Healthy,51,0.011375825515782714,20.0
video194_final.mp4,Healthy,52,0.011688761363077636,20.0
video194_final.mp4,Healthy,53,0.0205950541829186,20.0
video194_final.mp4,Healthy,54,0.008947520361387127,20.0
video194_final.mp4,Healthy,55,0.005966173987599847,20.0
video194_final.mp4,Healthy,56,0.0052889490141680056,20.0
video194_final.mp4,Healthy,57,0.005017335714553977,20.0
video194_final.mp4,Healthy,58,0.006130804646264383,20.0
video194_final.mp4,Healthy,59,0.005900965643457584,20.0
video194_final.mp4,Healthy,60,0.006214890013229524,20.0
video194_final.mp4,Healthy,61,0.011549803724197248,20.0
video194_final.mp4,Healthy,62,0.0072287641818029325,20.0
video194_final.mp4,Healthy,63,0.0093492222027239,20.0
video194_final.mp4,Healthy,64,0.006728938632546324,20.0
video194_final.mp4,Healthy,65,0.004138041009715366,20.0
video194_final.mp4,Healthy,66,0.0036556088895247298,20.0
video194_final.mp4,Healthy,67,0.005425990156477826,20.0
video194_final.mp4,Healthy,68,0.00502423431710951,20.0
video194_final.mp4,Healthy,69,0.01365975016256883,20.0
video194_final.mp4,Healthy,70,0.010768393305571932,20.0
video194_final.mp4,Healthy,71,0.002014690403353767,20.0
video194_final.mp4,Healthy,72,0.003194587588454733,20.0
video194_final.mp4,Healthy,73,0.01049204943556841,20.0
video194_final.mp4,Healthy,74,0.006396681077664609,20.0
video194_final.mp4,Healthy,75,0.0019749437922604095,20.0
video194_final.mp4,Healthy,76,0.004910139306007458,20.0
video194_final.mp4,Healthy,77,0.004481858221652613,20.0
video194_final.mp4,Healthy,78,0.003842632690033397,20.0
video194_final.mp4,Healthy,79,0.006745657499413569,20.0
video194_final.mp4,Healthy,80,0.007861494194178512,20.0
video194_final.mp4,Healthy,81,0.009520637798662435,20.0
video194_final.mp4,Healthy,82,0.009110860473242081,20.0
video194_final.mp4,Healthy,83,0.007322677741541391,20.0
video194_final.mp4,Healthy,84,0.01188180107976152,20.0
video194_final.mp4,Healthy,85,0.00819094457846461,20.0
video194_final.mp4,Healthy,86,0.00799518427032098,20.0
video194_final.mp4,Healthy,87,0.007025377418940568,20.0
video194_final.mp4,Healthy,88,0.0028435156367987297,20.0
video194_final.mp4,Healthy,89,0.01918612814605562,20.0
video194_final.mp4,Healthy,90,0.011016898804914108,20.0
video194_final.mp4,Healthy,91,0.00849610178260139,20.0
video194_final.mp4,Healthy,92,0.0049688038719714455,20.0
video194_final.mp4,Healthy,93,0.010933669560266656,20.0
video194_final.mp4,Healthy,94,0.01663622304444212,20.0
video194_final.mp4,Healthy,95,0.011341095624200001,20.0
video194_final.mp4,Healthy,96,0.006056488848011332,20.0
video194_final.mp4,Healthy,97,0.008347024725922535,20.0
video194_final.mp4,Healthy,98,0.016691649979634265,20.0
video194_final.mp4,Healthy,99,0.02375460505092427,20.0
video194_final.mp4,Healthy,100,0.01964654851815001,20.0
video195_final.mp4,Healthy,1,0.0,20.0
video195_final.mp4,Healthy,2,0.012983635901750197,20.0
video195_final.mp4,Healthy,3,0.00993791814788211,20.0
video195_final.mp4,Healthy,4,0.010284432492642458,20.0
video195_final.mp4,Healthy,5,0.004184452049247159,20.0
video195_final.mp4,Healthy,6,0.007122814709248855,20.0
video195_final.mp4,Healthy,7,0.0032847057411385066,20.0
video195_final.mp4,Healthy,8,0.008587283273037028,20.0
video195_final.mp4,Healthy,9,0.007771379210847935,20.0
video195_final.mp4,Healthy,10,0.0022228594272567077,20.0
video195_final.mp4,Healthy,11,0.006249029247497733,20.0
video195_final.mp4,Healthy,12,0.003025024333201029,20.0
video195_final.mp4,Healthy,13,0.0031495664311195506,20.0
video195_final.mp4,Healthy,14,0.012231448755615805,20.0
video195_final.mp4,Healthy,15,0.005523127551357151,20.0
video195_final.mp4,Healthy,16,0.004329174275278809,20.0
video195_final.mp4,Healthy,17,0.0036232490800396588,20.0
video195_final.mp4,Healthy,18,0.0023167441656785524,20.0
video195_final.mp4,Healthy,19,0.0011092528506735522,20.0
video195_final.mp4,Healthy,20,0.0028173961406412844,20.0
video195_final.mp4,Healthy,21,0.001310544187191425,20.0
video195_final.mp4,Healthy,22,0.0021054997167135876,20.0
video195_final.mp4,Healthy,23,0.0026523776696434713,20.0
video195_final.mp4,Healthy,24,0.0006353776690116554,20.0
video195_final.mp4,Healthy,25,0.0020184096393650202,20.0
video195_final.mp4,Healthy,26,0.004652776340608677,20.0
video195_final.mp4,Healthy,27,0.002144378017606281,20.0
video195_final.mp4,Healthy,28,0.004535087600842122,20.0
video195_final.mp4,Healthy,29,0.002917527079161762,20.0
video195_final.mp4,Healthy,30,0.0022189388102334126,20.0
video195_final.mp4,Healthy,31,0.003209992525959092,20.0
video195_final.mp4,Healthy,32,0.004619389678940541,20.0
video195_final.mp4,Healthy,33,0.006337101856714719,20.0
video195_final.mp4,Healthy,34,0.006727293221304907,20.0
video195_final.mp4,Healthy,35,0.022233566237800692,20.0
video195_final.mp4,Healthy,36,0.010875228412855644,20.0
video195_final.mp4,Healthy,37,0.0046626537997118455,20.0
video195_final.mp4,Healthy,38,0.004944263915809869,20.0
video195_final.mp4,Healthy,39,0.0028138973203827478,20.0
video195_final.mp4,Healthy,40,0.004446886710572268,20.0
video195_final.mp4,Healthy,41,0.004799981207456822,20.0
video195_final.mp4,Healthy,42,0.001999874672878753,20.0
video195_final.mp4,Healthy,43,0.001531641080049031,20.0
video195_final.mp4,Healthy,44,0.0022974926710399705,20.0
video195_final.mp4,Healthy,45,0.002778885892898026,20.0
video195_final.mp4,Healthy,46,0.005358133890179942,20.0
video195_final.mp4,Healthy,47,0.0033945717138973357,20.0
video195_final.mp4,Healthy,48,0.0036981931332246663,20.0
video195_final.mp4,Healthy,49,0.0014841732631446477,20.0
video195_final.mp4,Healthy,50,0.00692900728444971,20.0
video195_final.mp4,Healthy,51,0.005261842720818685,20.0
video195_final.mp4,Healthy,52,0.0033909943184672726,20.0
video195_final.mp4,Healthy,53,0.006519454387962194,20.0
video195_final.mp4,Healthy,54,0.004877743918756502,20.0
video195_final.mp4,Healthy,55,0.0021440242551026317,20.0
video195_final.mp4,Healthy,56,0.00726071360129388,20.0
video195_final.mp4,Healthy,57,0.0016960123757902145,20.0
video195_final.mp4,Healthy,58,0.002022122369193361,20.0
video195_final.mp4,Healthy,59,0.0022538317366640743,20.0
video195_final.mp4,Healthy,60,0.0054075225473083416,20.0
video195_final.mp4,Healthy,61,0.007138058274042943,20.0
video195_final.mp4,Healthy,62,0.00511514798573532,20.0
video195_final.mp4,Healthy,63,0.009568733076503839,20.0
video195_final.mp4,Healthy,64,0.0014527446895481928,20.0
video195_final.mp4,Healthy,65,0.005367803863986119,20.0
video195_final.mp4,Healthy,66,0.010082789050906682,20.0
video195_final.mp4,Healthy,67,0.003336218699488478,20.0
video195_final.mp4,Healthy,68,0.004073917331978972,20.0
video195_final.mp4,Healthy,69,0.004395762923965534,20.0
video195_final.mp4,Healthy,70,0.0016832051199473675,20.0
video195_final.mp4,Healthy,71,0.004341173106625267,20.0
video195_final.mp4,Healthy,72,0.0031287259745573955,20.0
video195_final.mp4,Healthy,73,0.0035637081920770353,20.0
video195_final.mp4,Healthy,74,0.008520568396682622,20.0
video195_final.mp4,Healthy,75,0.004696530658605604,20.0
video195_final.mp4,Healthy,76,0.002841510178510613,20.0
video195_final.mp4,Healthy,77,0.0031276913220589625,20.0
video195_final.mp4,Healthy,78,0.002926728934056667,20.0
video195_final.mp4,Healthy,79,0.0023045342373774307,20.0
video195_final.mp4,Healthy,80,0.0043025154051703285,20.0
video195_final.mp4,Healthy,81,0.0020355798113359793,20.0
video195_final.mp4,Healthy,82,0.0021372906004048747,20.0
video195_final.mp4,Healthy,83,0.0020723128312827607,20.0
video195_final.mp4,Healthy,84,0.0014773556353846115,20.0
video195_final.mp4,Healthy,85,0.007070533481440491,20.0
video195_final.mp4,Healthy,86,0.007082209292226745,20.0
video195_final.mp4,Healthy,87,0.008361249647673593,20.0
video195_final.mp4,Healthy,88,0.009595028406627414,20.0
video195_final.mp4,Healthy,89,0.006241539162049971,20.0
video195_final.mp4,Healthy,90,0.009621975569810268,20.0
video195_final.mp4,Healthy,91,0.007937410164448594,20.0
video195_final.mp4,Healthy,92,0.006244215204920065,20.0
video195_final.mp4,Healthy,93,0.003948713431357957,20.0
video195_final.mp4,Healthy,94,0.006728183623841508,20.0
video195_final.mp4,Healthy,95,0.003673432066736471,20.0
video195_final.mp4,Healthy,96,0.005106830890839544,20.0
video195_final.mp4,Healthy,97,0.0034683978956878843,20.0
video195_final.mp4,Healthy,98,0.004801216598278472,20.0
video195_final.mp4,Healthy,99,0.003484348535431225,20.0
video195_final.mp4,Healthy,100,0.0035819113738127964,20.0
video22_final.mp4,Healthy,1,0.0,20.0
video22_final.mp4,Healthy,2,0.006921936120476741,20.0
video22_final.mp4,Healthy,3,0.007564804115138643,20.0
video22_final.mp4,Healthy,4,0.00456093933606672,20.0
video22_final.mp4,Healthy,5,0.005734860295278946,20.0
video22_final.mp4,Healthy,6,0.005742578896715375,20.0
video22_final.mp4,Healthy,7,0.0035599385813356744,20.0
video22_final.mp4,Healthy,8,0.0050808147150385305,20.0
video22_final.mp4,Healthy,9,0.0021897971811632015,20.0
video22_final.mp4,Healthy,10,0.002871301538386004,20.0
video22_final.mp4,Healthy,11,0.004531877457869764,20.0
video22_final.mp4,Healthy,12,0.006286249729421681,20.0
video22_final.mp4,Healthy,13,0.004046316394159624,20.0
video22_final.mp4,Healthy,14,0.00587652954058331,20.0
video22_final.mp4,Healthy,15,0.005654417001700899,20.0
video22_final.mp4,Healthy,16,0.005978841021316163,20.0
video22_final.mp4,Healthy,17,0.003603078919598291,20.0
video22_final.mp4,Healthy,18,0.00250695330240428,20.0
video22_final.mp4,Healthy,19,0.00902542219754004,20.0
video22_final.mp4,Healthy,20,0.010298568043675732,20.0
video22_final.mp4,Healthy,21,0.005440044689463176,20.0
video22_final.mp4,Healthy,22,0.00650724867570494,20.0
video22_final.mp4,Healthy,23,0.0027673226832277326,20.0
video22_final.mp4,Healthy,24,0.0052094462184440376,20.0
video22_final.mp4,Healthy,25,0.004001072298535879,20.0
video22_final.mp4,Healthy,26,0.0028686222406409966,20.0
video22_final.mp4,Healthy,27,0.004354217134660291,20.0
video22_final.mp4,Healthy,28,0.026479806710683482,20.0
video22_final.mp4,Healthy,29,0.02448597551758543,20.0
video22_final.mp4,Healthy,30,0.015271260064085766,20.0
video22_final.mp4,Healthy,31,0.004184245296042489,20.0
video22_final.mp4,Healthy,32,0.006684032661295945,20.0
video22_final.mp4,Healthy,33,0.004781289486328089,20.0
video22_final.mp4,Healthy,34,0.011358726757110936,20.0
video22_final.mp4,Healthy,35,0.0033417274210679956,20.0
video22_final.mp4,Healthy,36,0.010176946395663609,20.0
video22_final.mp4,Healthy,37,0.008694039039737901,20.0
video22_final.mp4,Healthy,38,0.014310792413170036,20.0
video22_final.mp4,Healthy,39,0.010575792482776727,20.0
video22_final.mp4,Healthy,40,0.007394061140190312,20.0
video22_final.mp4,Healthy,41,0.0048332562431383265,20.0
video22_final.mp4,Healthy,42,0.004993303681920467,20.0
video22_final.mp4,Healthy,43,0.009611402786678333,20.0
video22_final.mp4,Healthy,44,0.002870252297857544,20.0
video22_final.mp4,Healthy,45,0.00288035251682598,20.0
video22_final.mp4,Healthy,46,0.0019303575648804215,20.0
video22_final.mp4,Healthy,47,0.0018385414532475063,20.0
video22_final.mp4,Healthy,48,0.004758360063667646,20.0
video22_final.mp4,Healthy,49,0.002390888201860015,20.0
video22_final.mp4,Healthy,50,0.003726765603169113,20.0
video22_final.mp4,Healthy,51,0.0031321269000329395,20.0
video22_final.mp4,Healthy,52,0.002419268067131083,20.0
video22_final.mp4,Healthy,53,0.002727960390157788,20.0
video22_final.mp4,Healthy,54,0.021959999876921866,20.0
video22_final.mp4,Healthy,55,0.018945654419626805,20.0
video22_final.mp4,Healthy,56,0.029710216086192814,20.0
video22_final.mp4,Healthy,57,0.01942897214871648,20.0
video22_final.mp4,Healthy,58,0.016572938686236088,20.0
video22_final.mp4,Healthy,59,0.008736489906354962,20.0
video22_final.mp4,Healthy,60,0.007834341575330358,20.0
video22_final.mp4,Healthy,61,0.00865541882187723,20.0
video22_final.mp4,Healthy,62,0.0027363389093931624,20.0
video22_final.mp4,Healthy,63,0.005009415041019847,20.0
video22_final.mp4,Healthy,64,0.0034758547972074355,20.0
video22_final.mp4,Healthy,65,0.007179409139527709,20.0
video22_final.mp4,Healthy,66,0.004787566056866125,20.0
video22_final.mp4,Healthy,67,0.00657277716291554,20.0
video22_final.mp4,Healthy,68,0.0018236395740508287,20.0
video22_final.mp4,Healthy,69,0.0028490777790843476,20.0
video22_final.mp4,Healthy,70,0.024028960853199503,20.0
video22_final.mp4,Healthy,71,0.01890015539462632,20.0
video22_final.mp4,Healthy,72,0.021266538159203877,20.0
video22_final.mp4,Healthy,73,0.022789922690964366,20.0
video22_final.mp4,Healthy,74,0.02070706932048414,20.0
video22_final.mp4,Healthy,75,0.020949842083958642,20.0
video22_final.mp4,Healthy,76,0.02621049222250954,20.0
video22_final.mp4,Healthy,77,0.013283321785610454,20.0
video22_final.mp4,Healthy,78,0.004689880066177676,20.0
video22_final.mp4,Healthy,79,0.005790970631388079,20.0
video22_final.mp4,Healthy,80,0.0018234699583797554,20.0
video22_final.mp4,Healthy,81,0.007976862391582676,20.0
video22_final.mp4,Healthy,82,0.024054399486012863,20.0
video22_final.mp4,Healthy,83,0.010814837354773024,20.0
video22_final.mp4,Healthy,84,0.011009328577558524,20.0
video22_final.mp4,Healthy,85,0.004350633331017465,20.0
video22_final.mp4,Healthy,86,0.010111046098460901,20.0
video22_final.mp4,Healthy,87,0.0038129492362099873,20.0
video22_final.mp4,Healthy,88,0.005761742633847616,20.0
video22_final.mp4,Healthy,89,0.0024168658155162928,20.0
video22_final.mp4,Healthy,90,0.003677247828620057,20.0
video22_final.mp4,Healthy,91,0.005916393709764691,20.0
video22_final.mp4,Healthy,92,0.005765405122850221,20.0
video22_final.mp4,Healthy,93,0.0016887146673756947,20.0
video22_final.mp4,Healthy,94,0.00946801871868783,20.0
video22_final.mp4,Healthy,95,0.016143175598354965,20.0
video22_final.mp4,Healthy,96,0.016469352572427192,20.0
video22_final.mp4,Healthy,97,0.007456498868453144,20.0
video22_final.mp4,Healthy,98,0.008703007272308766,20.0
video22_final.mp4,Healthy,99,0.006029966272293195,20.0
video22_final.mp4,Healthy,100,0.003481571271079575,20.0
video25_final.mp4,Healthy,1,0.0,20.0
video25_final.mp4,Healthy,2,0.013382652223959481,20.0
video25_final.mp4,Healthy,3,0.006045401080602871,20.0
video25_final.mp4,Healthy,4,0.006077394240323454,20.0
video25_final.mp4,Healthy,5,0.00842031907243829,20.0
video25_final.mp4,Healthy,6,0.0022724405643736595,20.0
video25_final.mp4,Healthy,7,0.0086001060973368,20.0
video25_final.mp4,Healthy,8,0.0024115288616686353,20.0
video25_final.mp4,Healthy,9,0.004051475118479224,20.0
video25_final.mp4,Healthy,10,0.006072293703883855,20.0
video25_final.mp4,Healthy,11,0.007383379825758428,20.0
video25_final.mp4,Healthy,12,0.0345441681279458,20.0
video25_final.mp4,Healthy,13,0.023726988138525928,20.0
video25_final.mp4,Healthy,14,0.029202600942079365,20.0
video25_final.mp4,Healthy,15,0.020893451012546277,20.0
video25_final.mp4,Healthy,16,0.007890215057367124,20.0
video25_final.mp4,Healthy,17,0.01476226356580571,20.0
video25_final.mp4,Healthy,18,0.021843238505912115,20.0
video25_final.mp4,Healthy,19,0.007267115884459289,20.0
video25_final.mp4,Healthy,20,0.005951615826033521,20.0
video25_final.mp4,Healthy,21,0.008027054380746785,20.0
video25_final.mp4,Healthy,22,0.009960894383131478,20.0
video25_final.mp4,Healthy,23,0.018435355290929947,20.0
video25_final.mp4,Healthy,24,0.004620620951605741,20.0
video25_final.mp4,Healthy,25,0.006221421656278432,20.0
video25_final.mp4,Healthy,26,0.022169107863607776,20.0
video25_final.mp4,Healthy,27,0.00827487395200778,20.0
video25_final.mp4,Healthy,28,0.01794882626769688,20.0
video25_final.mp4,Healthy,29,0.02004863452556228,20.0
video25_final.mp4,Healthy,30,0.012823126505433208,20.0
video25_final.mp4,Healthy,31,0.011724657337216365,20.0
video25_final.mp4,Healthy,32,0.014966343094428883,20.0
video25_final.mp4,Healthy,33,0.010397740393384954,20.0
video25_final.mp4,Healthy,34,0.01301861382699112,20.0
video25_final.mp4,Healthy,35,0.016663245526077734,20.0
video25_final.mp4,Healthy,36,0.006080034994430459,20.0
video25_final.mp4,Healthy,37,0.003747639573276802,20.0
video25_final.mp4,Healthy,38,0.01352133479186282,20.0
video25_final.mp4,Healthy,39,0.008085980060533132,20.0
video25_final.mp4,Healthy,40,0.010223260171122997,20.0
video25_final.mp4,Healthy,41,0.014420348584029838,20.0
video25_final.mp4,Healthy,42,0.01841804607536631,20.0
video25_final.mp4,Healthy,43,0.016087575372224498,20.0
video25_final.mp4,Healthy,44,0.007794304080171804,20.0
video25_final.mp4,Healthy,45,0.014557005273318954,20.0
video25_final.mp4,Healthy,46,0.006830233941030755,20.0
video25_final.mp4,Healthy,47,0.005489651698485858,20.0
video25_final.mp4,Healthy,48,0.016345906101271238,20.0
video25_final.mp4,Healthy,49,0.0040981145382896385,20.0
video25_final.mp4,Healthy,50,0.0087253933556185,20.0
video25_final.mp4,Healthy,51,0.01154686367333764,20.0
video25_final.mp4,Healthy,52,0.015180131328830138,20.0
video25_final.mp4,Healthy,53,0.0019198798112611698,20.0
video25_final.mp4,Healthy,54,0.005772498763685332,20.0
video25_final.mp4,Healthy,55,0.00945157019459298,20.0
video25_final.mp4,Healthy,56,0.03000159461897775,20.0
video25_final.mp4,Healthy,57,0.03982464924908646,20.0
video25_final.mp4,Healthy,58,0.028887300228834876,20.0
video25_final.mp4,Healthy,59,0.010368614531157448,20.0
video25_final.mp4,Healthy,60,0.03882267883881691,20.0
video25_final.mp4,Healthy,61,0.03319226767819126,20.0
video25_final.mp4,Healthy,62,0.023530588421738576,20.0
video25_final.mp4,Healthy,63,0.016251329374695964,20.0
video25_final.mp4,Healthy,64,0.018485705175962725,20.0
video25_final.mp4,Healthy,65,0.021442416872084757,20.0
video25_final.mp4,Healthy,66,0.007975472717881855,20.0
video25_final.mp4,Healthy,67,0.030973412422395232,20.0
video25_final.mp4,Healthy,68,0.02344339052219656,20.0
video25_final.mp4,Healthy,69,0.010108158800106074,20.0
video25_final.mp4,Healthy,70,0.0075351267207488595,20.0
video25_final.mp4,Healthy,71,0.006950612751773513,20.0
video25_final.mp4,Healthy,72,0.018274110845380005,20.0
video25_final.mp4,Healthy,73,0.013975255186368413,20.0
video25_final.mp4,Healthy,74,0.013932442812513386,20.0
video25_final.mp4,Healthy,75,0.008663740915153796,20.0
video25_final.mp4,Healthy,76,0.008440607745882022,20.0
video25_final.mp4,Healthy,77,0.018897558069541194,20.0
video25_final.mp4,Healthy,78,0.010514936080724667,20.0
video25_final.mp4,Healthy,79,0.008104460012602606,20.0
video25_final.mp4,Healthy,80,0.00820434597326269,20.0
video25_final.mp4,Healthy,81,0.007037698761969205,20.0
video25_final.mp4,Healthy,82,0.004420999002888202,20.0
video25_final.mp4,Healthy,83,0.007593105969458849,20.0
video25_final.mp4,Healthy,84,0.016604420514204427,20.0
video25_final.mp4,Healthy,85,0.0063323475833096735,20.0
video25_final.mp4,Healthy,86,0.011728284891665434,20.0
video25_final.mp4,Healthy,87,0.021508546049069297,20.0
video25_final.mp4,Healthy,88,0.020196829275190193,20.0
video25_final.mp4,Healthy,89,0.006518611176652374,20.0
video25_final.mp4,Healthy,90,0.010385390501979888,20.0
video25_final.mp4,Healthy,91,0.010770774922033481,20.0
video25_final.mp4,Healthy,92,0.022559775359034834,20.0
video25_final.mp4,Healthy,93,0.005833015767266987,20.0
video25_final.mp4,Healthy,94,0.01748499501842596,20.0
video25_final.mp4,Healthy,95,0.005606591679792098,20.0
video25_final.mp4,Healthy,96,0.00583439454237486,20.0
video25_final.mp4,Healthy,97,0.019016562627355873,20.0
video25_final.mp4,Healthy,98,0.010011621407773055,20.0
video25_final.mp4,Healthy,99,0.00256043565937184,20.0
video25_final.mp4,Healthy,100,0.014386912463916773,20.0
video28_final.mp4,Healthy,1,0.0,20.0
video28_final.mp4,Healthy,2,0.013341666654506541,20.0
video28_final.mp4,Healthy,3,0.004115989300338428,20.0
video28_final.mp4,Healthy,4,0.017740018018304327,20.0
video28_final.mp4,Healthy,5,0.017008569798226653,20.0
video28_final.mp4,Healthy,6,0.013820841920019325,20.0
video28_final.mp4,Healthy,7,0.010044401587266896,20.0
video28_final.mp4,Healthy,8,0.02868792631422178,20.0
video28_final.mp4,Healthy,9,0.013431667391086687,20.0
video28_final.mp4,Healthy,10,0.02173871175376051,20.0
video28_final.mp4,Healthy,11,0.013877156030427008,20.0
video28_final.mp4,Healthy,12,0.02496218762475907,20.0
video28_final.mp4,Healthy,13,0.014439396439352395,20.0
video28_final.mp4,Healthy,14,0.007105440788321656,20.0
video28_final.mp4,Healthy,15,0.00876087237539373,20.0
video28_final.mp4,Healthy,16,0.016579650516447948,20.0
video28_final.mp4,Healthy,17,0.01178977851882685,20.0
video28_final.mp4,Healthy,18,0.011496342949036299,20.0
video28_final.mp4,Healthy,19,0.021323279539149476,20.0
video28_final.mp4,Healthy,20,0.01032268990538512,20.0
video28_final.mp4,Healthy,21,0.005674864080814616,20.0
video28_final.mp4,Healthy,22,0.021880603067169966,20.0
video28_final.mp4,Healthy,23,0.007378276975595832,20.0
video28_final.mp4,Healthy,24,0.01364741946988366,20.0
video28_final.mp4,Healthy,25,0.008059110017610213,20.0
video28_final.mp4,Healthy,26,0.017902000865630863,20.0
video28_final.mp4,Healthy,27,0.014264919775657808,20.0
video28_final.mp4,Healthy,28,0.04162981082425712,20.0
video28_final.mp4,Healthy,29,0.0254339863239041,20.0
video28_final.mp4,Healthy,30,0.02733699477939765,20.0
video28_final.mp4,Healthy,31,0.011938663284035804,20.0
video28_final.mp4,Healthy,32,0.012729998398579549,20.0
video28_final.mp4,Healthy,33,0.006041369256648631,20.0
video28_final.mp4,Healthy,34,0.01659067125093123,20.0
video28_final.mp4,Healthy,35,0.018003316944682726,20.0
video28_final.mp4,Healthy,36,0.03250969634713888,20.0
video28_final.mp4,Healthy,37,0.023482774315531665,20.0
video28_final.mp4,Healthy,38,0.01790781602911062,20.0
video28_final.mp4,Healthy,39,0.012979701546313357,20.0
video28_final.mp4,Healthy,40,0.0033169551655058004,20.0
video28_final.mp4,Healthy,41,0.009008452769183823,20.0
video28_final.mp4,Healthy,42,0.006144979364931577,20.0
video28_final.mp4,Healthy,43,0.005944463937782256,20.0
video28_final.mp4,Healthy,44,0.0190463374731915,20.0
video28_final.mp4,Healthy,45,0.004219801813356115,20.0
video28_final.mp4,Healthy,46,0.009353316468997643,20.0
video28_final.mp4,Healthy,47,0.010148520754175027,20.0
video28_final.mp4,Healthy,48,0.031208093284304347,20.0
video28_final.mp4,Healthy,49,0.015714496023311302,20.0
video28_final.mp4,Healthy,50,0.018177444957130334,20.0
video28_final.mp4,Healthy,51,0.006352920835390324,20.0
video28_final.mp4,Healthy,52,0.00825977605063057,20.0
video28_final.mp4,Healthy,53,0.011382871642039584,20.0
video28_final.mp4,Healthy,54,0.0364819539665572,20.0
video28_final.mp4,Healthy,55,0.015165412949384427,20.0
video28_final.mp4,Healthy,56,0.02537516321620913,20.0
video28_final.mp4,Healthy,57,0.026624327365122494,20.0
video28_final.mp4,Healthy,58,0.01930421806504054,20.0
video28_final.mp4,Healthy,59,0.0276992827727459,20.0
video28_final.mp4,Healthy,60,0.031304245858409414,20.0
video28_final.mp4,Healthy,61,0.009657236222544408,20.0
video28_final.mp4,Healthy,62,0.011125721720140369,20.0
video28_final.mp4,Healthy,63,0.006590295064103341,20.0
video28_final.mp4,Healthy,64,0.02470236507187466,20.0
video28_final.mp4,Healthy,65,0.03348509318723713,20.0
video28_final.mp4,Healthy,66,0.034613612044827546,20.0
video28_final.mp4,Healthy,67,0.01121625846991252,20.0
video28_final.mp4,Healthy,68,0.012144526963496528,20.0
video28_final.mp4,Healthy,69,0.006846836598691286,20.0
video28_final.mp4,Healthy,70,0.008087178728441934,20.0
video28_final.mp4,Healthy,71,0.011034181922096068,20.0
video28_final.mp4,Healthy,72,0.029828677095496026,20.0
video28_final.mp4,Healthy,73,0.014377600193403626,20.0
video28_final.mp4,Healthy,74,0.021688284089012983,20.0
video28_final.mp4,Healthy,75,0.024685112676839833,20.0
video28_final.mp4,Healthy,76,0.039115860915694065,20.0
video28_final.mp4,Healthy,77,0.012330191545689484,20.0
video28_final.mp4,Healthy,78,0.009794821141654747,20.0
video28_final.mp4,Healthy,79,0.00940213665600237,20.0
video28_final.mp4,Healthy,80,0.02310446771315977,20.0
video28_final.mp4,Healthy,81,0.017759182504139392,20.0
video28_final.mp4,Healthy,82,0.02411579509228433,20.0
video28_final.mp4,Healthy,83,0.0038825670733489033,20.0
video28_final.mp4,Healthy,84,0.023554604988242255,20.0
video28_final.mp4,Healthy,85,0.018158874966728866,20.0
video28_final.mp4,Healthy,86,0.0238173371830644,20.0
video28_final.mp4,Healthy,87,0.020034991403036575,20.0
video28_final.mp4,Healthy,88,0.01205579669835379,20.0
video28_final.mp4,Healthy,89,0.020082621035733852,20.0
video28_final.mp4,Healthy,90,0.02879283803078321,20.0
video28_final.mp4,Healthy,91,0.005336578747584132,20.0
video28_final.mp4,Healthy,92,0.016528361894241828,20.0
video28_final.mp4,Healthy,93,0.008599109395506779,20.0
video28_final.mp4,Healthy,94,0.013483307962605086,20.0
video28_final.mp4,Healthy,95,0.009405662112162807,20.0
video28_final.mp4,Healthy,96,0.010865391184601418,20.0
video28_final.mp4,Healthy,97,0.0038411509715894757,20.0
video28_final.mp4,Healthy,98,0.007483176510319776,20.0
video28_final.mp4,Healthy,99,0.006587379022919431,20.0
video28_final.mp4,Healthy,100,0.0028412940255196696,20.0
video35_final.mp4,Healthy,1,0.0,20.0
video35_final.mp4,Healthy,2,0.037620299291555144,20.0
video35_final.mp4,Healthy,3,0.026367683802711674,20.0
video35_final.mp4,Healthy,4,0.006245250254197789,20.0
video35_final.mp4,Healthy,5,0.013592606179819692,20.0
video35_final.mp4,Healthy,6,0.010531486524707404,20.0
video35_final.mp4,Healthy,7,0.012167167035471318,20.0
video35_final.mp4,Healthy,8,0.01099282445475183,20.0
video35_final.mp4,Healthy,9,0.013354542274321908,20.0
video35_final.mp4,Healthy,10,0.010983719261567338,20.0
video35_final.mp4,Healthy,11,0.011253379038304383,20.0
video35_final.mp4,Healthy,12,0.009761106221160104,20.0
video35_final.mp4,Healthy,13,0.02009019887799395,20.0
video35_final.mp4,Healthy,14,0.019472375107920704,20.0
video35_final.mp4,Healthy,15,0.01445833402888519,20.0
video35_final.mp4,Healthy,16,0.012525894698472468,20.0
video35_final.mp4,Healthy,17,0.013988743926370938,20.0
video35_final.mp4,Healthy,18,0.018881964929218054,20.0
video35_final.mp4,Healthy,19,0.02406315708969575,20.0
video35_final.mp4,Healthy,20,0.014675314935832705,20.0
video35_final.mp4,Healthy,21,0.014266672436705161,20.0
video35_final.mp4,Healthy,22,0.015058074569451102,20.0
video35_final.mp4,Healthy,23,0.02158850519234673,20.0
video35_final.mp4,Healthy,24,0.0195817672427343,20.0
video35_final.mp4,Healthy,25,0.006186053156756602,20.0
video35_final.mp4,Healthy,26,0.023290637286360497,20.0
video35_final.mp4,Healthy,27,0.022835812428363456,20.0
video35_final.mp4,Healthy,28,0.014531366013691814,20.0
video35_final.mp4,Healthy,29,0.020349729519562612,20.0
video35_final.mp4,Healthy,30,0.013345026717641519,20.0
video35_final.mp4,Healthy,31,0.007166954798604072,20.0
video35_final.mp4,Healthy,32,0.0071149805771034145,20.0
video35_final.mp4,Healthy,33,0.012844359349824683,20.0
video35_final.mp4,Healthy,34,0.013530738262334164,20.0
video35_final.mp4,Healthy,35,0.009528332236609345,20.0
video35_final.mp4,Healthy,36,0.018025348201415815,20.0
video35_final.mp4,Healthy,37,0.013836016092782136,20.0
video35_final.mp4,Healthy,38,0.0025408916824614203,20.0
video35_final.mp4,Healthy,39,0.055500918570492275,20.0
video35_final.mp4,Healthy,40,0.02800933144951631,20.0
video35_final.mp4,Healthy,41,0.018047714520169473,20.0
video35_final.mp4,Healthy,42,0.014419149925297152,20.0
video35_final.mp4,Healthy,43,0.010216627030762102,20.0
video35_final.mp4,Healthy,44,0.019948556978101346,20.0
video35_final.mp4,Healthy,45,0.00941146760481273,20.0
video35_final.mp4,Healthy,46,0.02180906357522608,20.0
video35_final.mp4,Healthy,47,0.025147958882739962,20.0
video35_final.mp4,Healthy,48,0.019585522309050803,20.0
video35_final.mp4,Healthy,49,0.02276153600278864,20.0
video35_final.mp4,Healthy,50,0.025070113278422013,20.0
video35_final.mp4,Healthy,51,0.012847599978713145,20.0
video35_final.mp4,Healthy,52,0.006787214205551884,20.0
video35_final.mp4,Healthy,53,0.007167027433542022,20.0
video35_final.mp4,Healthy,54,0.00688336087359277,20.0
video35_final.mp4,Healthy,55,0.014643853384101194,20.0
video35_final.mp4,Healthy,56,0.012874013312158412,20.0
video35_final.mp4,Healthy,57,0.01099434894379458,20.0
video35_final.mp4,Healthy,58,0.010029950009363603,20.0
video35_final.mp4,Healthy,59,0.03200029084365758,20.0
video35_final.mp4,Healthy,60,0.035620067833097416,20.0
video35_final.mp4,Healthy,61,0.023564170820373306,20.0
video35_final.mp4,Healthy,62,0.01388113478119647,20.0
video35_final.mp4,Healthy,63,0.008707841301223174,20.0
video35_final.mp4,Healthy,64,0.0112217800602287,20.0
video35_final.mp4,Healthy,65,0.011571718624062316,20.0
video35_final.mp4,Healthy,66,0.01206328726150986,20.0
video35_final.mp4,Healthy,67,0.013765889876980191,20.0
video35_final.mp4,Healthy,68,0.011019344026097035,20.0
video35_final.mp4,Healthy,69,0.006744691297229952,20.0
video35_final.mp4,Healthy,70,0.010682272047320035,20.0
video35_final.mp4,Healthy,71,0.009508207691669355,20.0
video35_final.mp4,Healthy,72,0.008117615737653957,20.0
video35_final.mp4,Healthy,73,0.005851837372374525,20.0
video35_final.mp4,Healthy,74,0.005620892266786341,20.0
video35_final.mp4,Healthy,75,0.013661536479139568,20.0
video35_final.mp4,Healthy,76,0.020549167023801333,20.0
video35_final.mp4,Healthy,77,0.0035412328950726727,20.0
video35_final.mp4,Healthy,78,0.006853646571165182,20.0
video35_final.mp4,Healthy,79,0.0062735980058848855,20.0
video35_final.mp4,Healthy,80,0.01578891160569587,20.0
video35_final.mp4,Healthy,81,0.005018551715221343,20.0
video35_final.mp4,Healthy,82,0.007526022113094538,20.0
video35_final.mp4,Healthy,83,0.00902395953971753,20.0
video35_final.mp4,Healthy,84,0.006145131719086975,20.0
video35_final.mp4,Healthy,85,0.005360758702056903,20.0
video35_final.mp4,Healthy,86,0.010364595987684841,20.0
video35_final.mp4,Healthy,87,0.011488600223536732,20.0
video35_final.mp4,Healthy,88,0.015395731786056797,20.0
video35_final.mp4,Healthy,89,0.007858657445237166,20.0
video35_final.mp4,Healthy,90,0.007017808660037016,20.0
video35_final.mp4,Healthy,91,0.005466601313411573,20.0
video35_final.mp4,Healthy,92,0.011336982285520188,20.0
video35_final.mp4,Healthy,93,0.003130740983018869,20.0
video35_final.mp4,Healthy,94,0.006326653642944397,20.0
video35_final.mp4,Healthy,95,0.007363393589601689,20.0
video35_final.mp4,Healthy,96,0.005240261160302746,20.0
video35_final.mp4,Healthy,97,0.0067354538265437455,20.0
video35_final.mp4,Healthy,98,0.011246614880549441,20.0
video35_final.mp4,Healthy,99,0.005633966887928968,20.0
video35_final.mp4,Healthy,100,0.005996622279732366,20.0
video37_final.mp4,Healthy,1,0.0,20.0
video37_final.mp4,Healthy,2,0.009420774659760484,20.0
video37_final.mp4,Healthy,3,0.002880118406401439,20.0
video37_final.mp4,Healthy,4,0.0065819344333823806,20.0
video37_final.mp4,Healthy,5,0.006889486012649584,20.0
video37_final.mp4,Healthy,6,0.005560271608917459,20.0
video37_final.mp4,Healthy,7,0.013937236841512638,20.0
video37_final.mp4,Healthy,8,0.006882033965736861,20.0
video37_final.mp4,Healthy,9,0.0055093684994707475,20.0
video37_final.mp4,Healthy,10,0.005986637701403656,20.0
video37_final.mp4,Healthy,11,0.0076480401138981115,20.0
video37_final.mp4,Healthy,12,0.018155969257498187,20.0
video37_final.mp4,Healthy,13,0.010800845752728036,20.0
video37_final.mp4,Healthy,14,0.009588086173992824,20.0
video37_final.mp4,Healthy,15,0.012636157851435811,20.0
video37_final.mp4,Healthy,16,0.010650393837600677,20.0
video37_final.mp4,Healthy,17,0.006857253766396038,20.0
video37_final.mp4,Healthy,18,0.008479161674918146,20.0
video37_final.mp4,Healthy,19,0.013677482307436902,20.0
video37_final.mp4,Healthy,20,0.016213548964425593,20.0
video37_final.mp4,Healthy,21,0.015173974265497376,20.0
video37_final.mp4,Healthy,22,0.00788608470843549,20.0
video37_final.mp4,Healthy,23,0.004045964449700073,20.0
video37_final.mp4,Healthy,24,0.011118257351887593,20.0
video37_final.mp4,Healthy,25,0.0028015442304228665,20.0
video37_final.mp4,Healthy,26,0.008752618991233386,20.0
video37_final.mp4,Healthy,27,0.0030907056689870784,20.0
video37_final.mp4,Healthy,28,0.023511542755101963,20.0
video37_final.mp4,Healthy,29,0.007933000616641305,20.0
video37_final.mp4,Healthy,30,0.013172807756699394,20.0
video37_final.mp4,Healthy,31,0.003496726329281647,20.0
video37_final.mp4,Healthy,32,0.0038334760892190785,20.0
video37_final.mp4,Healthy,33,0.005997797470117389,20.0
video37_final.mp4,Healthy,34,0.009611429496589136,20.0
video37_final.mp4,Healthy,35,0.0032731367219499597,20.0
video37_final.mp4,Healthy,36,0.003103047948340857,20.0
video37_final.mp4,Healthy,37,0.008178612774336784,20.0
video37_final.mp4,Healthy,38,0.012531569012032106,20.0
video37_final.mp4,Healthy,39,0.005209759319565813,20.0
video37_final.mp4,Healthy,40,0.0055187046789270215,20.0
video37_final.mp4,Healthy,41,0.0020726893465761076,20.0
video37_final.mp4,Healthy,42,0.005812668585525697,20.0
video37_final.mp4,Healthy,43,0.005859353369876315,20.0
video37_final.mp4,Healthy,44,0.010735739225098089,20.0
video37_final.mp4,Healthy,45,0.007511729550574817,20.0
video37_final.mp4,Healthy,46,0.009899279824052384,20.0
video37_final.mp4,Healthy,47,0.011203524352405991,20.0
video37_final.mp4,Healthy,48,0.0079202800707726,20.0
video37_final.mp4,Healthy,49,0.005573776741852326,20.0
video37_final.mp4,Healthy,50,0.008568611609588554,20.0
video37_final.mp4,Healthy,51,0.011939844524202747,20.0
video37_final.mp4,Healthy,52,0.004092454797876811,20.0
video37_final.mp4,Healthy,53,0.004439493810113961,20.0
video37_final.mp4,Healthy,54,0.004598454682478685,20.0
video37_final.mp4,Healthy,55,0.006214053374152164,20.0
video37_final.mp4,Healthy,56,0.008227770471909028,20.0
video37_final.mp4,Healthy,57,0.0036490414792414885,20.0
video37_final.mp4,Healthy,58,0.006936891897998876,20.0
video37_final.mp4,Healthy,59,0.003550282781993614,20.0
video37_final.mp4,Healthy,60,0.014062490737468071,20.0
video37_final.mp4,Healthy,61,0.011872285784143878,20.0
video37_final.mp4,Healthy,62,0.0023171862140119568,20.0
video37_final.mp4,Healthy,63,0.0030823399476596555,20.0
video37_final.mp4,Healthy,64,0.011037812796773473,20.0
video37_final.mp4,Healthy,65,0.00982277114935899,20.0
video37_final.mp4,Healthy,66,0.012196110885365602,20.0
video37_final.mp4,Healthy,67,0.009218120041685048,20.0
video37_final.mp4,Healthy,68,0.0042433601940019975,20.0
video37_final.mp4,Healthy,69,0.011172238382665664,20.0
video37_final.mp4,Healthy,70,0.013665139441108124,20.0
video37_final.mp4,Healthy,71,0.008870757107188721,20.0
video37_final.mp4,Healthy,72,0.012162481945752063,20.0
video37_final.mp4,Healthy,73,0.008745228724484674,20.0
video37_final.mp4,Healthy,74,0.04164961196125293,20.0
video37_final.mp4,Healthy,75,0.04495193161224235,20.0
video37_final.mp4,Healthy,76,0.02154326369390047,20.0
video37_final.mp4,Healthy,77,0.012561158066435827,20.0
video37_final.mp4,Healthy,78,0.011207696538089685,20.0
video37_final.mp4,Healthy,79,0.017967796327413344,20.0
video37_final.mp4,Healthy,80,0.010390731383259133,20.0
video37_final.mp4,Healthy,81,0.009551717945337669,20.0
video37_final.mp4,Healthy,82,0.006350796187744579,20.0
video37_final.mp4,Healthy,83,0.00819421154353666,20.0
video37_final.mp4,Healthy,84,0.0022192642997215374,20.0
video37_final.mp4,Healthy,85,0.00905491084990311,20.0
video37_final.mp4,Healthy,86,0.008985573182011009,20.0
video37_final.mp4,Healthy,87,0.012384206968065277,20.0
video37_final.mp4,Healthy,88,0.01544045695258883,20.0
video37_final.mp4,Healthy,89,0.013170319367743705,20.0
video37_final.mp4,Healthy,90,0.00339728428169452,20.0
video37_final.mp4,Healthy,91,0.006200174563059738,20.0
video37_final.mp4,Healthy,92,0.004881183861457614,20.0
video37_final.mp4,Healthy,93,0.004164697607572394,20.0
video37_final.mp4,Healthy,94,0.01407152440298478,20.0
video37_final.mp4,Healthy,95,0.01758877530975676,20.0
video37_final.mp4,Healthy,96,0.0015899401958837985,20.0
video37_final.mp4,Healthy,97,0.009929862176655122,20.0
video37_final.mp4,Healthy,98,0.005275301484402302,20.0
video37_final.mp4,Healthy,99,0.008076794370885257,20.0
video37_final.mp4,Healthy,100,0.006521167294254895,20.0
video42_final.mp4,Healthy,1,0.0,20.0
video42_final.mp4,Healthy,2,0.011123214397679776,20.0
video42_final.mp4,Healthy,3,0.008997753579659748,20.0
video42_final.mp4,Healthy,4,0.008094073966450621,20.0
video42_final.mp4,Healthy,5,0.006112050905612037,20.0
video42_final.mp4,Healthy,6,0.005856465722718428,20.0
video42_final.mp4,Healthy,7,0.010768942571042642,20.0
video42_final.mp4,Healthy,8,0.00982962757406043,20.0
video42_final.mp4,Healthy,9,0.010017529640851565,20.0
video42_final.mp4,Healthy,10,0.009269684872221873,20.0
video42_final.mp4,Healthy,11,0.004142535306025062,20.0
video42_final.mp4,Healthy,12,0.006008352324374049,20.0
video42_final.mp4,Healthy,13,0.0074725477714240665,20.0
video42_final.mp4,Healthy,14,0.005920324849300245,20.0
video42_final.mp4,Healthy,15,0.017159188566922574,20.0
video42_final.mp4,Healthy,16,0.010730077329858556,20.0
video42_final.mp4,Healthy,17,0.006988168802640898,20.0
video42_final.mp4,Healthy,18,0.009645150342972772,20.0
video42_final.mp4,Healthy,19,0.010835297104431896,20.0
video42_final.mp4,Healthy,20,0.0072239551970239325,20.0
video42_final.mp4,Healthy,21,0.006549933672269876,20.0
video42_final.mp4,Healthy,22,0.005682400031803037,20.0
video42_final.mp4,Healthy,23,0.010596154669114325,20.0
video42_final.mp4,Healthy,24,0.010307172339441258,20.0
video42_final.mp4,Healthy,25,0.0035341830721302963,20.0
video42_final.mp4,Healthy,26,0.006909959960979131,20.0
video42_final.mp4,Healthy,27,0.010057553165363388,20.0
video42_final.mp4,Healthy,28,0.007142335640805938,20.0
video42_final.mp4,Healthy,29,0.016993797119525277,20.0
video42_final.mp4,Healthy,30,0.007470805633665006,20.0
video42_final.mp4,Healthy,31,0.014986018152225987,20.0
video42_final.mp4,Healthy,32,0.010357102270619213,20.0
video42_final.mp4,Healthy,33,0.007208922051743667,20.0
video42_final.mp4,Healthy,34,0.006693870734817098,20.0
video42_final.mp4,Healthy,35,0.003939626276947312,20.0
video42_final.mp4,Healthy,36,0.01687125751775757,20.0
video42_final.mp4,Healthy,37,0.008082185329268481,20.0
video42_final.mp4,Healthy,38,0.01783504418067324,20.0
video42_final.mp4,Healthy,39,0.010439186272553367,20.0
video42_final.mp4,Healthy,40,0.022110684182455948,20.0
video42_final.mp4,Healthy,41,0.0023416500963504955,20.0
video42_final.mp4,Healthy,42,0.0130541835246919,20.0
video42_final.mp4,Healthy,43,0.01392788591363287,20.0
video42_final.mp4,Healthy,44,0.003969861110434311,20.0
video42_final.mp4,Healthy,45,0.02243234355150507,20.0
video42_final.mp4,Healthy,46,0.015157814381031339,20.0
video42_final.mp4,Healthy,47,0.0039404373738743045,20.0
video42_final.mp4,Healthy,48,0.006533279137496483,20.0
video42_final.mp4,Healthy,49,0.008889917246581358,20.0
video42_final.mp4,Healthy,50,0.002953583125020025,20.0
video42_final.mp4,Healthy,51,0.011140902271016875,20.0
video42_final.mp4,Healthy,52,0.006436420978236317,20.0
video42_final.mp4,Healthy,53,0.027359394142090168,20.0
video42_final.mp4,Healthy,54,0.008682398294692315,20.0
video42_final.mp4,Healthy,55,0.015381596637546893,20.0
video42_final.mp4,Healthy,56,0.022307291996156598,20.0
video42_final.mp4,Healthy,57,0.01673827359919636,20.0
video42_final.mp4,Healthy,58,0.006987304817295023,20.0
video42_final.mp4,Healthy,59,0.007193403606083552,20.0
video42_final.mp4,Healthy,60,0.010171496522301494,20.0
video42_final.mp4,Healthy,61,0.01724822928851494,20.0
video42_final.mp4,Healthy,62,0.009050996450301331,20.0
video42_final.mp4,Healthy,63,0.011212012913494824,20.0
video42_final.mp4,Healthy,64,0.025289590814496114,20.0
video42_final.mp4,Healthy,65,0.00503402010779828,20.0
video42_final.mp4,Healthy,66,0.008298110669049615,20.0
video42_final.mp4,Healthy,67,0.0061962541697456784,20.0
video42_final.mp4,Healthy,68,0.014934126810166962,20.0
video42_final.mp4,Healthy,69,0.010812400137386394,20.0
video42_final.mp4,Healthy,70,0.01634931747742138,20.0
video42_final.mp4,Healthy,71,0.0027352010504413248,20.0
video42_final.mp4,Healthy,72,0.003408765520682001,20.0
video42_final.mp4,Healthy,73,0.004138274413027106,20.0
video42_final.mp4,Healthy,74,0.034255644927549005,20.0
video42_final.mp4,Healthy,75,0.04516003110222674,20.0
video42_final.mp4,Healthy,76,0.03336254186446561,20.0
video42_final.mp4,Healthy,77,0.018387715607406072,20.0
video42_final.mp4,Healthy,78,0.025354348848665807,20.0
video42_final.mp4,Healthy,79,0.019887810610905794,20.0
video42_final.mp4,Healthy,80,0.014984522132173555,20.0
video42_final.mp4,Healthy,81,0.010895540596746694,20.0
video42_final.mp4,Healthy,82,0.02222697087471939,20.0
video42_final.mp4,Healthy,83,0.03164014803820249,20.0
video42_final.mp4,Healthy,84,0.002655334041387893,20.0
video42_final.mp4,Healthy,85,0.008202045711829515,20.0
video42_final.mp4,Healthy,86,0.006046410073716064,20.0
video42_final.mp4,Healthy,87,0.018347813512740316,20.0
video42_final.mp4,Healthy,88,0.008255853094116868,20.0
video42_final.mp4,Healthy,89,0.013540414895250522,20.0
video42_final.mp4,Healthy,90,0.008768030869420358,20.0
video42_final.mp4,Healthy,91,0.008360544308458642,20.0
video42_final.mp4,Healthy,92,0.013998169851334773,20.0
video42_final.mp4,Healthy,93,0.01361487807746959,20.0
video42_final.mp4,Healthy,94,0.006871101772357711,20.0
video42_final.mp4,Healthy,95,0.026360960428115542,20.0
video42_final.mp4,Healthy,96,0.014290151971692788,20.0
video42_final.mp4,Healthy,97,0.01796495796277657,20.0
video42_final.mp4,Healthy,98,0.011135717050137857,20.0
video42_final.mp4,Healthy,99,0.02186366056839813,20.0
video42_final.mp4,Healthy,100,0.02413131085407863,20.0
video4_final.mp4,Healthy,1,0.0,20.0
video4_final.mp4,Healthy,2,0.01835206723361267,20.0
video4_final.mp4,Healthy,3,0.008884433792658287,20.0
video4_final.mp4,Healthy,4,0.0040524385713227775,20.0
video4_final.mp4,Healthy,5,0.006298255437176892,20.0
video4_final.mp4,Healthy,6,0.00731852173183222,20.0
video4_final.mp4,Healthy,7,0.0023600473543560732,20.0
video4_final.mp4,Healthy,8,0.006077068345191733,20.0
video4_final.mp4,Healthy,9,0.005282280608267009,20.0
video4_final.mp4,Healthy,10,0.0050247321643493515,20.0
video4_final.mp4,Healthy,11,0.014766144024505911,20.0
video4_final.mp4,Healthy,12,0.015139111667997031,20.0
video4_final.mp4,Healthy,13,0.016274268558813247,20.0
video4_final.mp4,Healthy,14,0.009117378007202,20.0
video4_final.mp4,Healthy,15,0.006302843097296316,20.0
video4_final.mp4,Healthy,16,0.013370366699733424,20.0
video4_final.mp4,Healthy,17,0.011076606644611001,20.0
video4_final.mp4,Healthy,18,0.008146375681448405,20.0
video4_final.mp4,Healthy,19,0.005131728696699187,20.0
video4_final.mp4,Healthy,20,0.011408910132363781,20.0
video4_final.mp4,Healthy,21,0.003672885717543083,20.0
video4_final.mp4,Healthy,22,0.004884860884736881,20.0
video4_final.mp4,Healthy,23,0.0044365842180025,20.0
video4_final.mp4,Healthy,24,0.01260757327150227,20.0
video4_final.mp4,Healthy,25,0.00831837764303322,20.0
video4_final.mp4,Healthy,26,0.007094475973082299,20.0
video4_final.mp4,Healthy,27,0.004719251640666328,20.0
video4_final.mp4,Healthy,28,0.023771204782419748,20.0
video4_final.mp4,Healthy,29,0.013656589819488592,20.0
video4_final.mp4,Healthy,30,0.033463942992270256,20.0
video4_final.mp4,Healthy,31,0.029769244481363116,20.0
video4_final.mp4,Healthy,32,0.04434550077331109,20.0
video4_final.mp4,Healthy,33,0.03512739586628358,20.0
video4_final.mp4,Healthy,34,0.0486361905445313,20.0
video4_final.mp4,Healthy,35,0.029075378079409856,20.0
video4_final.mp4,Healthy,36,0.04010006847152932,20.0
video4_final.mp4,Healthy,37,0.023860763946296496,20.0
video4_final.mp4,Healthy,38,0.03648942351348902,20.0
video4_final.mp4,Healthy,39,0.02793065745898911,20.0
video4_final.mp4,Healthy,40,0.03180330850037313,20.0
video4_final.mp4,Healthy,41,0.01171116460843849,20.0
video4_final.mp4,Healthy,42,0.018993484499180285,20.0
video4_final.mp4,Healthy,43,0.012225343246026516,20.0
video4_final.mp4,Healthy,44,0.006450356266338685,20.0
video4_final.mp4,Healthy,45,0.0017536683602064416,20.0
video4_final.mp4,Healthy,46,0.013379182722002449,20.0
video4_final.mp4,Healthy,47,0.013754645100509708,20.0
video4_final.mp4,Healthy,48,0.016304127194241038,20.0
video4_final.mp4,Healthy,49,0.018807111632190614,20.0
video4_final.mp4,Healthy,50,0.013874281393182615,20.0
video4_final.mp4,Healthy,51,0.010481450660876817,20.0
video4_final.mp4,Healthy,52,0.024642344534126743,20.0
video4_final.mp4,Healthy,53,0.01646096745869335,20.0
video4_final.mp4,Healthy,54,0.01987885241563786,20.0
video4_final.mp4,Healthy,55,0.0216303163168885,20.0
video4_final.mp4,Healthy,56,0.035501956320094195,20.0
video4_final.mp4,Healthy,57,0.012531613382352995,20.0
video4_final.mp4,Healthy,58,0.016199165410441654,20.0
video4_final.mp4,Healthy,59,0.013460491649439197,20.0
video4_final.mp4,Healthy,60,0.019768761534150452,20.0
video4_final.mp4,Healthy,61,0.012992401935180205,20.0
video4_final.mp4,Healthy,62,0.015245774431510838,20.0
video4_final.mp4,Healthy,63,0.011504399103549716,20.0
video4_final.mp4,Healthy,64,0.01227089203043646,20.0
video4_final.mp4,Healthy,65,0.01612847226271622,20.0
video4_final.mp4,Healthy,66,0.0206428032492036,20.0
video4_final.mp4,Healthy,67,0.04079850680971586,20.0
video4_final.mp4,Healthy,68,0.03851016999375883,20.0
video4_final.mp4,Healthy,69,0.03473204677648697,20.0
video4_final.mp4,Healthy,70,0.02480211929842104,20.0
video4_final.mp4,Healthy,71,0.01680934004290511,20.0
video4_final.mp4,Healthy,72,0.023779872083271453,20.0
video4_final.mp4,Healthy,73,0.026647563098496252,20.0
video4_final.mp4,Healthy,74,0.04086999602561713,20.0
video4_final.mp4,Healthy,75,0.010742558436340865,20.0
video4_final.mp4,Healthy,76,0.0035236474484154276,20.0
video4_final.mp4,Healthy,77,0.013126112233623336,20.0
video4_final.mp4,Healthy,78,0.00570963022580574,20.0
video4_final.mp4,Healthy,79,0.005020169687347457,20.0
video4_final.mp4,Healthy,80,0.01410546089992088,20.0
video4_final.mp4,Healthy,81,0.015872320292872312,20.0
video4_final.mp4,Healthy,82,0.03611306051991128,20.0
video4_final.mp4,Healthy,83,0.022975049289516214,20.0
video4_final.mp4,Healthy,84,0.012436956170266212,20.0
video4_final.mp4,Healthy,85,0.009630807031103026,20.0
video4_final.mp4,Healthy,86,0.016012831519657846,20.0
video4_final.mp4,Healthy,87,0.010563127937973801,20.0
video4_final.mp4,Healthy,88,0.017041632462922517,20.0
video4_final.mp4,Healthy,89,0.02982089943384963,20.0
video4_final.mp4,Healthy,90,0.029835117237881764,20.0
video4_final.mp4,Healthy,91,0.019644583294716886,20.0
video4_final.mp4,Healthy,92,0.008045679103812028,20.0
video4_final.mp4,Healthy,93,0.008282030600597392,20.0
video4_final.mp4,Healthy,94,0.037098602176471096,20.0
video4_final.mp4,Healthy,95,0.04149825607707409,20.0
video4_final.mp4,Healthy,96,0.042836966842726254,20.0
video4_final.mp4,Healthy,97,0.024913736560183714,20.0
video4_final.mp4,Healthy,98,0.015520307422414186,20.0
video4_final.mp4,Healthy,99,0.009540563613612406,20.0
video4_final.mp4,Healthy,100,0.023400574213783675,20.0
video50_final.mp4,Healthy,1,0.0,20.0
video50_final.mp4,Healthy,2,0.011949274343982743,20.0
video50_final.mp4,Healthy,3,0.023349535961788116,20.0
video50_final.mp4,Healthy,4,0.01968732367978842,20.0
video50_final.mp4,Healthy,5,0.01983604672586631,20.0
video50_final.mp4,Healthy,6,0.008857527642550107,20.0
video50_final.mp4,Healthy,7,0.00930218641360743,20.0
video50_final.mp4,Healthy,8,0.0154493303516467,20.0
video50_final.mp4,Healthy,9,0.023897336575978697,20.0
video50_final.mp4,Healthy,10,0.009168039298078147,20.0
video50_final.mp4,Healthy,11,0.007485671112326483,20.0
video50_final.mp4,Healthy,12,0.024251797233949574,20.0
video50_final.mp4,Healthy,13,0.012378030033169896,20.0
video50_final.mp4,Healthy,14,0.015682479002430028,20.0
video50_final.mp4,Healthy,15,0.005184635124470806,20.0
video50_final.mp4,Healthy,16,0.006740495794679123,20.0
video50_final.mp4,Healthy,17,0.012058394315842491,20.0
video50_final.mp4,Healthy,18,0.040610175086795104,20.0
video50_final.mp4,Healthy,19,0.007819906763728303,20.0
video50_final.mp4,Healthy,20,0.007446424283999668,20.0
video50_final.mp4,Healthy,21,0.011000539571094889,20.0
video50_final.mp4,Healthy,22,0.014528983870063442,20.0
video50_final.mp4,Healthy,23,0.015177587031524322,20.0
video50_final.mp4,Healthy,24,0.00943245222519647,20.0
video50_final.mp4,Healthy,25,0.00989620673757672,20.0
video50_final.mp4,Healthy,26,0.013425947221784433,20.0
video50_final.mp4,Healthy,27,0.005369278769730969,20.0
video50_final.mp4,Healthy,28,0.03271170335818766,20.0
video50_final.mp4,Healthy,29,0.02358516946747861,20.0
video50_final.mp4,Healthy,30,0.04161886877806043,20.0
video50_final.mp4,Healthy,31,0.01652368820360214,20.0
video50_final.mp4,Healthy,32,0.008536147201302528,20.0
video50_final.mp4,Healthy,33,0.013213768329118034,20.0
video50_final.mp4,Healthy,34,0.015294179136725481,20.0
video50_final.mp4,Healthy,35,0.0038630045750008106,20.0
video50_final.mp4,Healthy,36,0.018131429550280232,20.0
video50_final.mp4,Healthy,37,0.007031241058132392,20.0
video50_final.mp4,Healthy,38,0.005831656591159623,20.0
video50_final.mp4,Healthy,39,0.0157476750020518,20.0
video50_final.mp4,Healthy,40,0.009654856905967136,20.0
video50_final.mp4,Healthy,41,0.007024295484852992,20.0
video50_final.mp4,Healthy,42,0.055429308376759856,20.0
video50_final.mp4,Healthy,43,0.012510857549292827,20.0
video50_final.mp4,Healthy,44,0.03507379288177856,20.0
video50_final.mp4,Healthy,45,0.015308123104790851,20.0
video50_final.mp4,Healthy,46,0.012601937646697049,20.0
video50_final.mp4,Healthy,47,0.011169061094936527,20.0
video50_final.mp4,Healthy,48,0.007697533771767836,20.0
video50_final.mp4,Healthy,49,0.011893033103957259,20.0
video50_final.mp4,Healthy,50,0.009851565199071903,20.0
video50_final.mp4,Healthy,51,0.009477642372665997,20.0
video50_final.mp4,Healthy,52,0.006977511407591899,20.0
video50_final.mp4,Healthy,53,0.006811942394184999,20.0
video50_final.mp4,Healthy,54,0.010002861106002245,20.0
video50_final.mp4,Healthy,55,0.007547545891948407,20.0
video50_final.mp4,Healthy,56,0.011535470589217495,20.0
video50_final.mp4,Healthy,57,0.006605284043716561,20.0
video50_final.mp4,Healthy,58,0.005071407624720172,20.0
video50_final.mp4,Healthy,59,0.004892055997211435,20.0
video50_final.mp4,Healthy,60,0.04880360013882797,20.0
video50_final.mp4,Healthy,61,0.017112625670592886,20.0
video50_final.mp4,Healthy,62,0.010664850845427886,20.0
video50_final.mp4,Healthy,63,0.011197597694519168,20.0
video50_final.mp4,Healthy,64,0.018476280561867803,20.0
video50_final.mp4,Healthy,65,0.0029233725408534168,20.0
video50_final.mp4,Healthy,66,0.00929495951085414,20.0
video50_final.mp4,Healthy,67,0.015422644273370612,20.0
video50_final.mp4,Healthy,68,0.0030793677972549734,20.0
video50_final.mp4,Healthy,69,0.005694420747924567,20.0
video50_final.mp4,Healthy,70,0.038136335594342305,20.0
video50_final.mp4,Healthy,71,0.013835705774790945,20.0
video50_final.mp4,Healthy,72,0.03719001169580079,20.0
video50_final.mp4,Healthy,73,0.01340648762332472,20.0
video50_final.mp4,Healthy,74,0.015405525773250904,20.0
video50_final.mp4,Healthy,75,0.017193467976697692,20.0
video50_final.mp4,Healthy,76,0.002591164637866117,20.0
video50_final.mp4,Healthy,77,0.005107373508521022,20.0
video50_final.mp4,Healthy,78,0.006870617918501507,20.0
video50_final.mp4,Healthy,79,0.007584594805093724,20.0
video50_final.mp4,Healthy,80,0.0156241700295224,20.0
video50_final.mp4,Healthy,81,0.006247673138220799,20.0
video50_final.mp4,Healthy,82,0.007767752420165267,20.0
video50_final.mp4,Healthy,83,0.008522752346783617,20.0
video50_final.mp4,Healthy,84,0.01358485875122676,20.0
video50_final.mp4,Healthy,85,0.01267176478646632,20.0
video50_final.mp4,Healthy,86,0.012291755138575076,20.0
video50_final.mp4,Healthy,87,0.02807912665600908,20.0
video50_final.mp4,Healthy,88,0.019793823339943405,20.0
video50_final.mp4,Healthy,89,0.010565834931421233,20.0
video50_final.mp4,Healthy,90,0.005646038053520077,20.0
video50_final.mp4,Healthy,91,0.010990597732244955,20.0
video50_final.mp4,Healthy,92,0.0063906882691028705,20.0
video50_final.mp4,Healthy,93,0.0038157312254083827,20.0
video50_final.mp4,Healthy,94,0.0056270133505749885,20.0
video50_final.mp4,Healthy,95,0.003019551884525957,20.0
video50_final.mp4,Healthy,96,0.009315057236242576,20.0
video50_final.mp4,Healthy,97,0.012623376562208502,20.0
video50_final.mp4,Healthy,98,0.005583225223920012,20.0
video50_final.mp4,Healthy,99,0.009753114595336386,20.0
video50_final.mp4,Healthy,100,0.050692359412095135,20.0
video5_final.mp4,Healthy,1,0.0,19.776536312849164
video5_final.mp4,Healthy,2,0.03360904944604546,19.776536312849164
video5_final.mp4,Healthy,3,0.012839719082430598,19.776536312849164
video5_final.mp4,Healthy,4,0.008181064411026876,19.776536312849164
video5_final.mp4,Healthy,5,0.006047557253907977,19.776536312849164
video5_final.mp4,Healthy,6,0.020350886846210878,19.776536312849164
video5_final.mp4,Healthy,7,0.027640643924721136,19.776536312849164
video5_final.mp4,Healthy,8,0.029431870252576903,19.776536312849164
video5_final.mp4,Healthy,9,0.010928889487500646,19.776536312849164
video5_final.mp4,Healthy,10,0.019874815281839046,19.776536312849164
video5_final.mp4,Healthy,11,0.012500563047541359,19.776536312849164
video5_final.mp4,Healthy,12,0.01620506168247747,19.776536312849164
video5_final.mp4,Healthy,13,0.02666808058639802,19.776536312849164
video5_final.mp4,Healthy,14,0.020865912357287658,19.776536312849164
video5_final.mp4,Healthy,15,0.053954503986874465,19.776536312849164
video5_final.mp4,Healthy,16,0.10293711515347964,19.776536312849164
video5_final.mp4,Healthy,17,0.06209219218072359,19.776536312849164
video5_final.mp4,Healthy,18,0.0718773965809522,19.776536312849164
video5_final.mp4,Healthy,19,0.05111731616502924,19.776536312849164
video5_final.mp4,Healthy,20,0.04740997659917761,19.776536312849164
video5_final.mp4,Healthy,21,0.028016421812387077,19.776536312849164
video5_final.mp4,Healthy,22,0.019883384828461803,19.776536312849164
video5_final.mp4,Healthy,23,0.014821836588888219,19.776536312849164
video5_final.mp4,Healthy,24,0.019704068707857608,19.776536312849164
video5_final.mp4,Healthy,25,0.007529902356322048,19.776536312849164
video5_final.mp4,Healthy,26,0.0275200250236039,19.776536312849164
video5_final.mp4,Healthy,27,0.01619966343637245,19.776536312849164
video5_final.mp4,Healthy,28,0.016016434573989945,19.776536312849164
video5_final.mp4,Healthy,29,0.036901582147509,19.776536312849164
video5_final.mp4,Healthy,30,0.023414085037321977,19.776536312849164
video5_final.mp4,Healthy,31,0.02270925442308037,19.776536312849164
video5_final.mp4,Healthy,32,0.08151093921618535,19.776536312849164
video5_final.mp4,Healthy,33,0.08184134312398827,19.776536312849164
video5_final.mp4,Healthy,34,0.09776641286056577,19.776536312849164
video5_final.mp4,Healthy,35,0.04826930955533759,19.776536312849164
video5_final.mp4,Healthy,36,0.05471023528019605,19.776536312849164
video5_final.mp4,Healthy,37,0.02678272700105123,19.776536312849164
video5_final.mp4,Healthy,38,0.014506167067529134,19.776536312849164
video5_final.mp4,Healthy,39,0.012873064425944143,19.776536312849164
video5_final.mp4,Healthy,40,0.01918673876870565,19.776536312849164
video5_final.mp4,Healthy,41,0.012867127879832449,19.776536312849164
video5_final.mp4,Healthy,42,0.01507835242270999,19.776536312849164
video5_final.mp4,Healthy,43,0.008265311485551857,19.776536312849164
video5_final.mp4,Healthy,44,0.0193572904116314,19.776536312849164
video5_final.mp4,Healthy,45,0.005138800341910368,19.776536312849164
video5_final.mp4,Healthy,46,0.012208141516247911,19.776536312849164
video5_final.mp4,Healthy,47,0.015231837291186262,19.776536312849164
video5_final.mp4,Healthy,48,0.006477899840520045,19.776536312849164
video5_final.mp4,Healthy,49,0.0022937324562549294,19.776536312849164
video5_final.mp4,Healthy,50,0.006922461541179009,19.776536312849164
video5_final.mp4,Healthy,51,0.00624487269785132,19.776536312849164
video5_final.mp4,Healthy,52,0.021726421787912537,19.776536312849164
video5_final.mp4,Healthy,53,0.025059678897291188,19.776536312849164
video5_final.mp4,Healthy,54,0.044529698026905706,19.776536312849164
video5_final.mp4,Healthy,55,0.01284017337586881,19.776536312849164
video5_final.mp4,Healthy,56,0.015480327136839259,19.776536312849164
video5_final.mp4,Healthy,57,0.015891002327150985,19.776536312849164
video5_final.mp4,Healthy,58,0.04241544079669085,19.776536312849164
video5_final.mp4,Healthy,59,0.038508493572408084,19.776536312849164
video5_final.mp4,Healthy,60,0.07178970722766731,19.776536312849164
video5_final.mp4,Healthy,61,0.04564551810951375,19.776536312849164
video5_final.mp4,Healthy,62,0.07118218867139466,19.776536312849164
video5_final.mp4,Healthy,63,0.06496306263510546,19.776536312849164
video5_final.mp4,Healthy,64,0.059580627516182816,19.776536312849164
video5_final.mp4,Healthy,65,0.013585107158890209,19.776536312849164
video5_final.mp4,Healthy,66,0.014297359522734839,19.776536312849164
video5_final.mp4,Healthy,67,0.006408145364697693,19.776536312849164
video5_final.mp4,Healthy,68,0.016786198951834464,19.776536312849164
video5_final.mp4,Healthy,69,0.012895396186522967,19.776536312849164
video5_final.mp4,Healthy,70,0.011152246743569098,19.776536312849164
video5_final.mp4,Healthy,71,0.004535609653417386,19.776536312849164
video5_final.mp4,Healthy,72,0.027882186467850824,19.776536312849164
video5_final.mp4,Healthy,73,0.010660587469594767,19.776536312849164
video5_final.mp4,Healthy,74,0.010269128779166097,19.776536312849164
video5_final.mp4,Healthy,75,0.00685407205728539,19.776536312849164
video5_final.mp4,Healthy,76,0.013772217595304172,19.776536312849164
video5_final.mp4,Healthy,77,0.014914989839997004,19.776536312849164
video5_final.mp4,Healthy,78,0.016008247278286373,19.776536312849164
video5_final.mp4,Healthy,79,0.024022352015208297,19.776536312849164
video5_final.mp4,Healthy,80,0.00821919081758225,19.776536312849164
video5_final.mp4,Healthy,81,0.013434246285924115,19.776536312849164
video5_final.mp4,Healthy,82,0.011975500914348843,19.776536312849164
video5_final.mp4,Healthy,83,0.004551028428061261,19.776536312849164
video5_final.mp4,Healthy,84,0.007506291065862027,19.776536312849164
video5_final.mp4,Healthy,85,0.007101413829455431,19.776536312849164
video5_final.mp4,Healthy,86,0.011570159877563208,19.776536312849164
video5_final.mp4,Healthy,87,0.009134448661300112,19.776536312849164
video5_final.mp4,Healthy,88,0.005348353287939524,19.776536312849164
video5_final.mp4,Healthy,89,0.0031263599051460735,19.776536312849164
video5_final.mp4,Healthy,90,0.019821953383885343,19.776536312849164
video5_final.mp4,Healthy,91,0.009836943889901301,19.776536312849164
video5_final.mp4,Healthy,92,0.005211460924653601,19.776536312849164
video5_final.mp4,Healthy,93,0.010635578870410374,19.776536312849164
video5_final.mp4,Healthy,94,0.006951402208598265,19.776536312849164
video5_final.mp4,Healthy,95,0.005853351053619438,19.776536312849164
video5_final.mp4,Healthy,96,0.008908723901012565,19.776536312849164
video5_final.mp4,Healthy,97,0.009241213951158818,19.776536312849164
video5_final.mp4,Healthy,98,0.02541973331385049,19.776536312849164
video66_final.mp4,Healthy,1,0.0,20.0
video66_final.mp4,Healthy,2,0.011492303349611753,20.0
video66_final.mp4,Healthy,3,0.0036971614492396906,20.0
video66_final.mp4,Healthy,4,0.0034748513286892713,20.0
video66_final.mp4,Healthy,5,0.001926884957201864,20.0
video66_final.mp4,Healthy,6,0.007603297354921055,20.0
video66_final.mp4,Healthy,7,0.006240128235392676,20.0
video66_final.mp4,Healthy,8,0.0031746025840959677,20.0
video66_final.mp4,Healthy,9,0.0024022668530241376,20.0
video66_final.mp4,Healthy,10,0.014577780462070965,20.0
video66_final.mp4,Healthy,11,0.0040035772100524385,20.0
video66_final.mp4,Healthy,12,0.002067716622154322,20.0
video66_final.mp4,Healthy,13,0.005509627752739946,20.0
video66_final.mp4,Healthy,14,0.0019038945255043754,20.0
video66_final.mp4,Healthy,15,0.0035772578015894597,20.0
video66_final.mp4,Healthy,16,0.0043309330512647445,20.0
video66_final.mp4,Healthy,17,0.003552301973673584,20.0
video66_final.mp4,Healthy,18,0.003244136803716562,20.0
video66_final.mp4,Healthy,19,0.002908964081242066,20.0
video66_final.mp4,Healthy,20,0.003324471855179042,20.0
video66_final.mp4,Healthy,21,0.0016465100941002726,20.0
video66_final.mp4,Healthy,22,0.0015115139716929589,20.0
video66_final.mp4,Healthy,23,0.0007750406807849155,20.0
video66_final.mp4,Healthy,24,0.016039205469161464,20.0
video66_final.mp4,Healthy,25,0.008675572596472766,20.0
video66_final.mp4,Healthy,26,0.013051840110983958,20.0
video66_final.mp4,Healthy,27,0.011537881266253111,20.0
video66_final.mp4,Healthy,28,0.0144655320378864,20.0
video66_final.mp4,Healthy,29,0.00876110143908395,20.0
video66_final.mp4,Healthy,30,0.022424866307096933,20.0
video66_final.mp4,Healthy,31,0.018904720954832456,20.0
video66_final.mp4,Healthy,32,0.03632204728709271,20.0
video66_final.mp4,Healthy,33,0.022309092554936252,20.0
video66_final.mp4,Healthy,34,0.011284550387456578,20.0
video66_final.mp4,Healthy,35,0.007618673876975107,20.0
video66_final.mp4,Healthy,36,0.0047804240288958685,20.0
video66_final.mp4,Healthy,37,0.00728363285097295,20.0
video66_final.mp4,Healthy,38,0.007380042593450562,20.0
video66_final.mp4,Healthy,39,0.007206157382458431,20.0
video66_final.mp4,Healthy,40,0.008731015932577338,20.0
video66_final.mp4,Healthy,41,0.02015647327427199,20.0
video66_final.mp4,Healthy,42,0.01898218806667807,20.0
video66_final.mp4,Healthy,43,0.011544501053145771,20.0
video66_final.mp4,Healthy,44,0.009896219743079531,20.0
video66_final.mp4,Healthy,45,0.00557415055431568,20.0
video66_final.mp4,Healthy,46,0.009424506929242694,20.0
video66_final.mp4,Healthy,47,0.00979795448444484,20.0
video66_final.mp4,Healthy,48,0.0046293371417514525,20.0
video66_final.mp4,Healthy,49,0.005834344284949386,20.0
video66_final.mp4,Healthy,50,0.022727204719526328,20.0
video66_final.mp4,Healthy,51,0.020493893808069534,20.0
video66_final.mp4,Healthy,52,0.034951772983838815,20.0
video66_final.mp4,Healthy,53,0.02915891015943903,20.0
video66_final.mp4,Healthy,54,0.03290286802952938,20.0
video66_final.mp4,Healthy,55,0.01785363847926835,20.0
video66_final.mp4,Healthy,56,0.01575868248808304,20.0
video66_final.mp4,Healthy,57,0.00975209462721206,20.0
video66_final.mp4,Healthy,58,0.01056467444057024,20.0
video66_final.mp4,Healthy,59,0.0035581992015609695,20.0
video66_final.mp4,Healthy,60,0.018805311131873014,20.0
video66_final.mp4,Healthy,61,0.013682688868819938,20.0
video66_final.mp4,Healthy,62,0.009137411474031222,20.0
video66_final.mp4,Healthy,63,0.011555976210683709,20.0
video66_final.mp4,Healthy,64,0.012188404235852861,20.0
video66_final.mp4,Healthy,65,0.018538092366187947,20.0
video66_final.mp4,Healthy,66,0.015115928516206892,20.0
video66_final.mp4,Healthy,67,0.014283007565557263,20.0
video66_final.mp4,Healthy,68,0.0036368190822118817,20.0
video66_final.mp4,Healthy,69,0.006960317465022355,20.0
video66_final.mp4,Healthy,70,0.0041639505518066685,20.0
video66_final.mp4,Healthy,71,0.00203526180233336,20.0
video66_final.mp4,Healthy,72,0.009311358228115569,20.0
video66_final.mp4,Healthy,73,0.0044151894350007315,20.0
video66_final.mp4,Healthy,74,0.006908286548994102,20.0
video66_final.mp4,Healthy,75,0.0018321880555698608,20.0
video66_final.mp4,Healthy,76,0.009312376993339118,20.0
video66_final.mp4,Healthy,77,0.0072192297204215,20.0
video66_final.mp4,Healthy,78,0.004089607754803599,20.0
video66_final.mp4,Healthy,79,0.005568846012795215,20.0
video66_final.mp4,Healthy,80,0.009063596527101259,20.0
video66_final.mp4,Healthy,81,0.004982870156776778,20.0
video66_final.mp4,Healthy,82,0.005940714176611837,20.0
video66_final.mp4,Healthy,83,0.0027332634624366355,20.0
video66_final.mp4,Healthy,84,0.0017032004426294118,20.0
video66_final.mp4,Healthy,85,0.0029261300954681133,20.0
video66_final.mp4,Healthy,86,0.0028643295804076895,20.0
video66_final.mp4,Healthy,87,0.006983762413222336,20.0
video66_final.mp4,Healthy,88,0.0034764325939881796,20.0
video66_final.mp4,Healthy,89,0.004191547211267304,20.0
video66_final.mp4,Healthy,90,0.008916759103706522,20.0
video66_final.mp4,Healthy,91,0.01284890878071402,20.0
video66_final.mp4,Healthy,92,0.025444277266886514,20.0
video66_final.mp4,Healthy,93,0.005850520633474311,20.0
video66_final.mp4,Healthy,94,0.017739872300830194,20.0
video66_final.mp4,Healthy,95,0.011372974313158845,20.0
video66_final.mp4,Healthy,96,0.010357716380163268,20.0
video66_final.mp4,Healthy,97,0.00808688875299972,20.0
video66_final.mp4,Healthy,98,0.008037322638255268,20.0
video66_final.mp4,Healthy,99,0.008572738774584787,20.0
video66_final.mp4,Healthy,100,0.013267257713448357,20.0
video67_final.mp4,Healthy,1,0.0,20.0
video67_final.mp4,Healthy,2,0.011889720413750063,20.0
video67_final.mp4,Healthy,3,0.002386294690402064,20.0
video67_final.mp4,Healthy,4,0.003323645552181114,20.0
video67_final.mp4,Healthy,5,0.0034407769903570316,20.0
video67_final.mp4,Healthy,6,0.003204619037965924,20.0
video67_final.mp4,Healthy,7,0.001762886606717315,20.0
video67_final.mp4,Healthy,8,0.0038989975654377187,20.0
video67_final.mp4,Healthy,9,0.002201676627225264,20.0
video67_final.mp4,Healthy,10,0.008640536895613506,20.0
video67_final.mp4,Healthy,11,0.006611184105417025,20.0
video67_final.mp4,Healthy,12,0.0027415945358181316,20.0
video67_final.mp4,Healthy,13,0.010547155990743178,20.0
video67_final.mp4,Healthy,14,0.009546627973337865,20.0
video67_final.mp4,Healthy,15,0.002290036654675468,20.0
video67_final.mp4,Healthy,16,0.0027813509409940437,20.0
video67_final.mp4,Healthy,17,0.01178173807883369,20.0
video67_final.mp4,Healthy,18,0.02748253106868067,20.0
video67_final.mp4,Healthy,19,0.020201376578411312,20.0
video67_final.mp4,Healthy,20,0.027523605785863377,20.0
video67_final.mp4,Healthy,21,0.030637116723650524,20.0
video67_final.mp4,Healthy,22,0.02233556612410944,20.0
video67_final.mp4,Healthy,23,0.015670921921144026,20.0
video67_final.mp4,Healthy,24,0.009963082218406328,20.0
video67_final.mp4,Healthy,25,0.005636128232101099,20.0
video67_final.mp4,Healthy,26,0.0063893844661376716,20.0
video67_final.mp4,Healthy,27,0.003807776298824559,20.0
video67_final.mp4,Healthy,28,0.013724200037658028,20.0
video67_final.mp4,Healthy,29,0.008803581536275565,20.0
video67_final.mp4,Healthy,30,0.0028681057819331945,20.0
video67_final.mp4,Healthy,31,0.0036963074666909075,20.0
video67_final.mp4,Healthy,32,0.002307056850891036,20.0
video67_final.mp4,Healthy,33,0.0021500169808482106,20.0
video67_final.mp4,Healthy,34,0.005478989285287034,20.0
video67_final.mp4,Healthy,35,0.00458011197475362,20.0
video67_final.mp4,Healthy,36,0.011273814407743271,20.0
video67_final.mp4,Healthy,37,0.003627086576825886,20.0
video67_final.mp4,Healthy,38,0.0091361391071891,20.0
video67_final.mp4,Healthy,39,0.005944377192018843,20.0
video67_final.mp4,Healthy,40,0.003093667307398281,20.0
video67_final.mp4,Healthy,41,0.003735939861938913,20.0
video67_final.mp4,Healthy,42,0.001492803740712225,20.0
video67_final.mp4,Healthy,43,0.0013440262771426369,20.0
video67_final.mp4,Healthy,44,0.00993892369599602,20.0
video67_final.mp4,Healthy,45,0.0038656166311378977,20.0
video67_final.mp4,Healthy,46,0.0022104091006434033,20.0
video67_final.mp4,Healthy,47,0.0024074765490493676,20.0
video67_final.mp4,Healthy,48,0.010224369911831201,20.0
video67_final.mp4,Healthy,49,0.002942765475814996,20.0
video67_final.mp4,Healthy,50,0.007704824133983847,20.0
video67_final.mp4,Healthy,51,0.003640339702363474,20.0
video67_final.mp4,Healthy,52,0.008335419585480838,20.0
video67_final.mp4,Healthy,53,0.005674883884767126,20.0
video67_final.mp4,Healthy,54,0.003858699357793112,20.0
video67_final.mp4,Healthy,55,0.006532888449246481,20.0
video67_final.mp4,Healthy,56,0.005013078842751481,20.0
video67_final.mp4,Healthy,57,0.009307473751647352,20.0
video67_final.mp4,Healthy,58,0.010023987169059445,20.0
video67_final.mp4,Healthy,59,0.0053490283719496235,20.0
video67_final.mp4,Healthy,60,0.007788743653725662,20.0
video67_final.mp4,Healthy,61,0.00411038303404648,20.0
video67_final.mp4,Healthy,62,0.004015373731698816,20.0
video67_final.mp4,Healthy,63,0.003938491556309169,20.0
video67_final.mp4,Healthy,64,0.005807495548243742,20.0
video67_final.mp4,Healthy,65,0.006745918100979733,20.0
video67_final.mp4,Healthy,66,0.009757599156797163,20.0
video67_final.mp4,Healthy,67,0.0073508106764076635,20.0
video67_final.mp4,Healthy,68,0.0185269278774656,20.0
video67_final.mp4,Healthy,69,0.017479976818649712,20.0
video67_final.mp4,Healthy,70,0.028039925667284055,20.0
video67_final.mp4,Healthy,71,0.013960234648258775,20.0
video67_final.mp4,Healthy,72,0.008283390353265373,20.0
video67_final.mp4,Healthy,73,0.005817995363997303,20.0
video67_final.mp4,Healthy,74,0.0032831887655914477,20.0
video67_final.mp4,Healthy,75,0.008338686373283756,20.0
video67_final.mp4,Healthy,76,0.008178869610216626,20.0
video67_final.mp4,Healthy,77,0.006072169312590542,20.0
video67_final.mp4,Healthy,78,0.003442526162744299,20.0
video67_final.mp4,Healthy,79,0.0053266005328055565,20.0
video67_final.mp4,Healthy,80,0.011784148404297673,20.0
video67_final.mp4,Healthy,81,0.004672754307230387,20.0
video67_final.mp4,Healthy,82,0.00713802274811617,20.0
video67_final.mp4,Healthy,83,0.004699749971380777,20.0
video67_final.mp4,Healthy,84,0.003621051875455482,20.0
video67_final.mp4,Healthy,85,0.0062533961207346354,20.0
video67_final.mp4,Healthy,86,0.0015537950247251,20.0
video67_final.mp4,Healthy,87,0.003921253547495223,20.0
video67_final.mp4,Healthy,88,0.03629845773789679,20.0
video67_final.mp4,Healthy,89,0.018516637623953038,20.0
video67_final.mp4,Healthy,90,0.01581204377024308,20.0
video67_final.mp4,Healthy,91,0.019525710699738377,20.0
video67_final.mp4,Healthy,92,0.025498367648806478,20.0
video67_final.mp4,Healthy,93,0.006020706536068308,20.0
video67_final.mp4,Healthy,94,0.014523473294701952,20.0
video67_final.mp4,Healthy,95,0.003628293085782636,20.0
video67_final.mp4,Healthy,96,0.0045902359426610514,20.0
video67_final.mp4,Healthy,97,0.005584243132609711,20.0
video67_final.mp4,Healthy,98,0.009210131596182445,20.0
video67_final.mp4,Healthy,99,0.005906051094461128,20.0
video67_final.mp4,Healthy,100,0.005996608789430591,20.0
video68_final.mp4,Healthy,1,0.0,20.0
video68_final.mp4,Healthy,2,0.033301231088900464,20.0
video68_final.mp4,Healthy,3,0.02306702587596851,20.0
video68_final.mp4,Healthy,4,0.009196128509145475,20.0
video68_final.mp4,Healthy,5,0.010659517547444335,20.0
video68_final.mp4,Healthy,6,0.008310131750269524,20.0
video68_final.mp4,Healthy,7,0.005495037289723095,20.0
video68_final.mp4,Healthy,8,0.013940532033477686,20.0
video68_final.mp4,Healthy,9,0.011062386981901989,20.0
video68_final.mp4,Healthy,10,0.014859716628617061,20.0
video68_final.mp4,Healthy,11,0.015495289744550092,20.0
video68_final.mp4,Healthy,12,0.023717437264891766,20.0
video68_final.mp4,Healthy,13,0.015947974132325512,20.0
video68_final.mp4,Healthy,14,0.012157841192320518,20.0
video68_final.mp4,Healthy,15,0.010616247849236532,20.0
video68_final.mp4,Healthy,16,0.0016464623072181932,20.0
video68_final.mp4,Healthy,17,0.007406316724674976,20.0
video68_final.mp4,Healthy,18,0.006494744979957571,20.0
video68_final.mp4,Healthy,19,0.0022871491430375723,20.0
video68_final.mp4,Healthy,20,0.004557578282122143,20.0
video68_final.mp4,Healthy,21,0.00414946845656441,20.0
video68_final.mp4,Healthy,22,0.003366991283074295,20.0
video68_final.mp4,Healthy,23,0.0045384249675562175,20.0
video68_final.mp4,Healthy,24,0.0047445848139575746,20.0
video68_final.mp4,Healthy,25,0.005066369418801837,20.0
video68_final.mp4,Healthy,26,0.018217261781199177,20.0
video68_final.mp4,Healthy,27,0.019620454004163804,20.0
video68_final.mp4,Healthy,28,0.011392573588711895,20.0
video68_final.mp4,Healthy,29,0.012500386153016263,20.0
video68_final.mp4,Healthy,30,0.011311176686705296,20.0
video68_final.mp4,Healthy,31,0.007138799965270192,20.0
video68_final.mp4,Healthy,32,0.00569567107087563,20.0
video68_final.mp4,Healthy,33,0.0028982669475357253,20.0
video68_final.mp4,Healthy,34,0.008410968361169543,20.0
video68_final.mp4,Healthy,35,0.006318391805757547,20.0
video68_final.mp4,Healthy,36,0.005202743803641546,20.0
video68_final.mp4,Healthy,37,0.004128515956021552,20.0
video68_final.mp4,Healthy,38,0.005654299246720801,20.0
video68_final.mp4,Healthy,39,0.0035899059883766813,20.0
video68_final.mp4,Healthy,40,0.006849777839979886,20.0
video68_final.mp4,Healthy,41,0.0052289186255617195,20.0
video68_final.mp4,Healthy,42,0.0027227617646903533,20.0
video68_final.mp4,Healthy,43,0.003043391092572364,20.0
video68_final.mp4,Healthy,44,0.007915559019322433,20.0
video68_final.mp4,Healthy,45,0.0032773555945677206,20.0
video68_final.mp4,Healthy,46,0.006777489674420603,20.0
video68_final.mp4,Healthy,47,0.005855914353748562,20.0
video68_final.mp4,Healthy,48,0.002292295877076054,20.0
video68_final.mp4,Healthy,49,0.001125094417564485,20.0
video68_final.mp4,Healthy,50,0.00966270518948555,20.0
video68_final.mp4,Healthy,51,0.013529878188852778,20.0
video68_final.mp4,Healthy,52,0.016846601827048013,20.0
video68_final.mp4,Healthy,53,0.0036708177910890743,20.0
video68_final.mp4,Healthy,54,0.0029521654866427743,20.0
video68_final.mp4,Healthy,55,0.0033321238296558312,20.0
video68_final.mp4,Healthy,56,0.004384234768426769,20.0
video68_final.mp4,Healthy,57,0.005554844855505472,20.0
video68_final.mp4,Healthy,58,0.0063687947155145405,20.0
video68_final.mp4,Healthy,59,0.005481822013150345,20.0
video68_final.mp4,Healthy,60,0.008883138246952017,20.0
video68_final.mp4,Healthy,61,0.005233211579091134,20.0
video68_final.mp4,Healthy,62,0.003428681308825058,20.0
video68_final.mp4,Healthy,63,0.0022902859905918047,20.0
video68_final.mp4,Healthy,64,0.003323707406328315,20.0
video68_final.mp4,Healthy,65,0.006770520029645731,20.0
video68_final.mp4,Healthy,66,0.001995079371146982,20.0
video68_final.mp4,Healthy,67,0.00297666167968638,20.0
video68_final.mp4,Healthy,68,0.005700602455707358,20.0
video68_final.mp4,Healthy,69,0.006425340133319961,20.0
video68_final.mp4,Healthy,70,0.0028969916657030467,20.0
video68_final.mp4,Healthy,71,0.013657441327827072,20.0
video68_final.mp4,Healthy,72,0.013587796205809346,20.0
video68_final.mp4,Healthy,73,0.005720944982553507,20.0
video68_final.mp4,Healthy,74,0.00896006912160592,20.0
video68_final.mp4,Healthy,75,0.004089456465068072,20.0
video68_final.mp4,Healthy,76,0.007559500035376751,20.0
video68_final.mp4,Healthy,77,0.011533425479585174,20.0
video68_final.mp4,Healthy,78,0.0032928710456838917,20.0
video68_final.mp4,Healthy,79,0.007405677873941954,20.0
video68_final.mp4,Healthy,80,0.005426916420818371,20.0
video68_final.mp4,Healthy,81,0.0027995896332437043,20.0
video68_final.mp4,Healthy,82,0.0019578279956763475,20.0
video68_final.mp4,Healthy,83,0.002966081168700521,20.0
video68_final.mp4,Healthy,84,0.003135520141897116,20.0
video68_final.mp4,Healthy,85,0.00412667343411403,20.0
video68_final.mp4,Healthy,86,0.006680891045019138,20.0
video68_final.mp4,Healthy,87,0.010676323345747148,20.0
video68_final.mp4,Healthy,88,0.007565648029335679,20.0
video68_final.mp4,Healthy,89,0.0048915934871194815,20.0
video68_final.mp4,Healthy,90,0.02064807407381766,20.0
video68_final.mp4,Healthy,91,0.015407420530240856,20.0
video68_final.mp4,Healthy,92,0.028059427710680335,20.0
video68_final.mp4,Healthy,93,0.016796020205233957,20.0
video68_final.mp4,Healthy,94,0.017090937252420252,20.0
video68_final.mp4,Healthy,95,0.009859667697109822,20.0
video68_final.mp4,Healthy,96,0.011787595528473487,20.0
video68_final.mp4,Healthy,97,0.009451971670842212,20.0
video68_final.mp4,Healthy,98,0.004220231053361642,20.0
video68_final.mp4,Healthy,99,0.004962550838971761,20.0
video68_final.mp4,Healthy,100,0.006860859152390466,20.0
video6_final.mp4,Healthy,1,0.0,20.0
video6_final.mp4,Healthy,2,0.018479851684850508,20.0
video6_final.mp4,Healthy,3,0.013928317504368196,20.0
video6_final.mp4,Healthy,4,0.01231605366191464,20.0
video6_final.mp4,Healthy,5,0.007610017093546677,20.0
video6_final.mp4,Healthy,6,0.004329578712174479,20.0
video6_final.mp4,Healthy,7,0.008290804162093714,20.0
video6_final.mp4,Healthy,8,0.0021033644839753896,20.0
video6_final.mp4,Healthy,9,0.006798099419755791,20.0
video6_final.mp4,Healthy,10,0.00908883886306048,20.0
video6_final.mp4,Healthy,11,0.007444088591792793,20.0
video6_final.mp4,Healthy,12,0.00868182030864922,20.0
video6_final.mp4,Healthy,13,0.007101272346046913,20.0
video6_final.mp4,Healthy,14,0.006352468909223758,20.0
video6_final.mp4,Healthy,15,0.00678174838006741,20.0
video6_final.mp4,Healthy,16,0.0019503556070375027,20.0
video6_final.mp4,Healthy,17,0.010914547895374742,20.0
video6_final.mp4,Healthy,18,0.012314186621427395,20.0
video6_final.mp4,Healthy,19,0.004305481693952453,20.0
video6_final.mp4,Healthy,20,0.00531286232727559,20.0
video6_final.mp4,Healthy,21,0.008241634547236733,20.0
video6_final.mp4,Healthy,22,0.007986080798230037,20.0
video6_final.mp4,Healthy,23,0.012726359777580652,20.0
video6_final.mp4,Healthy,24,0.00674221304011098,20.0
video6_final.mp4,Healthy,25,0.016116232875132013,20.0
video6_final.mp4,Healthy,26,0.004732408422779915,20.0
video6_final.mp4,Healthy,27,0.00850163697560635,20.0
video6_final.mp4,Healthy,28,0.00877003452678723,20.0
video6_final.mp4,Healthy,29,0.012322751512806337,20.0
video6_final.mp4,Healthy,30,0.015724818202838945,20.0
video6_final.mp4,Healthy,31,0.014751298842608883,20.0
video6_final.mp4,Healthy,32,0.007843611802129254,20.0
video6_final.mp4,Healthy,33,0.011773318424267478,20.0
video6_final.mp4,Healthy,34,0.009076350127730474,20.0
video6_final.mp4,Healthy,35,0.013374795492583948,20.0
video6_final.mp4,Healthy,36,0.007537011876015649,20.0
video6_final.mp4,Healthy,37,0.011765004283399827,20.0
video6_final.mp4,Healthy,38,0.012390835294258343,20.0
video6_final.mp4,Healthy,39,0.018776305556126322,20.0
video6_final.mp4,Healthy,40,0.01024173997762731,20.0
video6_final.mp4,Healthy,41,0.012359114212879456,20.0
video6_final.mp4,Healthy,42,0.0035933109993823652,20.0
video6_final.mp4,Healthy,43,0.007625711157910634,20.0
video6_final.mp4,Healthy,44,0.01115783602157335,20.0
video6_final.mp4,Healthy,45,0.008364578138391228,20.0
video6_final.mp4,Healthy,46,0.003945258210258565,20.0
video6_final.mp4,Healthy,47,0.010080954232344052,20.0
video6_final.mp4,Healthy,48,0.00890999541643331,20.0
video6_final.mp4,Healthy,49,0.042508458183375154,20.0
video6_final.mp4,Healthy,50,0.019559899099076267,20.0
video6_final.mp4,Healthy,51,0.016705996102036273,20.0
video6_final.mp4,Healthy,52,0.01431917002972248,20.0
video6_final.mp4,Healthy,53,0.014929315769478639,20.0
video6_final.mp4,Healthy,54,0.01844387327242845,20.0
video6_final.mp4,Healthy,55,0.018151310801826234,20.0
video6_final.mp4,Healthy,56,0.01947653417958299,20.0
video6_final.mp4,Healthy,57,0.010931195659706933,20.0
video6_final.mp4,Healthy,58,0.011127694637307851,20.0
video6_final.mp4,Healthy,59,0.006290622962448496,20.0
video6_final.mp4,Healthy,60,0.006077391948292762,20.0
video6_final.mp4,Healthy,61,0.011764394704239433,20.0
video6_final.mp4,Healthy,62,0.005581347975497719,20.0
video6_final.mp4,Healthy,63,0.01704062182672533,20.0
video6_final.mp4,Healthy,64,0.011159156194597833,20.0
video6_final.mp4,Healthy,65,0.010373030406376042,20.0
video6_final.mp4,Healthy,66,0.013825949190860951,20.0
video6_final.mp4,Healthy,67,0.03133356695166597,20.0
video6_final.mp4,Healthy,68,0.018960406700549718,20.0
video6_final.mp4,Healthy,69,0.007009734335121411,20.0
video6_final.mp4,Healthy,70,0.010635198407232002,20.0
video6_final.mp4,Healthy,71,0.015797187635929404,20.0
video6_final.mp4,Healthy,72,0.02606382905139147,20.0
video6_final.mp4,Healthy,73,0.012830501969840763,20.0
video6_final.mp4,Healthy,74,0.018761059344845104,20.0
video6_final.mp4,Healthy,75,0.008299909849671331,20.0
video6_final.mp4,Healthy,76,0.0009083090086871162,20.0
video6_final.mp4,Healthy,77,0.0075871333946027734,20.0
video6_final.mp4,Healthy,78,0.008382794791545271,20.0
video6_final.mp4,Healthy,79,0.003128553495252458,20.0
video6_final.mp4,Healthy,80,0.008091028188163431,20.0
video6_final.mp4,Healthy,81,0.016670084113979914,20.0
video6_final.mp4,Healthy,82,0.04804374315243379,20.0
video6_final.mp4,Healthy,83,0.012177022855682706,20.0
video6_final.mp4,Healthy,84,0.01246385872366751,20.0
video6_final.mp4,Healthy,85,0.013868895359448371,20.0
video6_final.mp4,Healthy,86,0.022380395985945652,20.0
video6_final.mp4,Healthy,87,0.01579287727605691,20.0
video6_final.mp4,Healthy,88,0.01309668699003876,20.0
video6_final.mp4,Healthy,89,0.007330378340026704,20.0
video6_final.mp4,Healthy,90,0.005674537192023402,20.0
video6_final.mp4,Healthy,91,0.010196594981275594,20.0
video6_final.mp4,Healthy,92,0.010905062926820181,20.0
video6_final.mp4,Healthy,93,0.00508030002242624,20.0
video6_final.mp4,Healthy,94,0.0051972380703409786,20.0
video6_final.mp4,Healthy,95,0.005108873382867356,20.0
video6_final.mp4,Healthy,96,0.004124710939295618,20.0
video6_final.mp4,Healthy,97,0.013258756529547264,20.0
video6_final.mp4,Healthy,98,0.007211160809807395,20.0
video6_final.mp4,Healthy,99,0.004265875031421853,20.0
video6_final.mp4,Healthy,100,0.0036451810129520105,20.0
video8_final.mp4,Healthy,1,0.0,20.0
video8_final.mp4,Healthy,2,0.05645025616895321,20.0
video8_final.mp4,Healthy,3,0.027303939888680212,20.0
video8_final.mp4,Healthy,4,0.033186415475475024,20.0
video8_final.mp4,Healthy,5,0.022852841883194877,20.0
video8_final.mp4,Healthy,6,0.02804162555244453,20.0
video8_final.mp4,Healthy,7,0.013012520324266766,20.0
video8_final.mp4,Healthy,8,0.013192477560945144,20.0
video8_final.mp4,Healthy,9,0.008951283334945619,20.0
video8_final.mp4,Healthy,10,0.008599546691355278,20.0
video8_final.mp4,Healthy,11,0.003873019457697201,20.0
video8_final.mp4,Healthy,12,0.006457752370255834,20.0
video8_final.mp4,Healthy,13,0.011210415633450826,20.0
video8_final.mp4,Healthy,14,0.010288309881511111,20.0
video8_final.mp4,Healthy,15,0.0028027217915699153,20.0
video8_final.mp4,Healthy,16,0.014497449159108037,20.0
video8_final.mp4,Healthy,17,0.029798678675780014,20.0
video8_final.mp4,Healthy,18,0.012763864625710527,20.0
video8_final.mp4,Healthy,19,0.01574954962335045,20.0
video8_final.mp4,Healthy,20,0.012697825003313647,20.0
video8_final.mp4,Healthy,21,0.014603156300865996,20.0
video8_final.mp4,Healthy,22,0.010577634822602051,20.0
video8_final.mp4,Healthy,23,0.016244193425187927,20.0
video8_final.mp4,Healthy,24,0.012998064710630986,20.0
video8_final.mp4,Healthy,25,0.014409323136264418,20.0
video8_final.mp4,Healthy,26,0.019030238841913842,20.0
video8_final.mp4,Healthy,27,0.003563471545313514,20.0
video8_final.mp4,Healthy,28,0.01788680661665705,20.0
video8_final.mp4,Healthy,29,0.015136072736573664,20.0
video8_final.mp4,Healthy,30,0.010528987315652362,20.0
video8_final.mp4,Healthy,31,0.014230090272486048,20.0
video8_final.mp4,Healthy,32,0.018896128614034145,20.0
video8_final.mp4,Healthy,33,0.01608845889134528,20.0
video8_final.mp4,Healthy,34,0.01993822689377484,20.0
video8_final.mp4,Healthy,35,0.010409789552122267,20.0
video8_final.mp4,Healthy,36,0.005965361533813079,20.0
video8_final.mp4,Healthy,37,0.013141904761165444,20.0
video8_final.mp4,Healthy,38,0.005498718467302599,20.0
video8_final.mp4,Healthy,39,0.0033145607605821015,20.0
video8_final.mp4,Healthy,40,0.012629788595836364,20.0
video8_final.mp4,Healthy,41,0.01366280008160698,20.0
video8_final.mp4,Healthy,42,0.0323459065285692,20.0
video8_final.mp4,Healthy,43,0.020558840353809914,20.0
video8_final.mp4,Healthy,44,0.005093368544407309,20.0
video8_final.mp4,Healthy,45,0.011144415683227946,20.0
video8_final.mp4,Healthy,46,0.027782036679703914,20.0
video8_final.mp4,Healthy,47,0.011217307426086856,20.0
video8_final.mp4,Healthy,48,0.02111535647563971,20.0
video8_final.mp4,Healthy,49,0.005923475637164527,20.0
video8_final.mp4,Healthy,50,0.029758405303564148,20.0
video8_final.mp4,Healthy,51,0.043472517389232045,20.0
video8_final.mp4,Healthy,52,0.025125327591175514,20.0
video8_final.mp4,Healthy,53,0.006498341596520233,20.0
video8_final.mp4,Healthy,54,0.006797678978281515,20.0
video8_final.mp4,Healthy,55,0.011567439780458244,20.0
video8_final.mp4,Healthy,56,0.009925500544586179,20.0
video8_final.mp4,Healthy,57,0.013108467337346308,20.0
video8_final.mp4,Healthy,58,0.022303510704237566,20.0
video8_final.mp4,Healthy,59,0.03089984262768782,20.0
video8_final.mp4,Healthy,60,0.04155749978310145,20.0
video8_final.mp4,Healthy,61,0.030389370366772698,20.0
video8_final.mp4,Healthy,62,0.028625241529811874,20.0
video8_final.mp4,Healthy,63,0.023473956052689593,20.0
video8_final.mp4,Healthy,64,0.006412016507064946,20.0
video8_final.mp4,Healthy,65,0.038003265599228044,20.0
video8_final.mp4,Healthy,66,0.02979334929954646,20.0
video8_final.mp4,Healthy,67,0.03141573091511184,20.0
video8_final.mp4,Healthy,68,0.028047078649955565,20.0
video8_final.mp4,Healthy,69,0.01425063740214783,20.0
video8_final.mp4,Healthy,70,0.01826024625917493,20.0
video8_final.mp4,Healthy,71,0.0032556906985491004,20.0
video8_final.mp4,Healthy,72,0.009976469898613111,20.0
video8_final.mp4,Healthy,73,0.01683439793084639,20.0
video8_final.mp4,Healthy,74,0.021225708398957738,20.0
video8_final.mp4,Healthy,75,0.01228993498894511,20.0
video8_final.mp4,Healthy,76,0.026383339239298764,20.0
video8_final.mp4,Healthy,77,0.016887607993360632,20.0
video8_final.mp4,Healthy,78,0.00720627070683667,20.0
video8_final.mp4,Healthy,79,0.020392508742188075,20.0
video8_final.mp4,Healthy,80,0.009508257692961677,20.0
video8_final.mp4,Healthy,81,0.005933678687438924,20.0
video8_final.mp4,Healthy,82,0.008719380354450941,20.0
video8_final.mp4,Healthy,83,0.008140448163190466,20.0
video8_final.mp4,Healthy,84,0.011930480422843831,20.0
video8_final.mp4,Healthy,85,0.008795265326961513,20.0
video8_final.mp4,Healthy,86,0.009468851728300295,20.0
video8_final.mp4,Healthy,87,0.005481787240211082,20.0
video8_final.mp4,Healthy,88,0.0027832925375328877,20.0
video8_final.mp4,Healthy,89,0.003980593012656453,20.0
video8_final.mp4,Healthy,90,0.005903714043321774,20.0
video8_final.mp4,Healthy,91,0.00543139211859649,20.0
video8_final.mp4,Healthy,92,0.00449436526220116,20.0
video8_final.mp4,Healthy,93,0.015210289841610658,20.0
video8_final.mp4,Healthy,94,0.005976016785842201,20.0
video8_final.mp4,Healthy,95,0.003295536175996668,20.0
video8_final.mp4,Healthy,96,0.009681220478031683,20.0
video8_final.mp4,Healthy,97,0.0038790376455435406,20.0
video8_final.mp4,Healthy,98,0.0056835893312437505,20.0
video8_final.mp4,Healthy,99,0.004424074921584912,20.0
video8_final.mp4,Healthy,100,0.005910115664613671,20.0
video98_final.mp4,Healthy,1,0.0,20.0
video98_final.mp4,Healthy,2,0.011418456968109073,20.0
video98_final.mp4,Healthy,3,0.013041124125518468,20.0
video98_final.mp4,Healthy,4,0.05044373541934429,20.0
video98_final.mp4,Healthy,5,0.03088279497615727,20.0
video98_final.mp4,Healthy,6,0.026626004824171004,20.0
video98_final.mp4,Healthy,7,0.023226301796543152,20.0
video98_final.mp4,Healthy,8,0.019434364452581603,20.0
video98_final.mp4,Healthy,9,0.009438874686245683,20.0
video98_final.mp4,Healthy,10,0.005140514135683268,20.0
video98_final.mp4,Healthy,11,0.008474116918551855,20.0
video98_final.mp4,Healthy,12,0.011732130243687822,20.0
video98_final.mp4,Healthy,13,0.01839142432583179,20.0
video98_final.mp4,Healthy,14,0.05928317264005151,20.0
video98_final.mp4,Healthy,15,0.05231962460405791,20.0
video98_final.mp4,Healthy,16,0.11606886496117896,20.0
video98_final.mp4,Healthy,17,0.09098908018542477,20.0
video98_final.mp4,Healthy,18,0.08242194926978609,20.0
video98_final.mp4,Healthy,19,0.059252638593894146,20.0
video98_final.mp4,Healthy,20,0.02868113802976663,20.0
video98_final.mp4,Healthy,21,0.008129758387767638,20.0
video98_final.mp4,Healthy,22,0.01114099047005103,20.0
video98_final.mp4,Healthy,23,0.0073421763381010495,20.0
video98_final.mp4,Healthy,24,0.019379708146414636,20.0
video98_final.mp4,Healthy,25,0.00411007354157229,20.0
video98_final.mp4,Healthy,26,0.008859018499133052,20.0
video98_final.mp4,Healthy,27,0.005171558335756606,20.0
video98_final.mp4,Healthy,28,0.014749736914786033,20.0
video98_final.mp4,Healthy,29,0.037893775312624736,20.0
video98_final.mp4,Healthy,30,0.09647480526926577,20.0
video98_final.mp4,Healthy,31,0.08779451576119104,20.0
video98_final.mp4,Healthy,32,0.08880668339719097,20.0
video98_final.mp4,Healthy,33,0.06626365248783106,20.0
video98_final.mp4,Healthy,34,0.06184767648155976,20.0
video98_final.mp4,Healthy,35,0.025931768125714773,20.0
video98_final.mp4,Healthy,36,0.01809049722993017,20.0
video98_final.mp4,Healthy,37,0.008259909619531769,20.0
video98_final.mp4,Healthy,38,0.0046407598344309214,20.0
video98_final.mp4,Healthy,39,0.004451853245048051,20.0
video98_final.mp4,Healthy,40,0.00088123537428257,20.0
video98_final.mp4,Healthy,41,0.0033928629393958775,20.0
video98_final.mp4,Healthy,42,0.007062773142638738,20.0
video98_final.mp4,Healthy,43,0.006339185010888886,20.0
video98_final.mp4,Healthy,44,0.005880152211055607,20.0
video98_final.mp4,Healthy,45,0.004637721992106476,20.0
video98_final.mp4,Healthy,46,0.003159877388727137,20.0
video98_final.mp4,Healthy,47,0.016216699231801714,20.0
video98_final.mp4,Healthy,48,0.019818001495367717,20.0
video98_final.mp4,Healthy,49,0.008535137971120408,20.0
video98_final.mp4,Healthy,50,0.012805150337830572,20.0
video98_final.mp4,Healthy,51,0.005810516570722565,20.0
video98_final.mp4,Healthy,52,0.0024522508194247026,20.0
video98_final.mp4,Healthy,53,0.002661671768503104,20.0
video98_final.mp4,Healthy,54,0.008676303317440506,20.0
video98_final.mp4,Healthy,55,0.009138651960687754,20.0
video98_final.mp4,Healthy,56,0.0012982434297003987,20.0
video98_final.mp4,Healthy,57,0.003936693799909187,20.0
video98_final.mp4,Healthy,58,0.008055723391421864,20.0
video98_final.mp4,Healthy,59,0.014870413020466208,20.0
video98_final.mp4,Healthy,60,0.010078377883891482,20.0
video98_final.mp4,Healthy,61,0.01324172224977621,20.0
video98_final.mp4,Healthy,62,0.01892586652871006,20.0
video98_final.mp4,Healthy,63,0.00831088202119598,20.0
video98_final.mp4,Healthy,64,0.01960677520147166,20.0
video98_final.mp4,Healthy,65,0.0058572739527491076,20.0
video98_final.mp4,Healthy,66,0.005676386649109626,20.0
video98_final.mp4,Healthy,67,0.010993158714886818,20.0
video98_final.mp4,Healthy,68,0.019932243981295766,20.0
video98_final.mp4,Healthy,69,0.009265307811789901,20.0
video98_final.mp4,Healthy,70,0.017936967656668943,20.0
video98_final.mp4,Healthy,71,0.007359474035049798,20.0
video98_final.mp4,Healthy,72,0.01569954580660029,20.0
video98_final.mp4,Healthy,73,0.010915834432457574,20.0
video98_final.mp4,Healthy,74,0.014728746489298459,20.0
video98_final.mp4,Healthy,75,0.016171694866222743,20.0
video98_final.mp4,Healthy,76,0.020160664439682896,20.0
video98_final.mp4,Healthy,77,0.022747168239107177,20.0
video98_final.mp4,Healthy,78,0.027984759743025795,20.0
video98_final.mp4,Healthy,79,0.017106574411551067,20.0
video98_final.mp4,Healthy,80,0.036251659079162744,20.0
video98_final.mp4,Healthy,81,0.025824156074822524,20.0
video98_final.mp4,Healthy,82,0.06051170613936843,20.0
video98_final.mp4,Healthy,83,0.04483653916835099,20.0
video98_final.mp4,Healthy,84,0.06671626413436373,20.0
video98_final.mp4,Healthy,85,0.035154200765191546,20.0
video98_final.mp4,Healthy,86,0.042258267197139605,20.0
video98_final.mp4,Healthy,87,0.02341733127060952,20.0
video98_final.mp4,Healthy,88,0.024324435825162027,20.0
video98_final.mp4,Healthy,89,0.012552996652011117,20.0
video98_final.mp4,Healthy,90,0.013914665938034566,20.0
video98_final.mp4,Healthy,91,0.008599267302916947,20.0
video98_final.mp4,Healthy,92,0.015473011206605639,20.0
video98_final.mp4,Healthy,93,0.0050991043233643,20.0
video98_final.mp4,Healthy,94,0.006138743644963644,20.0
video98_final.mp4,Healthy,95,0.0028760783310750973,20.0
video98_final.mp4,Healthy,96,0.012327978245257507,20.0
video98_final.mp4,Healthy,97,0.020618213606756045,20.0
video98_final.mp4,Healthy,98,0.014455337764134386,20.0
video98_final.mp4,Healthy,99,0.010135652500402602,20.0
video98_final.mp4,Healthy,100,0.018906091625394267,20.0
video99_final.mp4,Healthy,1,0.0,20.0
video99_final.mp4,Healthy,2,0.021988464787644827,20.0
video99_final.mp4,Healthy,3,0.029984652350891903,20.0
video99_final.mp4,Healthy,4,0.014451614120868374,20.0
video99_final.mp4,Healthy,5,0.012089865392632654,20.0
video99_final.mp4,Healthy,6,0.010098236961665763,20.0
video99_final.mp4,Healthy,7,0.025967379094057625,20.0
video99_final.mp4,Healthy,8,0.03492191232399924,20.0
video99_final.mp4,Healthy,9,0.036035846027066935,20.0
video99_final.mp4,Healthy,10,0.01926714496687301,20.0
video99_final.mp4,Healthy,11,0.016908369214987094,20.0
video99_final.mp4,Healthy,12,0.009914013693098364,20.0
video99_final.mp4,Healthy,13,0.005195479784327371,20.0
video99_final.mp4,Healthy,14,0.023644930647392762,20.0
video99_final.mp4,Healthy,15,0.01398905974991576,20.0
video99_final.mp4,Healthy,16,0.024330843645850277,20.0
video99_final.mp4,Healthy,17,0.01661838764251175,20.0
video99_final.mp4,Healthy,18,0.019690804912089882,20.0
video99_final.mp4,Healthy,19,0.009729151429189049,20.0
video99_final.mp4,Healthy,20,0.010133166429901676,20.0
video99_final.mp4,Healthy,21,0.010075477226637266,20.0
video99_final.mp4,Healthy,22,0.012157456367431199,20.0
video99_final.mp4,Healthy,23,0.018299927495379145,20.0
video99_final.mp4,Healthy,24,0.011080864009810431,20.0
video99_final.mp4,Healthy,25,0.0015384389830047126,20.0
video99_final.mp4,Healthy,26,0.0030199196778674807,20.0
video99_final.mp4,Healthy,27,0.010288085492900638,20.0
video99_final.mp4,Healthy,28,0.012085753845732218,20.0
video99_final.mp4,Healthy,29,0.008816921323736968,20.0
video99_final.mp4,Healthy,30,0.014517712006283929,20.0
video99_final.mp4,Healthy,31,0.012700965801318345,20.0
video99_final.mp4,Healthy,32,0.007050569145288591,20.0
video99_final.mp4,Healthy,33,0.009149980152990348,20.0
video99_final.mp4,Healthy,34,0.0038127603407283883,20.0
video99_final.mp4,Healthy,35,0.012060187692849876,20.0
video99_final.mp4,Healthy,36,0.028336761132939425,20.0
video99_final.mp4,Healthy,37,0.02897644807739698,20.0
video99_final.mp4,Healthy,38,0.020096378532688402,20.0
video99_final.mp4,Healthy,39,0.017843027995646996,20.0
video99_final.mp4,Healthy,40,0.04145785352909669,20.0
video99_final.mp4,Healthy,41,0.022810893043462625,20.0
video99_final.mp4,Healthy,42,0.017853347702857066,20.0
video99_final.mp4,Healthy,43,0.008800605672476662,20.0
video99_final.mp4,Healthy,44,0.008727497544544695,20.0
video99_final.mp4,Healthy,45,0.012204618633911375,20.0
video99_final.mp4,Healthy,46,0.0037173950343659524,20.0
video99_final.mp4,Healthy,47,0.006212928351721255,20.0
video99_final.mp4,Healthy,48,0.0007420993788717196,20.0
video99_final.mp4,Healthy,49,0.01002931467759239,20.0
video99_final.mp4,Healthy,50,0.027484106456923337,20.0
video99_final.mp4,Healthy,51,0.02522799373407892,20.0
video99_final.mp4,Healthy,52,0.014210030321310758,20.0
video99_final.mp4,Healthy,53,0.031287022432875934,20.0
video99_final.mp4,Healthy,54,0.03288652241234394,20.0
video99_final.mp4,Healthy,55,0.038341466608621026,20.0
video99_final.mp4,Healthy,56,0.017735153793372926,20.0
video99_final.mp4,Healthy,57,0.016004598291162724,20.0
video99_final.mp4,Healthy,58,0.006416727545183788,20.0
video99_final.mp4,Healthy,59,0.011102386596565865,20.0
video99_final.mp4,Healthy,60,0.01249732032286638,20.0
video99_final.mp4,Healthy,61,0.006623671634189614,20.0
video99_final.mp4,Healthy,62,0.005883721748902095,20.0
video99_final.mp4,Healthy,63,0.010233761837742677,20.0
video99_final.mp4,Healthy,64,0.011971489121540736,20.0
video99_final.mp4,Healthy,65,0.01450350735999583,20.0
video99_final.mp4,Healthy,66,0.016944483785533666,20.0
video99_final.mp4,Healthy,67,0.021010799788080334,20.0
video99_final.mp4,Healthy,68,0.012784040072566194,20.0
video99_final.mp4,Healthy,69,0.014684963011709769,20.0
video99_final.mp4,Healthy,70,0.011712749964579319,20.0
video99_final.mp4,Healthy,71,0.018527711984840992,20.0
video99_final.mp4,Healthy,72,0.020699463026803835,20.0
video99_final.mp4,Healthy,73,0.010826277659888956,20.0
video99_final.mp4,Healthy,74,0.00902979811322472,20.0
video99_final.mp4,Healthy,75,0.005905315029667793,20.0
video99_final.mp4,Healthy,76,0.009128276443065481,20.0
video99_final.mp4,Healthy,77,0.009606711539549987,20.0
video99_final.mp4,Healthy,78,0.014399835323787866,20.0
video99_final.mp4,Healthy,79,0.013694433766302043,20.0
video99_final.mp4,Healthy,80,0.0054225772034638174,20.0
video99_final.mp4,Healthy,81,0.006502671734296631,20.0
video99_final.mp4,Healthy,82,0.036994614966477754,20.0
video99_final.mp4,Healthy,83,0.03297923734196881,20.0
video99_final.mp4,Healthy,84,0.009833093149162636,20.0
video99_final.mp4,Healthy,85,0.021238634243072364,20.0
video99_final.mp4,Healthy,86,0.0212519882245266,20.0
video99_final.mp4,Healthy,87,0.03182865187919941,20.0
video99_final.mp4,Healthy,88,0.01934496884931664,20.0
video99_final.mp4,Healthy,89,0.009275592797099623,20.0
video99_final.mp4,Healthy,90,0.013870100700863587,20.0
video99_final.mp4,Healthy,91,0.031190632280557223,20.0
video99_final.mp4,Healthy,92,0.028819754817596785,20.0
video99_final.mp4,Healthy,93,0.025861467654814996,20.0
video99_final.mp4,Healthy,94,0.016294637926962802,20.0
video99_final.mp4,Healthy,95,0.015685847136088598,20.0
video99_final.mp4,Healthy,96,0.02274276483236857,20.0
video99_final.mp4,Healthy,97,0.04118168189596924,20.0
video99_final.mp4,Healthy,98,0.050971320461872915,20.0
video99_final.mp4,Healthy,99,0.08283199746779131,20.0
video99_final.mp4,Healthy,100,0.050304132513007076,20.0
video0_final.mp4,Parkinson,1,0.0,20.0
video0_final.mp4,Parkinson,2,0.01640754564109079,20.0
video0_final.mp4,Parkinson,3,0.01182330260007911,20.0
video0_final.mp4,Parkinson,4,0.0037989817136674354,20.0
video0_final.mp4,Parkinson,5,0.006046575259352834,20.0
video0_final.mp4,Parkinson,6,0.005618144747091385,20.0
video0_final.mp4,Parkinson,7,0.0033548928795833865,20.0
video0_final.mp4,Parkinson,8,0.005124997520446386,20.0
video0_final.mp4,Parkinson,9,0.009341900442256898,20.0
video0_final.mp4,Parkinson,10,0.004751949561362805,20.0
video0_final.mp4,Parkinson,11,0.00838296476262138,20.0
video0_final.mp4,Parkinson,12,0.009820339017943942,20.0
video0_final.mp4,Parkinson,13,0.004294929476800795,20.0
video0_final.mp4,Parkinson,14,0.007601978231375876,20.0
video0_final.mp4,Parkinson,15,0.0030064785568034206,20.0
video0_final.mp4,Parkinson,16,0.009690520498684302,20.0
video0_final.mp4,Parkinson,17,0.008025893141344076,20.0
video0_final.mp4,Parkinson,18,0.005063104062229752,20.0
video0_final.mp4,Parkinson,19,0.010598942565101651,20.0
video0_final.mp4,Parkinson,20,0.00260163151969338,20.0
video0_final.mp4,Parkinson,21,0.007700825928857785,20.0
video0_final.mp4,Parkinson,22,0.006224323959456091,20.0
video0_final.mp4,Parkinson,23,0.003972180220365234,20.0
video0_final.mp4,Parkinson,24,0.0028429585059313507,20.0
video0_final.mp4,Parkinson,25,0.009467769064215535,20.0
video0_final.mp4,Parkinson,26,0.002618200881950468,20.0
video0_final.mp4,Parkinson,27,0.0013574968985734257,20.0
video0_final.mp4,Parkinson,28,0.00603290338971024,20.0
video0_final.mp4,Parkinson,29,0.0035899373810779262,20.0
video0_final.mp4,Parkinson,30,0.008088160065766464,20.0
video0_final.mp4,Parkinson,31,0.00531506603763985,20.0
video0_final.mp4,Parkinson,32,0.00873224489015699,20.0
video0_final.mp4,Parkinson,33,0.015034019503129154,20.0
video0_final.mp4,Parkinson,34,0.01121817438658127,20.0
video0_final.mp4,Parkinson,35,0.007990577604926148,20.0
video0_final.mp4,Parkinson,36,0.005716388433486999,20.0
video0_final.mp4,Parkinson,37,0.006949785850961367,20.0
video0_final.mp4,Parkinson,38,0.010128962001337545,20.0
video0_final.mp4,Parkinson,39,0.05486928878530158,20.0
video0_final.mp4,Parkinson,40,0.015337643485747628,20.0
video0_final.mp4,Parkinson,41,0.005777418293918773,20.0
video0_final.mp4,Parkinson,42,0.017277426924824788,20.0
video0_final.mp4,Parkinson,43,0.004520616872689484,20.0
video0_final.mp4,Parkinson,44,0.018057142104338352,20.0
video0_final.mp4,Parkinson,45,0.007337715320242555,20.0
video0_final.mp4,Parkinson,46,0.005286377338316911,20.0
video0_final.mp4,Parkinson,47,0.008943442943542906,20.0
video0_final.mp4,Parkinson,48,0.0070124372134885435,20.0
video0_final.mp4,Parkinson,49,0.007528449853744341,20.0
video0_final.mp4,Parkinson,50,0.006074496940670531,20.0
video0_final.mp4,Parkinson,51,0.0134287886241866,20.0
video0_final.mp4,Parkinson,52,0.005353687009443074,20.0
video0_final.mp4,Parkinson,53,0.0043265609479410765,20.0
video0_final.mp4,Parkinson,54,0.006140988780119312,20.0
video0_final.mp4,Parkinson,55,0.008772932997300793,20.0
video0_final.mp4,Parkinson,56,0.007404992758265727,20.0
video0_final.mp4,Parkinson,57,0.006564326503021378,20.0
video0_final.mp4,Parkinson,58,0.0065793423605162394,20.0
video0_final.mp4,Parkinson,59,0.004498410692938065,20.0
video0_final.mp4,Parkinson,60,0.0032459300998818525,20.0
video0_final.mp4,Parkinson,61,0.006912137264950928,20.0
video0_final.mp4,Parkinson,62,0.012060618337321744,20.0
video0_final.mp4,Parkinson,63,0.005339454558263554,20.0
video0_final.mp4,Parkinson,64,0.0028250253407690936,20.0
video0_final.mp4,Parkinson,65,0.005725425459211698,20.0
video0_final.mp4,Parkinson,66,0.0034342303989496037,20.0
video0_final.mp4,Parkinson,67,0.006017696381296997,20.0
video0_final.mp4,Parkinson,68,0.007546897209657433,20.0
video0_final.mp4,Parkinson,69,0.007212507194657307,20.0
video0_final.mp4,Parkinson,70,0.005248390779389637,20.0
video0_final.mp4,Parkinson,71,0.0031855518097308245,20.0
video0_final.mp4,Parkinson,72,0.007175048083942086,20.0
video0_final.mp4,Parkinson,73,0.007122557700547642,20.0
video0_final.mp4,Parkinson,74,0.0035600185367292004,20.0
video0_final.mp4,Parkinson,75,0.009963820956145534,20.0
video0_final.mp4,Parkinson,76,0.004260577353751314,20.0
video0_final.mp4,Parkinson,77,0.008007293001657392,20.0
video0_final.mp4,Parkinson,78,0.01328463010600814,20.0
video0_final.mp4,Parkinson,79,0.0030909847327790087,20.0
video0_final.mp4,Parkinson,80,0.004737329448396965,20.0
video0_final.mp4,Parkinson,81,0.004009516233905753,20.0
video0_final.mp4,Parkinson,82,0.006342826064997506,20.0
video0_final.mp4,Parkinson,83,0.005515021645879027,20.0
video0_final.mp4,Parkinson,84,0.008435427492838895,20.0
video0_final.mp4,Parkinson,85,0.0049539102661333686,20.0
video0_final.mp4,Parkinson,86,0.0015073945958807618,20.0
video0_final.mp4,Parkinson,87,0.00616421734677667,20.0
video0_final.mp4,Parkinson,88,0.0075182826218259105,20.0
video0_final.mp4,Parkinson,89,0.004004582352885525,20.0
video0_final.mp4,Parkinson,90,0.00682263058701802,20.0
video0_final.mp4,Parkinson,91,0.0037133404367809867,20.0
video0_final.mp4,Parkinson,92,0.006673303513847113,20.0
video0_final.mp4,Parkinson,93,0.010416622256970105,20.0
video0_final.mp4,Parkinson,94,0.008866529975244977,20.0
video0_final.mp4,Parkinson,95,0.006758658736032237,20.0
video0_final.mp4,Parkinson,96,0.010565832973672452,20.0
video0_final.mp4,Parkinson,97,0.009082119417417498,20.0
video0_final.mp4,Parkinson,98,0.011985261789055528,20.0
video0_final.mp4,Parkinson,99,0.01043833644389163,20.0
video0_final.mp4,Parkinson,100,0.008094955407127248,20.0
video102_final.mp4,Parkinson,1,0.0,20.0
video102_final.mp4,Parkinson,2,0.0415435139577834,20.0
video102_final.mp4,Parkinson,3,0.01619097374441093,20.0
video102_final.mp4,Parkinson,4,0.013097774880142599,20.0
video102_final.mp4,Parkinson,5,0.02387818885056218,20.0
video102_final.mp4,Parkinson,6,0.019140396759146614,20.0
video102_final.mp4,Parkinson,7,0.006995937165415134,20.0
video102_final.mp4,Parkinson,8,0.022022131347869497,20.0
video102_final.mp4,Parkinson,9,0.013438094299877398,20.0
video102_final.mp4,Parkinson,10,0.012839876492858693,20.0
video102_final.mp4,Parkinson,11,0.015223235007182728,20.0
video102_final.mp4,Parkinson,12,0.009563966816926372,20.0
video102_final.mp4,Parkinson,13,0.0170990997678071,20.0
video102_final.mp4,Parkinson,14,0.016158810535727142,20.0
video102_final.mp4,Parkinson,15,0.020942344483540046,20.0
video102_final.mp4,Parkinson,16,0.013966758695731692,20.0
video102_final.mp4,Parkinson,17,0.019213305095597984,20.0
video102_final.mp4,Parkinson,18,0.01733991971104562,20.0
video102_final.mp4,Parkinson,19,0.013448409354151666,20.0
video102_final.mp4,Parkinson,20,0.016058352182068126,20.0
video102_final.mp4,Parkinson,21,0.012058469865152374,20.0
video102_final.mp4,Parkinson,22,0.016344140390511065,20.0
video102_final.mp4,Parkinson,23,0.023752089028232327,20.0
video102_final.mp4,Parkinson,24,0.016498717694591058,20.0
video102_final.mp4,Parkinson,25,0.010594951869641996,20.0
video102_final.mp4,Parkinson,26,0.021588544493663656,20.0
video102_final.mp4,Parkinson,27,0.015622686108066225,20.0
video102_final.mp4,Parkinson,28,0.012870912147452382,20.0
video102_final.mp4,Parkinson,29,0.002774151611274199,20.0
video102_final.mp4,Parkinson,30,0.009881494103964682,20.0
video102_final.mp4,Parkinson,31,0.011708172111472204,20.0
video102_final.mp4,Parkinson,32,0.008388654758764994,20.0
video102_final.mp4,Parkinson,33,0.01373965952689387,20.0
video102_final.mp4,Parkinson,34,0.036239834614011784,20.0
video102_final.mp4,Parkinson,35,0.011641305688897449,20.0
video102_final.mp4,Parkinson,36,0.027017891708800576,20.0
video102_final.mp4,Parkinson,37,0.02740248903027857,20.0
video102_final.mp4,Parkinson,38,0.012707009136478356,20.0
video102_final.mp4,Parkinson,39,0.016909948632758427,20.0
video102_final.mp4,Parkinson,40,0.01915245241462717,20.0
video102_final.mp4,Parkinson,41,0.03190028915579813,20.0
video102_final.mp4,Parkinson,42,0.006185304697733591,20.0
video102_final.mp4,Parkinson,43,0.018148755327653993,20.0
video102_final.mp4,Parkinson,44,0.05584525666494929,20.0
video102_final.mp4,Parkinson,45,0.039813325839811876,20.0
video102_final.mp4,Parkinson,46,0.013721088067340702,20.0
video102_final.mp4,Parkinson,47,0.033319438765221296,20.0
video102_final.mp4,Parkinson,48,0.008940856617369987,20.0
video102_final.mp4,Parkinson,49,0.030427928323180597,20.0
video102_final.mp4,Parkinson,50,0.04149761710297523,20.0
video102_final.mp4,Parkinson,51,0.041300707036604246,20.0
video102_final.mp4,Parkinson,52,0.021235092098732634,20.0
video102_final.mp4,Parkinson,53,0.016231014114640393,20.0
video102_final.mp4,Parkinson,54,0.022627656967009132,20.0
video102_final.mp4,Parkinson,55,0.014746816749488745,20.0
video102_final.mp4,Parkinson,56,0.018984190513818097,20.0
video102_final.mp4,Parkinson,57,0.017381004635463593,20.0
video102_final.mp4,Parkinson,58,0.01006354458889084,20.0
video102_final.mp4,Parkinson,59,0.024943850317052086,20.0
video102_final.mp4,Parkinson,60,0.029132036147968967,20.0
video102_final.mp4,Parkinson,61,0.027393612930621574,20.0
video102_final.mp4,Parkinson,62,0.04194493803862356,20.0
video102_final.mp4,Parkinson,63,0.02936620237758121,20.0
video102_final.mp4,Parkinson,64,0.030014619411387184,20.0
video102_final.mp4,Parkinson,65,0.03390417475636539,20.0
video102_final.mp4,Parkinson,66,0.011830265118019927,20.0
video102_final.mp4,Parkinson,67,0.01706304144930887,20.0
video102_final.mp4,Parkinson,68,0.02271466639544226,20.0
video102_final.mp4,Parkinson,69,0.014866532588966953,20.0
video102_final.mp4,Parkinson,70,0.013416707147936932,20.0
video102_final.mp4,Parkinson,71,0.008536191078632354,20.0
video102_final.mp4,Parkinson,72,0.01139776520887363,20.0
video102_final.mp4,Parkinson,73,0.013404973354342651,20.0
video102_final.mp4,Parkinson,74,0.010829382116847364,20.0
video102_final.mp4,Parkinson,75,0.010599295353255768,20.0
video102_final.mp4,Parkinson,76,0.02013122267416582,20.0
video102_final.mp4,Parkinson,77,0.008268012769339741,20.0
video102_final.mp4,Parkinson,78,0.003763043155437251,20.0
video102_final.mp4,Parkinson,79,0.027618245430665867,20.0
video102_final.mp4,Parkinson,80,0.02689194702901093,20.0
video102_final.mp4,Parkinson,81,0.015889909904298213,20.0
video102_final.mp4,Parkinson,82,0.008122168061349569,20.0
video102_final.mp4,Parkinson,83,0.008362108761643982,20.0
video102_final.mp4,Parkinson,84,0.006757000179837556,20.0
video102_final.mp4,Parkinson,85,0.01496812575249252,20.0
video102_final.mp4,Parkinson,86,0.011414684917312975,20.0
video102_final.mp4,Parkinson,87,0.005624631634706913,20.0
video102_final.mp4,Parkinson,88,0.009837833182871965,20.0
video102_final.mp4,Parkinson,89,0.023176278207789364,20.0
video102_final.mp4,Parkinson,90,0.020950216461165846,20.0
video102_final.mp4,Parkinson,91,0.011651548158917944,20.0
video102_final.mp4,Parkinson,92,0.01744455102105204,20.0
video102_final.mp4,Parkinson,93,0.02125196053961606,20.0
video102_final.mp4,Parkinson,94,0.021491877325278925,20.0
video102_final.mp4,Parkinson,95,0.013471851984370018,20.0
video102_final.mp4,Parkinson,96,0.013197389821967734,20.0
video102_final.mp4,Parkinson,97,0.01849692051434833,20.0
video102_final.mp4,Parkinson,98,0.01818259167586388,20.0
video102_final.mp4,Parkinson,99,0.022879197610877644,20.0
video102_final.mp4,Parkinson,100,0.02759442539099295,20.0
video103_final.mp4,Parkinson,1,0.0,20.0
video103_final.mp4,Parkinson,2,0.006446996794812838,20.0
video103_final.mp4,Parkinson,3,0.0074421140082982645,20.0
video103_final.mp4,Parkinson,4,0.027357534921057868,20.0
video103_final.mp4,Parkinson,5,0.021673499517185724,20.0
video103_final.mp4,Parkinson,6,0.017725653679631977,20.0
video103_final.mp4,Parkinson,7,0.022410541099680537,20.0
video103_final.mp4,Parkinson,8,0.010026813747834304,20.0
video103_final.mp4,Parkinson,9,0.007882312393409101,20.0
video103_final.mp4,Parkinson,10,0.0161316742085967,20.0
video103_final.mp4,Parkinson,11,0.011357545020151913,20.0
video103_final.mp4,Parkinson,12,0.018731975190128716,20.0
video103_final.mp4,Parkinson,13,0.010614922901460681,20.0
video103_final.mp4,Parkinson,14,0.00690259060369319,20.0
video103_final.mp4,Parkinson,15,0.009182966490645412,20.0
video103_final.mp4,Parkinson,16,0.006681758209291681,20.0
video103_final.mp4,Parkinson,17,0.0031823563003079984,20.0
video103_final.mp4,Parkinson,18,0.0017910750294243335,20.0
video103_final.mp4,Parkinson,19,0.003382284509902132,20.0
video103_final.mp4,Parkinson,20,0.004947526168125712,20.0
video103_final.mp4,Parkinson,21,0.007509245723310656,20.0
video103_final.mp4,Parkinson,22,0.008303281798199684,20.0
video103_final.mp4,Parkinson,23,0.010969471267210873,20.0
video103_final.mp4,Parkinson,24,0.02186349211280259,20.0
video103_final.mp4,Parkinson,25,0.02146701564580473,20.0
video103_final.mp4,Parkinson,26,0.005486039890996799,20.0
video103_final.mp4,Parkinson,27,0.01388708549409585,20.0
video103_final.mp4,Parkinson,28,0.016298331295826134,20.0
video103_final.mp4,Parkinson,29,0.006280765724327643,20.0
video103_final.mp4,Parkinson,30,0.01016109313162731,20.0
video103_final.mp4,Parkinson,31,0.01959216194793394,20.0
video103_final.mp4,Parkinson,32,0.02122680068104788,20.0
video103_final.mp4,Parkinson,33,0.01137427032852581,20.0
video103_final.mp4,Parkinson,34,0.013237135571822253,20.0
video103_final.mp4,Parkinson,35,0.018899830833064683,20.0
video103_final.mp4,Parkinson,36,0.015080500114920853,20.0
video103_final.mp4,Parkinson,37,0.025999531106162613,20.0
video103_final.mp4,Parkinson,38,0.020342297598759374,20.0
video103_final.mp4,Parkinson,39,0.011127502731612511,20.0
video103_final.mp4,Parkinson,40,0.00850837471280942,20.0
video103_final.mp4,Parkinson,41,0.01555810343871246,20.0
video103_final.mp4,Parkinson,42,0.002887462700511288,20.0
video103_final.mp4,Parkinson,43,0.005222748695947577,20.0
video103_final.mp4,Parkinson,44,0.009279872475238983,20.0
video103_final.mp4,Parkinson,45,0.010553161565101256,20.0
video103_final.mp4,Parkinson,46,0.015609706164231742,20.0
video103_final.mp4,Parkinson,47,0.005639883794402251,20.0
video103_final.mp4,Parkinson,48,0.005196216650896267,20.0
video103_final.mp4,Parkinson,49,0.005352426660919615,20.0
video103_final.mp4,Parkinson,50,0.010564709120782207,20.0
video103_final.mp4,Parkinson,51,0.0031779143973115122,20.0
video103_final.mp4,Parkinson,52,0.009297824474834097,20.0
video103_final.mp4,Parkinson,53,0.007288200236457769,20.0
video103_final.mp4,Parkinson,54,0.0079955245391577,20.0
video103_final.mp4,Parkinson,55,0.006742979688165551,20.0
video103_final.mp4,Parkinson,56,0.014362240979158688,20.0
video103_final.mp4,Parkinson,57,0.009042665647167407,20.0
video103_final.mp4,Parkinson,58,0.002791470778622556,20.0
video103_final.mp4,Parkinson,59,0.007271408242926579,20.0
video103_final.mp4,Parkinson,60,0.003152608538282968,20.0
video103_final.mp4,Parkinson,61,0.004827176339353407,20.0
video103_final.mp4,Parkinson,62,0.0042405126011527934,20.0
video103_final.mp4,Parkinson,63,0.0013621688575001067,20.0
video103_final.mp4,Parkinson,64,0.00449713363037097,20.0
video103_final.mp4,Parkinson,65,0.008574033714420079,20.0
video103_final.mp4,Parkinson,66,0.003244631472242475,20.0
video103_final.mp4,Parkinson,67,0.008205565711016794,20.0
video103_final.mp4,Parkinson,68,0.005518043217037646,20.0
video103_final.mp4,Parkinson,69,0.0022249157551098094,20.0
video103_final.mp4,Parkinson,70,0.011486961588854224,20.0
video103_final.mp4,Parkinson,71,0.0093863984913917,20.0
video103_final.mp4,Parkinson,72,0.002332741440354014,20.0
video103_final.mp4,Parkinson,73,0.005989353398052496,20.0
video103_final.mp4,Parkinson,74,0.006929391916561244,20.0
video103_final.mp4,Parkinson,75,0.00497081904125005,20.0
video103_final.mp4,Parkinson,76,0.009177892437387288,20.0
video103_final.mp4,Parkinson,77,0.003845798924828119,20.0
video103_final.mp4,Parkinson,78,0.0022432798792922006,20.0
video103_final.mp4,Parkinson,79,0.0054111057368765635,20.0
video103_final.mp4,Parkinson,80,0.006457199235458823,20.0
video103_final.mp4,Parkinson,81,0.009198885876317732,20.0
video103_final.mp4,Parkinson,82,0.005789704753695815,20.0
video103_final.mp4,Parkinson,83,0.0032788134485967585,20.0
video103_final.mp4,Parkinson,84,0.005214912063212933,20.0
video103_final.mp4,Parkinson,85,0.004734649173168384,20.0
video103_final.mp4,Parkinson,86,0.0071347336858734525,20.0
video103_final.mp4,Parkinson,87,0.0026721435658702917,20.0
video103_final.mp4,Parkinson,88,0.005131986785591011,20.0
video103_final.mp4,Parkinson,89,0.0039035905785051693,20.0
video103_final.mp4,Parkinson,90,0.006663941811917898,20.0
video103_final.mp4,Parkinson,91,0.004998423156128357,20.0
video103_final.mp4,Parkinson,92,0.0034643654395902167,20.0
video103_final.mp4,Parkinson,93,0.008598194741573134,20.0
video103_final.mp4,Parkinson,94,0.006596431984017106,20.0
video103_final.mp4,Parkinson,95,0.0056952399462872364,20.0
video103_final.mp4,Parkinson,96,0.007723536756904732,20.0
video103_final.mp4,Parkinson,97,0.008830125001672077,20.0
video103_final.mp4,Parkinson,98,0.006472201608158938,20.0
video103_final.mp4,Parkinson,99,0.006791933195476799,20.0
video103_final.mp4,Parkinson,100,0.006674843023118895,20.0
video104_final.mp4,Parkinson,1,0.0,20.0
video104_final.mp4,Parkinson,2,0.027401861071220987,20.0
video104_final.mp4,Parkinson,3,0.04514577555531172,20.0
video104_final.mp4,Parkinson,4,0.03587112036321086,20.0
video104_final.mp4,Parkinson,5,0.01353745157189343,20.0
video104_final.mp4,Parkinson,6,0.019548775101994532,20.0
video104_final.mp4,Parkinson,7,0.022417317116897987,20.0
video104_final.mp4,Parkinson,8,0.059787792860894605,20.0
video104_final.mp4,Parkinson,9,0.04128074674638165,20.0
video104_final.mp4,Parkinson,10,0.06128642597009215,20.0
video104_final.mp4,Parkinson,11,0.045010145677400186,20.0
video104_final.mp4,Parkinson,12,0.08535514855143178,20.0
video104_final.mp4,Parkinson,13,0.043137639387888414,20.0
video104_final.mp4,Parkinson,14,0.0762517629239516,20.0
video104_final.mp4,Parkinson,15,0.030841871798490905,20.0
video104_final.mp4,Parkinson,16,0.03717210267798781,20.0
video104_final.mp4,Parkinson,17,0.027470147742781004,20.0
video104_final.mp4,Parkinson,18,0.01733374559411977,20.0
video104_final.mp4,Parkinson,19,0.012148519839133986,20.0
video104_final.mp4,Parkinson,20,0.009064239707796082,20.0
video104_final.mp4,Parkinson,21,0.007399070126213092,20.0
video104_final.mp4,Parkinson,22,0.004125324000791411,20.0
video104_final.mp4,Parkinson,23,0.005724736152914051,20.0
video104_final.mp4,Parkinson,24,0.007492622436772914,20.0
video104_final.mp4,Parkinson,25,0.0034529110446052413,20.0
video104_final.mp4,Parkinson,26,0.007940119616195679,20.0
video104_final.mp4,Parkinson,27,0.013022857040518402,20.0
video104_final.mp4,Parkinson,28,0.003980591657639223,20.0
video104_final.mp4,Parkinson,29,0.010557178249786789,20.0
video104_final.mp4,Parkinson,30,0.013497148462081596,20.0
video104_final.mp4,Parkinson,31,0.004128189693659316,20.0
video104_final.mp4,Parkinson,32,0.009142330227537824,20.0
video104_final.mp4,Parkinson,33,0.016724978793521885,20.0
video104_final.mp4,Parkinson,34,0.010551538115379955,20.0
video104_final.mp4,Parkinson,35,0.006164941271654289,20.0
video104_final.mp4,Parkinson,36,0.004097826115684659,20.0
video104_final.mp4,Parkinson,37,0.005209289377567365,20.0
video104_final.mp4,Parkinson,38,0.012512754805887432,20.0
video104_final.mp4,Parkinson,39,0.006790212172383604,20.0
video104_final.mp4,Parkinson,40,0.004563545419514409,20.0
video104_final.mp4,Parkinson,41,0.007288163926038825,20.0
video104_final.mp4,Parkinson,42,0.008021674558604364,20.0
video104_final.mp4,Parkinson,43,0.008056027286223687,20.0
video104_final.mp4,Parkinson,44,0.011026591332026917,20.0
video104_final.mp4,Parkinson,45,0.01972997431476054,20.0
video104_final.mp4,Parkinson,46,0.014168846108153974,20.0
video104_final.mp4,Parkinson,47,0.004127256747678408,20.0
video104_final.mp4,Parkinson,48,0.010071175360005007,20.0
video104_final.mp4,Parkinson,49,0.020141043385060554,20.0
video104_final.mp4,Parkinson,50,0.02198319342281281,20.0
video104_final.mp4,Parkinson,51,0.009510475532819211,20.0
video104_final.mp4,Parkinson,52,0.040722822472772494,20.0
video104_final.mp4,Parkinson,53,0.041005316598796256,20.0
video104_final.mp4,Parkinson,54,0.0253776333824068,20.0
video104_final.mp4,Parkinson,55,0.01405920207888077,20.0
video104_final.mp4,Parkinson,56,0.007906493807809143,20.0
video104_final.mp4,Parkinson,57,0.00354377868028792,20.0
video104_final.mp4,Parkinson,58,0.024606271822803675,20.0
video104_final.mp4,Parkinson,59,0.006700417364824942,20.0
video104_final.mp4,Parkinson,60,0.004398330381110848,20.0
video104_final.mp4,Parkinson,61,0.0054558052479199565,20.0
video104_final.mp4,Parkinson,62,0.011653809165319195,20.0
video104_final.mp4,Parkinson,63,0.01424603375841275,20.0
video104_final.mp4,Parkinson,64,0.00886433817471783,20.0
video104_final.mp4,Parkinson,65,0.005767636947577553,20.0
video104_final.mp4,Parkinson,66,0.023889987407484537,20.0
video104_final.mp4,Parkinson,67,0.011040065720192246,20.0
video104_final.mp4,Parkinson,68,0.015525031119171381,20.0
video104_final.mp4,Parkinson,69,0.007061049169158111,20.0
video104_final.mp4,Parkinson,70,0.018830735683107995,20.0
video104_final.mp4,Parkinson,71,0.006294396066793981,20.0
video104_final.mp4,Parkinson,72,0.009628103164361015,20.0
video104_final.mp4,Parkinson,73,0.01536772895684939,20.0
video104_final.mp4,Parkinson,74,0.014055864912540402,20.0
video104_final.mp4,Parkinson,75,0.007242352925718726,20.0
video104_final.mp4,Parkinson,76,0.00788939072275385,20.0
video104_final.mp4,Parkinson,77,0.01402937614059546,20.0
video104_final.mp4,Parkinson,78,0.00975258536198958,20.0
video104_final.mp4,Parkinson,79,0.008694036912616764,20.0
video104_final.mp4,Parkinson,80,0.007125212257888445,20.0
video104_final.mp4,Parkinson,81,0.007202781009712291,20.0
video104_final.mp4,Parkinson,82,0.004579809146421015,20.0
video104_final.mp4,Parkinson,83,0.006668418271192686,20.0
video104_final.mp4,Parkinson,84,0.003780095331945776,20.0
video104_final.mp4,Parkinson,85,0.00631029558268393,20.0
video104_final.mp4,Parkinson,86,0.00797058120403394,20.0
video104_final.mp4,Parkinson,87,0.004372651798176022,20.0
video104_final.mp4,Parkinson,88,0.003403505444313893,20.0
video104_final.mp4,Parkinson,89,0.005085051479742654,20.0
video104_final.mp4,Parkinson,90,0.0015777442198682467,20.0
video104_final.mp4,Parkinson,91,0.010877366850730584,20.0
video104_final.mp4,Parkinson,92,0.0043018825829725564,20.0
video104_final.mp4,Parkinson,93,0.010822900190393567,20.0
video104_final.mp4,Parkinson,94,0.0028747094668272245,20.0
video104_final.mp4,Parkinson,95,0.006833065269890983,20.0
video104_final.mp4,Parkinson,96,0.006014760757212672,20.0
video104_final.mp4,Parkinson,97,0.006302948720717604,20.0
video104_final.mp4,Parkinson,98,0.01605169219028935,20.0
video104_final.mp4,Parkinson,99,0.0048090953920051594,20.0
video104_final.mp4,Parkinson,100,0.018742324568054775,20.0
video110_final.mp4,Parkinson,1,0.0,20.0
video110_final.mp4,Parkinson,2,0.013971068023654143,20.0
video110_final.mp4,Parkinson,3,0.02100245133085193,20.0
video110_final.mp4,Parkinson,4,0.004807606177314241,20.0
video110_final.mp4,Parkinson,5,0.0042358082685356145,20.0
video110_final.mp4,Parkinson,6,0.016771475607839103,20.0
video110_final.mp4,Parkinson,7,0.017512385132435766,20.0
video110_final.mp4,Parkinson,8,0.020879764348060537,20.0
video110_final.mp4,Parkinson,9,0.00864993880423093,20.0
video110_final.mp4,Parkinson,10,0.0020044262576426023,20.0
video110_final.mp4,Parkinson,11,0.006747809652532946,20.0
video110_final.mp4,Parkinson,12,0.0056361861890531495,20.0
video110_final.mp4,Parkinson,13,0.0028500802943652037,20.0
video110_final.mp4,Parkinson,14,0.01467111006485835,20.0
video110_final.mp4,Parkinson,15,0.006344574808628506,20.0
video110_final.mp4,Parkinson,16,0.03979819322305749,20.0
video110_final.mp4,Parkinson,17,0.012236382660769892,20.0
video110_final.mp4,Parkinson,18,0.008617775311747412,20.0
video110_final.mp4,Parkinson,19,0.01635563075162471,20.0
video110_final.mp4,Parkinson,20,0.02095326856829545,20.0
video110_final.mp4,Parkinson,21,0.0052263508522121735,20.0
video110_final.mp4,Parkinson,22,0.017422862652110918,20.0
video110_final.mp4,Parkinson,23,0.014612281637632611,20.0
video110_final.mp4,Parkinson,24,0.009392149618609198,20.0
video110_final.mp4,Parkinson,25,0.0027202501441089995,20.0
video110_final.mp4,Parkinson,26,0.002277451918125525,20.0
video110_final.mp4,Parkinson,27,0.0026343090552027985,20.0
video110_final.mp4,Parkinson,28,0.0036348226504575322,20.0
video110_final.mp4,Parkinson,29,0.003818934908519257,20.0
video110_final.mp4,Parkinson,30,0.00872198664598114,20.0
video110_final.mp4,Parkinson,31,0.002872763109416461,20.0
video110_final.mp4,Parkinson,32,0.01245596174412808,20.0
video110_final.mp4,Parkinson,33,0.005957561926775088,20.0
video110_final.mp4,Parkinson,34,0.0063930303470041095,20.0
video110_final.mp4,Parkinson,35,0.007871855582061943,20.0
video110_final.mp4,Parkinson,36,0.01105617513855303,20.0
video110_final.mp4,Parkinson,37,0.004005710209958343,20.0
video110_final.mp4,Parkinson,38,0.010124436265998429,20.0
video110_final.mp4,Parkinson,39,0.004663596955007149,20.0
video110_final.mp4,Parkinson,40,0.0019801911743723573,20.0
video110_final.mp4,Parkinson,41,0.00935874712035784,20.0
video110_final.mp4,Parkinson,42,0.016893109390406277,20.0
video110_final.mp4,Parkinson,43,0.007589006806510502,20.0
video110_final.mp4,Parkinson,44,0.015229251223762529,20.0
video110_final.mp4,Parkinson,45,0.007985512047649534,20.0
video110_final.mp4,Parkinson,46,0.009381958696170372,20.0
video110_final.mp4,Parkinson,47,0.01042933166454229,20.0
video110_final.mp4,Parkinson,48,0.0036729127568735837,20.0
video110_final.mp4,Parkinson,49,0.005510525076801762,20.0
video110_final.mp4,Parkinson,50,0.013202166351981308,20.0
video110_final.mp4,Parkinson,51,0.008034643000280894,20.0
video110_final.mp4,Parkinson,52,0.009711133702647116,20.0
video110_final.mp4,Parkinson,53,0.004042446845301077,20.0
video110_final.mp4,Parkinson,54,0.019385928118436493,20.0
video110_final.mp4,Parkinson,55,0.0108772692559482,20.0
video110_final.mp4,Parkinson,56,0.012212499452488257,20.0
video110_final.mp4,Parkinson,57,0.005224916690374969,20.0
video110_final.mp4,Parkinson,58,0.007441720948499756,20.0
video110_final.mp4,Parkinson,59,0.021309499863198193,20.0
video110_final.mp4,Parkinson,60,0.0323015332181408,20.0
video110_final.mp4,Parkinson,61,0.02184125307726963,20.0
video110_final.mp4,Parkinson,62,0.018704921204545394,20.0
video110_final.mp4,Parkinson,63,0.0031993517349848963,20.0
video110_final.mp4,Parkinson,64,0.015777337033307543,20.0
video110_final.mp4,Parkinson,65,0.010327812469894516,20.0
video110_final.mp4,Parkinson,66,0.01777302231140783,20.0
video110_final.mp4,Parkinson,67,0.0051210911181399565,20.0
video110_final.mp4,Parkinson,68,0.009853121272106781,20.0
video110_final.mp4,Parkinson,69,0.006644249878021674,20.0
video110_final.mp4,Parkinson,70,0.007298888264626904,20.0
video110_final.mp4,Parkinson,71,0.022020137856968276,20.0
video110_final.mp4,Parkinson,72,0.012836003025313118,20.0
video110_final.mp4,Parkinson,73,0.022176183987113112,20.0
video110_final.mp4,Parkinson,74,0.008140822762867364,20.0
video110_final.mp4,Parkinson,75,0.01822530167606181,20.0
video110_final.mp4,Parkinson,76,0.030472202126284247,20.0
video110_final.mp4,Parkinson,77,0.020540010527270947,20.0
video110_final.mp4,Parkinson,78,0.005594655505836706,20.0
video110_final.mp4,Parkinson,79,0.006388286145899362,20.0
video110_final.mp4,Parkinson,80,0.00920853603840402,20.0
video110_final.mp4,Parkinson,81,0.016227689931402365,20.0
video110_final.mp4,Parkinson,82,0.03697359125640122,20.0
video110_final.mp4,Parkinson,83,0.015827593669572645,20.0
video110_final.mp4,Parkinson,84,0.020015955279625585,20.0
video110_final.mp4,Parkinson,85,0.014201528135885457,20.0
video110_final.mp4,Parkinson,86,0.01356750560556508,20.0
video110_final.mp4,Parkinson,87,0.0032585561460187354,20.0
video110_final.mp4,Parkinson,88,0.007066170747051827,20.0
video110_final.mp4,Parkinson,89,0.004571946729099358,20.0
video110_final.mp4,Parkinson,90,0.0033103545528805115,20.0
video110_final.mp4,Parkinson,91,0.014903354445833988,20.0
video110_final.mp4,Parkinson,92,0.015754836665217296,20.0
video110_final.mp4,Parkinson,93,0.008352681388772203,20.0
video110_final.mp4,Parkinson,94,0.012097379968011303,20.0
video110_final.mp4,Parkinson,95,0.004810765276177312,20.0
video110_final.mp4,Parkinson,96,0.009504044529520271,20.0
video110_final.mp4,Parkinson,97,0.014031042389581945,20.0
video110_final.mp4,Parkinson,98,0.006494218707162325,20.0
video110_final.mp4,Parkinson,99,0.004566232146387693,20.0
video110_final.mp4,Parkinson,100,0.0009211889072406861,20.0
video111_final.mp4,Parkinson,1,0.0,20.0
video111_final.mp4,Parkinson,2,0.04824661875167462,20.0
video111_final.mp4,Parkinson,3,0.025684166665245912,20.0
video111_final.mp4,Parkinson,4,0.029762654417878093,20.0
video111_final.mp4,Parkinson,5,0.013895545523310128,20.0
video111_final.mp4,Parkinson,6,0.011206392572388561,20.0
video111_final.mp4,Parkinson,7,0.0026511278217848117,20.0
video111_final.mp4,Parkinson,8,0.012196153803538603,20.0
video111_final.mp4,Parkinson,9,0.01491468770233166,20.0
video111_final.mp4,Parkinson,10,0.02128788318660618,20.0
video111_final.mp4,Parkinson,11,0.018788049035021456,20.0
video111_final.mp4,Parkinson,12,0.01128287574731364,20.0
video111_final.mp4,Parkinson,13,0.006896516661727835,20.0
video111_final.mp4,Parkinson,14,0.00893629581561034,20.0
video111_final.mp4,Parkinson,15,0.004026986815473747,20.0
video111_final.mp4,Parkinson,16,0.007181268925774617,20.0
video111_final.mp4,Parkinson,17,0.011116861953298795,20.0
video111_final.mp4,Parkinson,18,0.021396883174716972,20.0
video111_final.mp4,Parkinson,19,0.015822956928178127,20.0
video111_final.mp4,Parkinson,20,0.03867709039251316,20.0
video111_final.mp4,Parkinson,21,0.02961093761198839,20.0
video111_final.mp4,Parkinson,22,0.050795862789070646,20.0
video111_final.mp4,Parkinson,23,0.05425470375639966,20.0
video111_final.mp4,Parkinson,24,0.060882749812122605,20.0
video111_final.mp4,Parkinson,25,0.02811333762339592,20.0
video111_final.mp4,Parkinson,26,0.021424434256676006,20.0
video111_final.mp4,Parkinson,27,0.01244919351645018,20.0
video111_final.mp4,Parkinson,28,0.02193747564790618,20.0
video111_final.mp4,Parkinson,29,0.03421689314795071,20.0
video111_final.mp4,Parkinson,30,0.04147524105405764,20.0
video111_final.mp4,Parkinson,31,0.024066859872860908,20.0
video111_final.mp4,Parkinson,32,0.061244690542364595,20.0
video111_final.mp4,Parkinson,33,0.05796242123994339,20.0
video111_final.mp4,Parkinson,34,0.06537092899811359,20.0
video111_final.mp4,Parkinson,35,0.03356016769240999,20.0
video111_final.mp4,Parkinson,36,0.040107027575223345,20.0
video111_final.mp4,Parkinson,37,0.026961513790796986,20.0
video111_final.mp4,Parkinson,38,0.024204870970054176,20.0
video111_final.mp4,Parkinson,39,0.010066215442050322,20.0
video111_final.mp4,Parkinson,40,0.009859399046277056,20.0
video111_final.mp4,Parkinson,41,0.015434119924468994,20.0
video111_final.mp4,Parkinson,42,0.025266772051727844,20.0
video111_final.mp4,Parkinson,43,0.04042664590681811,20.0
video111_final.mp4,Parkinson,44,0.06313046008903955,20.0
video111_final.mp4,Parkinson,45,0.0435323796001873,20.0
video111_final.mp4,Parkinson,46,0.02933511804724859,20.0
video111_final.mp4,Parkinson,47,0.017377607864289817,20.0
video111_final.mp4,Parkinson,48,0.009127316770342824,20.0
video111_final.mp4,Parkinson,49,0.02314852849949774,20.0
video111_final.mp4,Parkinson,50,0.02706071161165584,20.0
video111_final.mp4,Parkinson,51,0.025323097305418315,20.0
video111_final.mp4,Parkinson,52,0.023126552796090993,20.0
video111_final.mp4,Parkinson,53,0.02793642477874052,20.0
video111_final.mp4,Parkinson,54,0.04519365552151585,20.0
video111_final.mp4,Parkinson,55,0.033601707496264045,20.0
video111_final.mp4,Parkinson,56,0.023212999704977255,20.0
video111_final.mp4,Parkinson,57,0.049189717604443454,20.0
video111_final.mp4,Parkinson,58,0.02518664020183435,20.0
video111_final.mp4,Parkinson,59,0.01354472774055939,20.0
video111_final.mp4,Parkinson,60,0.04969009553530937,20.0
video111_final.mp4,Parkinson,61,0.04569973194274851,20.0
video111_final.mp4,Parkinson,62,0.03040332646645595,20.0
video111_final.mp4,Parkinson,63,0.006168375046006526,20.0
video111_final.mp4,Parkinson,64,0.006411445072113064,20.0
video111_final.mp4,Parkinson,65,0.014475415815469272,20.0
video111_final.mp4,Parkinson,66,0.010465993703822556,20.0
video111_final.mp4,Parkinson,67,0.005503100125784549,20.0
video111_final.mp4,Parkinson,68,0.00906514813340217,20.0
video111_final.mp4,Parkinson,69,0.010274113634252692,20.0
video111_final.mp4,Parkinson,70,0.01142858295512031,20.0
video111_final.mp4,Parkinson,71,0.006499333210884786,20.0
video111_final.mp4,Parkinson,72,0.040376230895774926,20.0
video111_final.mp4,Parkinson,73,0.028107198319916097,20.0
video111_final.mp4,Parkinson,74,0.05877374937232737,20.0
video111_final.mp4,Parkinson,75,0.056547467389313856,20.0
video111_final.mp4,Parkinson,76,0.0964251537927844,20.0
video111_final.mp4,Parkinson,77,0.0735748670402073,20.0
video111_final.mp4,Parkinson,78,0.06230548154859959,20.0
video111_final.mp4,Parkinson,79,0.042925638595970726,20.0
video111_final.mp4,Parkinson,80,0.02596150930322571,20.0
video111_final.mp4,Parkinson,81,0.025782815586759336,20.0
video111_final.mp4,Parkinson,82,0.03315329585438969,20.0
video111_final.mp4,Parkinson,83,0.015593500719777567,20.0
video111_final.mp4,Parkinson,84,0.008360126064295863,20.0
video111_final.mp4,Parkinson,85,0.013921377564278074,20.0
video111_final.mp4,Parkinson,86,0.009883279542281652,20.0
video111_final.mp4,Parkinson,87,0.010262861932490387,20.0
video111_final.mp4,Parkinson,88,0.023214671365530026,20.0
video111_final.mp4,Parkinson,89,0.011970295185321033,20.0
video111_final.mp4,Parkinson,90,0.011107617970996603,20.0
video111_final.mp4,Parkinson,91,0.007637191314852414,20.0
video111_final.mp4,Parkinson,92,0.0033307935474775597,20.0
video111_final.mp4,Parkinson,93,0.007573415649496221,20.0
video111_final.mp4,Parkinson,94,0.01888233363947236,20.0
video111_final.mp4,Parkinson,95,0.02172596012882448,20.0
video111_final.mp4,Parkinson,96,0.0356454116778375,20.0
video111_final.mp4,Parkinson,97,0.025137281594347666,20.0
video111_final.mp4,Parkinson,98,0.0681270998747096,20.0
video111_final.mp4,Parkinson,99,0.05602138804019432,20.0
video111_final.mp4,Parkinson,100,0.055262660528660495,20.0
video112_final.mp4,Parkinson,1,0.0,20.0
video112_final.mp4,Parkinson,2,0.017805269053396577,20.0
video112_final.mp4,Parkinson,3,0.004411370848163325,20.0
video112_final.mp4,Parkinson,4,0.008932771244117467,20.0
video112_final.mp4,Parkinson,5,0.0023426099037069646,20.0
video112_final.mp4,Parkinson,6,0.004783466540865712,20.0
video112_final.mp4,Parkinson,7,0.003510777539175645,20.0
video112_final.mp4,Parkinson,8,0.009189493597640605,20.0
video112_final.mp4,Parkinson,9,0.0034942898952051668,20.0
video112_final.mp4,Parkinson,10,0.003964597412499778,20.0
video112_final.mp4,Parkinson,11,0.01034974864135136,20.0
video112_final.mp4,Parkinson,12,0.0026864297308367632,20.0
video112_final.mp4,Parkinson,13,0.0034710759563348435,20.0
video112_final.mp4,Parkinson,14,0.004826615415216825,20.0
video112_final.mp4,Parkinson,15,0.010762649477053807,20.0
video112_final.mp4,Parkinson,16,0.006471106651133024,20.0
video112_final.mp4,Parkinson,17,0.010533806882030301,20.0
video112_final.mp4,Parkinson,18,0.008430970932021225,20.0
video112_final.mp4,Parkinson,19,0.0025952240671789275,20.0
video112_final.mp4,Parkinson,20,0.001933101030313614,20.0
video112_final.mp4,Parkinson,21,0.00805981166575317,20.0
video112_final.mp4,Parkinson,22,0.0023225769348223188,20.0
video112_final.mp4,Parkinson,23,0.008515488338295298,20.0
video112_final.mp4,Parkinson,24,0.00560914874127335,20.0
video112_final.mp4,Parkinson,25,0.006957875955259651,20.0
video112_final.mp4,Parkinson,26,0.009122236573853264,20.0
video112_final.mp4,Parkinson,27,0.002422500047062201,20.0
video112_final.mp4,Parkinson,28,0.006353680137122186,20.0
video112_final.mp4,Parkinson,29,0.005243621466864658,20.0
video112_final.mp4,Parkinson,30,0.004356781025650712,20.0
video112_final.mp4,Parkinson,31,0.004462866834341881,20.0
video112_final.mp4,Parkinson,32,0.0022234149710757913,20.0
video112_final.mp4,Parkinson,33,0.004788648019375193,20.0
video112_final.mp4,Parkinson,34,0.00534382028111563,20.0
video112_final.mp4,Parkinson,35,0.001886131943481934,20.0
video112_final.mp4,Parkinson,36,0.005372673175597766,20.0
video112_final.mp4,Parkinson,37,0.001767041789632967,20.0
video112_final.mp4,Parkinson,38,0.018319460777771687,20.0
video112_final.mp4,Parkinson,39,0.009216139488089267,20.0
video112_final.mp4,Parkinson,40,0.010654536756399874,20.0
video112_final.mp4,Parkinson,41,0.010202360889038498,20.0
video112_final.mp4,Parkinson,42,0.013550030216715867,20.0
video112_final.mp4,Parkinson,43,0.009840014832759961,20.0
video112_final.mp4,Parkinson,44,0.008220467055051325,20.0
video112_final.mp4,Parkinson,45,0.0052560344798518845,20.0
video112_final.mp4,Parkinson,46,0.0031854043746139087,20.0
video112_final.mp4,Parkinson,47,0.0007701595154240743,20.0
video112_final.mp4,Parkinson,48,0.008532693374812076,20.0
video112_final.mp4,Parkinson,49,0.0005112474535993362,20.0
video112_final.mp4,Parkinson,50,0.006862567943818703,20.0
video112_final.mp4,Parkinson,51,0.012304379664808941,20.0
video112_final.mp4,Parkinson,52,0.004832192803244434,20.0
video112_final.mp4,Parkinson,53,0.003790073313158039,20.0
video112_final.mp4,Parkinson,54,0.0059232060674089294,20.0
video112_final.mp4,Parkinson,55,0.004569634582031962,20.0
video112_final.mp4,Parkinson,56,0.014829590215996863,20.0
video112_final.mp4,Parkinson,57,0.007345079146618791,20.0
video112_final.mp4,Parkinson,58,0.006518214400957411,20.0
video112_final.mp4,Parkinson,59,0.0026515769149204637,20.0
video112_final.mp4,Parkinson,60,0.010179363537271552,20.0
video112_final.mp4,Parkinson,61,0.004969900682093572,20.0
video112_final.mp4,Parkinson,62,0.004651334665885542,20.0
video112_final.mp4,Parkinson,63,0.0021696535256062726,20.0
video112_final.mp4,Parkinson,64,0.003920057109826371,20.0
video112_final.mp4,Parkinson,65,0.002680255529905177,20.0
video112_final.mp4,Parkinson,66,0.00563949586838788,20.0
video112_final.mp4,Parkinson,67,0.0026916611208752904,20.0
video112_final.mp4,Parkinson,68,0.0067215527048574445,20.0
video112_final.mp4,Parkinson,69,0.0034890468620950433,20.0
video112_final.mp4,Parkinson,70,0.0026207636818888474,20.0
video112_final.mp4,Parkinson,71,0.0033565379614841797,20.0
video112_final.mp4,Parkinson,72,0.00983724591755935,20.0
video112_final.mp4,Parkinson,73,0.006180775657462073,20.0
video112_final.mp4,Parkinson,74,0.0033866006569611036,20.0
video112_final.mp4,Parkinson,75,0.00594993176700801,20.0
video112_final.mp4,Parkinson,76,0.0076086661861518015,20.0
video112_final.mp4,Parkinson,77,0.012386058286033834,20.0
video112_final.mp4,Parkinson,78,0.0048115774846363285,20.0
video112_final.mp4,Parkinson,79,0.010340845118117637,20.0
video112_final.mp4,Parkinson,80,0.0090482798605945,20.0
video112_final.mp4,Parkinson,81,0.007046639471307973,20.0
video112_final.mp4,Parkinson,82,0.008680184295005977,20.0
video112_final.mp4,Parkinson,83,0.008642909488382861,20.0
video112_final.mp4,Parkinson,84,0.011637364264968373,20.0
video112_final.mp4,Parkinson,85,0.004574264920003265,20.0
video112_final.mp4,Parkinson,86,0.013086938598482645,20.0
video112_final.mp4,Parkinson,87,0.014140365907575685,20.0
video112_final.mp4,Parkinson,88,0.01107036494449076,20.0
video112_final.mp4,Parkinson,89,0.006498372035599372,20.0
video112_final.mp4,Parkinson,90,0.013766656109506191,20.0
video112_final.mp4,Parkinson,91,0.013613144177987027,20.0
video112_final.mp4,Parkinson,92,0.015684539838006935,20.0
video112_final.mp4,Parkinson,93,0.007002303687835447,20.0
video112_final.mp4,Parkinson,94,0.0074990112164436155,20.0
video112_final.mp4,Parkinson,95,0.006529787088183775,20.0
video112_final.mp4,Parkinson,96,0.00894663294414003,20.0
video112_final.mp4,Parkinson,97,0.005340415272754747,20.0
video112_final.mp4,Parkinson,98,0.009970373476408155,20.0
video112_final.mp4,Parkinson,99,0.006217292898345908,20.0
video112_final.mp4,Parkinson,100,0.012409505326596024,20.0
video113_final.mp4,Parkinson,1,0.0,20.0
video113_final.mp4,Parkinson,2,0.014312900108879811,20.0
video113_final.mp4,Parkinson,3,0.006965821615588421,20.0
video113_final.mp4,Parkinson,4,0.005355828696919773,20.0
video113_final.mp4,Parkinson,5,0.010988160009026303,20.0
video113_final.mp4,Parkinson,6,0.0029924015693936286,20.0
video113_final.mp4,Parkinson,7,0.005966764257174115,20.0
video113_final.mp4,Parkinson,8,0.0071690379931449956,20.0
video113_final.mp4,Parkinson,9,0.009455790078922109,20.0
video113_final.mp4,Parkinson,10,0.011192591071673466,20.0
video113_final.mp4,Parkinson,11,0.007478097721175444,20.0
video113_final.mp4,Parkinson,12,0.013893041789526155,20.0
video113_final.mp4,Parkinson,13,0.014994764044542688,20.0
video113_final.mp4,Parkinson,14,0.0065841864539827,20.0
video113_final.mp4,Parkinson,15,0.0025196285152359102,20.0
video113_final.mp4,Parkinson,16,0.01630153353809095,20.0
video113_final.mp4,Parkinson,17,0.021560745740334054,20.0
video113_final.mp4,Parkinson,18,0.022295259884959766,20.0
video113_final.mp4,Parkinson,19,0.019932344036155444,20.0
video113_final.mp4,Parkinson,20,0.006589190768712654,20.0
video113_final.mp4,Parkinson,21,0.009525525914999222,20.0
video113_final.mp4,Parkinson,22,0.002642444055989719,20.0
video113_final.mp4,Parkinson,23,0.0046344029482917265,20.0
video113_final.mp4,Parkinson,24,0.016476741707203476,20.0
video113_final.mp4,Parkinson,25,0.019463359845604267,20.0
video113_final.mp4,Parkinson,26,0.013536423256472209,20.0
video113_final.mp4,Parkinson,27,0.013744955783876515,20.0
video113_final.mp4,Parkinson,28,0.008606839595514048,20.0
video113_final.mp4,Parkinson,29,0.014530791801305213,20.0
video113_final.mp4,Parkinson,30,0.0038308833398995323,20.0
video113_final.mp4,Parkinson,31,0.005945072387286425,20.0
video113_final.mp4,Parkinson,32,0.012889559171789902,20.0
video113_final.mp4,Parkinson,33,0.01322343880708518,20.0
video113_final.mp4,Parkinson,34,0.008081080496377478,20.0
video113_final.mp4,Parkinson,35,0.003444645916036158,20.0
video113_final.mp4,Parkinson,36,0.0011959358486534175,20.0
video113_final.mp4,Parkinson,37,0.012007485467611921,20.0
video113_final.mp4,Parkinson,38,0.0069067514819386965,20.0
video113_final.mp4,Parkinson,39,0.008908357620775706,20.0
video113_final.mp4,Parkinson,40,0.009436992110064277,20.0
video113_final.mp4,Parkinson,41,0.004027336972127409,20.0
video113_final.mp4,Parkinson,42,0.00782870957170557,20.0
video113_final.mp4,Parkinson,43,0.0022822793237498064,20.0
video113_final.mp4,Parkinson,44,0.009859959042638077,20.0
video113_final.mp4,Parkinson,45,0.006626635184800639,20.0
video113_final.mp4,Parkinson,46,0.0076679843756947905,20.0
video113_final.mp4,Parkinson,47,0.0045009992347488,20.0
video113_final.mp4,Parkinson,48,0.00503967456453981,20.0
video113_final.mp4,Parkinson,49,0.003967143734976039,20.0
video113_final.mp4,Parkinson,50,0.0048687370990592935,20.0
video113_final.mp4,Parkinson,51,0.0037179054847555023,20.0
video113_final.mp4,Parkinson,52,0.001253377084620435,20.0
video113_final.mp4,Parkinson,53,0.003937143823792559,20.0
video113_final.mp4,Parkinson,54,0.0027822484838778277,20.0
video113_final.mp4,Parkinson,55,0.0025823745361793324,20.0
video113_final.mp4,Parkinson,56,0.004045343882823736,20.0
video113_final.mp4,Parkinson,57,0.003419548270806984,20.0
video113_final.mp4,Parkinson,58,0.003741951944064205,20.0
video113_final.mp4,Parkinson,59,0.0027311141246876016,20.0
video113_final.mp4,Parkinson,60,0.0014824870991980612,20.0
video113_final.mp4,Parkinson,61,0.009747954900532525,20.0
video113_final.mp4,Parkinson,62,0.02155612953403556,20.0
video113_final.mp4,Parkinson,63,0.02027735765594804,20.0
video113_final.mp4,Parkinson,64,0.020209037455200557,20.0
video113_final.mp4,Parkinson,65,0.013547000942068838,20.0
video113_final.mp4,Parkinson,66,0.006873514509729228,20.0
video113_final.mp4,Parkinson,67,0.007189660788404159,20.0
video113_final.mp4,Parkinson,68,0.0023710661653120993,20.0
video113_final.mp4,Parkinson,69,0.006095979589659434,20.0
video113_final.mp4,Parkinson,70,0.003138024717348392,20.0
video113_final.mp4,Parkinson,71,0.006438179395037207,20.0
video113_final.mp4,Parkinson,72,0.006749466096604223,20.0
video113_final.mp4,Parkinson,73,0.006699792840787498,20.0
video113_final.mp4,Parkinson,74,0.00503743616130694,20.0
video113_final.mp4,Parkinson,75,0.00367216865282711,20.0
video113_final.mp4,Parkinson,76,0.0012975859523092345,20.0
video113_final.mp4,Parkinson,77,0.00250649893780153,20.0
video113_final.mp4,Parkinson,78,0.0018085113831459946,20.0
video113_final.mp4,Parkinson,79,0.009569702176038211,20.0
video113_final.mp4,Parkinson,80,0.0024093224286037365,20.0
video113_final.mp4,Parkinson,81,0.0035795823218123424,20.0
video113_final.mp4,Parkinson,82,0.0012457698143126291,20.0
video113_final.mp4,Parkinson,83,0.005088083418717369,20.0
video113_final.mp4,Parkinson,84,0.004346696989866631,20.0
video113_final.mp4,Parkinson,85,0.004360751475464954,20.0
video113_final.mp4,Parkinson,86,0.014553547358463833,20.0
video113_final.mp4,Parkinson,87,0.01891425663504233,20.0
video113_final.mp4,Parkinson,88,0.004216986801951684,20.0
video113_final.mp4,Parkinson,89,0.010238362686014094,20.0
video113_final.mp4,Parkinson,90,0.007738371515258868,20.0
video113_final.mp4,Parkinson,91,0.0033403620173241577,20.0
video113_final.mp4,Parkinson,92,0.009407410665075307,20.0
video113_final.mp4,Parkinson,93,0.01199151588711319,20.0
video113_final.mp4,Parkinson,94,0.009962324017244497,20.0
video113_final.mp4,Parkinson,95,0.010615148764338363,20.0
video113_final.mp4,Parkinson,96,0.003515890391836043,20.0
video113_final.mp4,Parkinson,97,0.003664566381168925,20.0
video113_final.mp4,Parkinson,98,0.010275049201635906,20.0
video113_final.mp4,Parkinson,99,0.009611988465263737,20.0
video113_final.mp4,Parkinson,100,0.010962871222994837,20.0
video120_final.mp4,Parkinson,1,0.0,20.0
video120_final.mp4,Parkinson,2,0.009720231912561663,20.0
video120_final.mp4,Parkinson,3,0.021899161868660616,20.0
video120_final.mp4,Parkinson,4,0.06478683610073543,20.0
video120_final.mp4,Parkinson,5,0.05875001620001222,20.0
video120_final.mp4,Parkinson,6,0.051897469161304416,20.0
video120_final.mp4,Parkinson,7,0.018872779403206797,20.0
video120_final.mp4,Parkinson,8,0.016662039870907232,20.0
video120_final.mp4,Parkinson,9,0.016021064042648872,20.0
video120_final.mp4,Parkinson,10,0.038628000750942526,20.0
video120_final.mp4,Parkinson,11,0.04205250770642274,20.0
video120_final.mp4,Parkinson,12,0.03364822908890619,20.0
video120_final.mp4,Parkinson,13,0.015363535163488864,20.0
video120_final.mp4,Parkinson,14,0.05285060090517727,20.0
video120_final.mp4,Parkinson,15,0.02694089129720746,20.0
video120_final.mp4,Parkinson,16,0.02795368109061856,20.0
video120_final.mp4,Parkinson,17,0.014637123337500134,20.0
video120_final.mp4,Parkinson,18,0.012894492868348166,20.0
video120_final.mp4,Parkinson,19,0.011673470866653329,20.0
video120_final.mp4,Parkinson,20,0.010374580038875645,20.0
video120_final.mp4,Parkinson,21,0.007373384247833378,20.0
video120_final.mp4,Parkinson,22,0.012656369764976444,20.0
video120_final.mp4,Parkinson,23,0.01610872053362911,20.0
video120_final.mp4,Parkinson,24,0.02092935476788162,20.0
video120_final.mp4,Parkinson,25,0.017882497031785648,20.0
video120_final.mp4,Parkinson,26,0.023717206521668966,20.0
video120_final.mp4,Parkinson,27,0.02242616302979611,20.0
video120_final.mp4,Parkinson,28,0.019891514018380217,20.0
video120_final.mp4,Parkinson,29,0.024433725013000725,20.0
video120_final.mp4,Parkinson,30,0.02723603237819924,20.0
video120_final.mp4,Parkinson,31,0.01583917241903402,20.0
video120_final.mp4,Parkinson,32,0.004581323939610866,20.0
video120_final.mp4,Parkinson,33,0.012414485913287705,20.0
video120_final.mp4,Parkinson,34,0.009787876081005824,20.0
video120_final.mp4,Parkinson,35,0.015321900249770265,20.0
video120_final.mp4,Parkinson,36,0.012223209102045322,20.0
video120_final.mp4,Parkinson,37,0.01174656729721889,20.0
video120_final.mp4,Parkinson,38,0.0013998335609352484,20.0
video120_final.mp4,Parkinson,39,0.03484558352114436,20.0
video120_final.mp4,Parkinson,40,0.023633599712057547,20.0
video120_final.mp4,Parkinson,41,0.01940504107125592,20.0
video120_final.mp4,Parkinson,42,0.01781567744142457,20.0
video120_final.mp4,Parkinson,43,0.019329698253946707,20.0
video120_final.mp4,Parkinson,44,0.025736680776547328,20.0
video120_final.mp4,Parkinson,45,0.00924601363851032,20.0
video120_final.mp4,Parkinson,46,0.010429084704596749,20.0
video120_final.mp4,Parkinson,47,0.01474317240545652,20.0
video120_final.mp4,Parkinson,48,0.01280576194000031,20.0
video120_final.mp4,Parkinson,49,0.02261294798137241,20.0
video120_final.mp4,Parkinson,50,0.00894583039846146,20.0
video120_final.mp4,Parkinson,51,0.014999260569156325,20.0
video120_final.mp4,Parkinson,52,0.014633691635749067,20.0
video120_final.mp4,Parkinson,53,0.016938714017537815,20.0
video120_final.mp4,Parkinson,54,0.01568712942603622,20.0
video120_final.mp4,Parkinson,55,0.010504376566400096,20.0
video120_final.mp4,Parkinson,56,0.003238932988151833,20.0
video120_final.mp4,Parkinson,57,0.008851661052781637,20.0
video120_final.mp4,Parkinson,58,0.00672896800091036,20.0
video120_final.mp4,Parkinson,59,0.008350537041558989,20.0
video120_final.mp4,Parkinson,60,0.013715150127687745,20.0
video120_final.mp4,Parkinson,61,0.015130415785678156,20.0
video120_final.mp4,Parkinson,62,0.024814333841086292,20.0
video120_final.mp4,Parkinson,63,0.021718611721109286,20.0
video120_final.mp4,Parkinson,64,0.03350604020117485,20.0
video120_final.mp4,Parkinson,65,0.038139895024061066,20.0
video120_final.mp4,Parkinson,66,0.03575619217553648,20.0
video120_final.mp4,Parkinson,67,0.03493556289682854,20.0
video120_final.mp4,Parkinson,68,0.02753453567569974,20.0
video120_final.mp4,Parkinson,69,0.015793896410228474,20.0
video120_final.mp4,Parkinson,70,0.025699394868422376,20.0
video120_final.mp4,Parkinson,71,0.0037434696736638757,20.0
video120_final.mp4,Parkinson,72,0.00871021707249988,20.0
video120_final.mp4,Parkinson,73,0.02236432293420425,20.0
video120_final.mp4,Parkinson,74,0.013691205307277424,20.0
video120_final.mp4,Parkinson,75,0.00950321473013019,20.0
video120_final.mp4,Parkinson,76,0.00482952942533309,20.0
video120_final.mp4,Parkinson,77,0.004566956189027198,20.0
video120_final.mp4,Parkinson,78,0.007492620602177599,20.0
video120_final.mp4,Parkinson,79,0.01056624490120718,20.0
video120_final.mp4,Parkinson,80,0.014851572442809621,20.0
video120_final.mp4,Parkinson,81,0.034847504828010446,20.0
video120_final.mp4,Parkinson,82,0.011561386955425607,20.0
video120_final.mp4,Parkinson,83,0.020670397786296053,20.0
video120_final.mp4,Parkinson,84,0.05048457076570428,20.0
video120_final.mp4,Parkinson,85,0.03790131792563427,20.0
video120_final.mp4,Parkinson,86,0.042137837706345084,20.0
video120_final.mp4,Parkinson,87,0.03643925651487712,20.0
video120_final.mp4,Parkinson,88,0.029081878708250002,20.0
video120_final.mp4,Parkinson,89,0.05016789871679537,20.0
video120_final.mp4,Parkinson,90,0.0422798183671271,20.0
video120_final.mp4,Parkinson,91,0.01641717158387841,20.0
video120_final.mp4,Parkinson,92,0.021508181078912326,20.0
video120_final.mp4,Parkinson,93,0.012916929628142683,20.0
video120_final.mp4,Parkinson,94,0.0322779699938168,20.0
video120_final.mp4,Parkinson,95,0.0204199441531526,20.0
video120_final.mp4,Parkinson,96,0.017484014715623674,20.0
video120_final.mp4,Parkinson,97,0.014164608202718419,20.0
video120_final.mp4,Parkinson,98,0.008533834584680933,20.0
video120_final.mp4,Parkinson,99,0.006767783384328996,20.0
video120_final.mp4,Parkinson,100,0.009177996244915174,20.0
video121_final.mp4,Parkinson,1,0.0,20.0
video121_final.mp4,Parkinson,2,0.015114986450817573,20.0
video121_final.mp4,Parkinson,3,0.009718134097252995,20.0
video121_final.mp4,Parkinson,4,0.021179822621202615,20.0
video121_final.mp4,Parkinson,5,0.017491433960891162,20.0
video121_final.mp4,Parkinson,6,0.019107947877736422,20.0
video121_final.mp4,Parkinson,7,0.010731956235459203,20.0
video121_final.mp4,Parkinson,8,0.008109659203833065,20.0
video121_final.mp4,Parkinson,9,0.00577799519861694,20.0
video121_final.mp4,Parkinson,10,0.018816607332932132,20.0
video121_final.mp4,Parkinson,11,0.006347030397610753,20.0
video121_final.mp4,Parkinson,12,0.012411574168384088,20.0
video121_final.mp4,Parkinson,13,0.009097447642889146,20.0
video121_final.mp4,Parkinson,14,0.023966908136200504,20.0
video121_final.mp4,Parkinson,15,0.009138927306087384,20.0
video121_final.mp4,Parkinson,16,0.008435852449450979,20.0
video121_final.mp4,Parkinson,17,0.010597770644236395,20.0
video121_final.mp4,Parkinson,18,0.016420064359164276,20.0
video121_final.mp4,Parkinson,19,0.012457750220070717,20.0
video121_final.mp4,Parkinson,20,0.015290067938354938,20.0
video121_final.mp4,Parkinson,21,0.009270286146069192,20.0
video121_final.mp4,Parkinson,22,0.0037920093010964935,20.0
video121_final.mp4,Parkinson,23,0.013305211035193816,20.0
video121_final.mp4,Parkinson,24,0.004971531193638119,20.0
video121_final.mp4,Parkinson,25,0.005910259572046768,20.0
video121_final.mp4,Parkinson,26,0.013438708034792857,20.0
video121_final.mp4,Parkinson,27,0.007292859025144417,20.0
video121_final.mp4,Parkinson,28,0.011891669355312872,20.0
video121_final.mp4,Parkinson,29,0.0142793813702558,20.0
video121_final.mp4,Parkinson,30,0.0045601193476478554,20.0
video121_final.mp4,Parkinson,31,0.007676950960274021,20.0
video121_final.mp4,Parkinson,32,0.008756493077760169,20.0
video121_final.mp4,Parkinson,33,0.007883138603869024,20.0
video121_final.mp4,Parkinson,34,0.012421540713982118,20.0
video121_final.mp4,Parkinson,35,0.012168147954994497,20.0
video121_final.mp4,Parkinson,36,0.021892838998442243,20.0
video121_final.mp4,Parkinson,37,0.011929942616199007,20.0
video121_final.mp4,Parkinson,38,0.017579950986993942,20.0
video121_final.mp4,Parkinson,39,0.022618481424172377,20.0
video121_final.mp4,Parkinson,40,0.024517730822476574,20.0
video121_final.mp4,Parkinson,41,0.019531917441848373,20.0
video121_final.mp4,Parkinson,42,0.004765877238335198,20.0
video121_final.mp4,Parkinson,43,0.005201184027782396,20.0
video121_final.mp4,Parkinson,44,0.015758192119333138,20.0
video121_final.mp4,Parkinson,45,0.005151714067155763,20.0
video121_final.mp4,Parkinson,46,0.020223681834560237,20.0
video121_final.mp4,Parkinson,47,0.012428056155762812,20.0
video121_final.mp4,Parkinson,48,0.017667189361691524,20.0
video121_final.mp4,Parkinson,49,0.015881328069013646,20.0
video121_final.mp4,Parkinson,50,0.0076303880325044775,20.0
video121_final.mp4,Parkinson,51,0.02012472381074655,20.0
video121_final.mp4,Parkinson,52,0.02394793386369445,20.0
video121_final.mp4,Parkinson,53,0.02392068560447685,20.0
video121_final.mp4,Parkinson,54,0.018568091061889013,20.0
video121_final.mp4,Parkinson,55,0.018998933468606326,20.0
video121_final.mp4,Parkinson,56,0.015114921214835486,20.0
video121_final.mp4,Parkinson,57,0.011352775506179419,20.0
video121_final.mp4,Parkinson,58,0.013481652468419064,20.0
video121_final.mp4,Parkinson,59,0.010048146197589682,20.0
video121_final.mp4,Parkinson,60,0.027934892714970017,20.0
video121_final.mp4,Parkinson,61,0.007056587209787084,20.0
video121_final.mp4,Parkinson,62,0.013522081811789155,20.0
video121_final.mp4,Parkinson,63,0.0018148864620780795,20.0
video121_final.mp4,Parkinson,64,0.022189040125584546,20.0
video121_final.mp4,Parkinson,65,0.00702867768074555,20.0
video121_final.mp4,Parkinson,66,0.004924206037737432,20.0
video121_final.mp4,Parkinson,67,0.013456366173920181,20.0
video121_final.mp4,Parkinson,68,0.0055229819433816165,20.0
video121_final.mp4,Parkinson,69,0.016374128618812708,20.0
video121_final.mp4,Parkinson,70,0.01101201103651748,20.0
video121_final.mp4,Parkinson,71,0.0022536310675705445,20.0
video121_final.mp4,Parkinson,72,0.028190945598420402,20.0
video121_final.mp4,Parkinson,73,0.028609123343308156,20.0
video121_final.mp4,Parkinson,74,0.03902827332364788,20.0
video121_final.mp4,Parkinson,75,0.015533776015211906,20.0
video121_final.mp4,Parkinson,76,0.012190584476016604,20.0
video121_final.mp4,Parkinson,77,0.016595207734360882,20.0
video121_final.mp4,Parkinson,78,0.009587536567663474,20.0
video121_final.mp4,Parkinson,79,0.005958027199876512,20.0
video121_final.mp4,Parkinson,80,0.005687409917077391,20.0
video121_final.mp4,Parkinson,81,0.00971663360508128,20.0
video121_final.mp4,Parkinson,82,0.009456757534713499,20.0
video121_final.mp4,Parkinson,83,0.0037464853778444167,20.0
video121_final.mp4,Parkinson,84,0.003908132428402597,20.0
video121_final.mp4,Parkinson,85,0.0020545835383451398,20.0
video121_final.mp4,Parkinson,86,0.00646960287576863,20.0
video121_final.mp4,Parkinson,87,0.0069412436227546575,20.0
video121_final.mp4,Parkinson,88,0.008216259832345947,20.0
video121_final.mp4,Parkinson,89,0.006414453166078524,20.0
video121_final.mp4,Parkinson,90,0.004687351910163636,20.0
video121_final.mp4,Parkinson,91,0.007538414308335377,20.0
video121_final.mp4,Parkinson,92,0.008569055963483362,20.0
video121_final.mp4,Parkinson,93,0.008712602647575713,20.0
video121_final.mp4,Parkinson,94,0.011603289635838168,20.0
video121_final.mp4,Parkinson,95,0.007486462856289851,20.0
video121_final.mp4,Parkinson,96,0.015812818794942906,20.0
video121_final.mp4,Parkinson,97,0.008005701986193294,20.0
video121_final.mp4,Parkinson,98,0.013283152860449935,20.0
video121_final.mp4,Parkinson,99,0.007477704071120167,20.0
video121_final.mp4,Parkinson,100,0.007714232796682764,20.0
video122_final.mp4,Parkinson,1,0.0,20.0
video122_final.mp4,Parkinson,2,0.015069707305526368,20.0
video122_final.mp4,Parkinson,3,0.01652972991575794,20.0
video122_final.mp4,Parkinson,4,0.017399238336767747,20.0
video122_final.mp4,Parkinson,5,0.008471696087893497,20.0
video122_final.mp4,Parkinson,6,0.020831902124324345,20.0
video122_final.mp4,Parkinson,7,0.012087806031032928,20.0
video122_final.mp4,Parkinson,8,0.009054600897519161,20.0
video122_final.mp4,Parkinson,9,0.016611923397009735,20.0
video122_final.mp4,Parkinson,10,0.02217523850917472,20.0
video122_final.mp4,Parkinson,11,0.004364985137809654,20.0
video122_final.mp4,Parkinson,12,0.008913533284708806,20.0
video122_final.mp4,Parkinson,13,0.005841063932591918,20.0
video122_final.mp4,Parkinson,14,0.011261516585910271,20.0
video122_final.mp4,Parkinson,15,0.008018723735205723,20.0
video122_final.mp4,Parkinson,16,0.0058483660935288945,20.0
video122_final.mp4,Parkinson,17,0.0054768095923760805,20.0
video122_final.mp4,Parkinson,18,0.012618242223607282,20.0
video122_final.mp4,Parkinson,19,0.004124359848851045,20.0
video122_final.mp4,Parkinson,20,0.01271639671333621,20.0
video122_final.mp4,Parkinson,21,0.01405787415870454,20.0
video122_final.mp4,Parkinson,22,0.010752142063183178,20.0
video122_final.mp4,Parkinson,23,0.010820213739700107,20.0
video122_final.mp4,Parkinson,24,0.010663289244934383,20.0
video122_final.mp4,Parkinson,25,0.013243270612977233,20.0
video122_final.mp4,Parkinson,26,0.009074195207641793,20.0
video122_final.mp4,Parkinson,27,0.004278425458929679,20.0
video122_final.mp4,Parkinson,28,0.011236536173233051,20.0
video122_final.mp4,Parkinson,29,0.015339290199665236,20.0
video122_final.mp4,Parkinson,30,0.01160695343537619,20.0
video122_final.mp4,Parkinson,31,0.012197722066850982,20.0
video122_final.mp4,Parkinson,32,0.012036819352295185,20.0
video122_final.mp4,Parkinson,33,0.009615632155035846,20.0
video122_final.mp4,Parkinson,34,0.009018709017922453,20.0
video122_final.mp4,Parkinson,35,0.008466729373497397,20.0
video122_final.mp4,Parkinson,36,0.009150070055666164,20.0
video122_final.mp4,Parkinson,37,0.010263828954119938,20.0
video122_final.mp4,Parkinson,38,0.01729286755525194,20.0
video122_final.mp4,Parkinson,39,0.007937095627796872,20.0
video122_final.mp4,Parkinson,40,0.018172208899696618,20.0
video122_final.mp4,Parkinson,41,0.010031971280329434,20.0
video122_final.mp4,Parkinson,42,0.015858414779599744,20.0
video122_final.mp4,Parkinson,43,0.01318369983802232,20.0
video122_final.mp4,Parkinson,44,0.0034750033627168856,20.0
video122_final.mp4,Parkinson,45,0.004281639519770615,20.0
video122_final.mp4,Parkinson,46,0.007294976551359283,20.0
video122_final.mp4,Parkinson,47,0.0037473903209021444,20.0
video122_final.mp4,Parkinson,48,0.005297682640084823,20.0
video122_final.mp4,Parkinson,49,0.007358184160817345,20.0
video122_final.mp4,Parkinson,50,0.010778328989369784,20.0
video122_final.mp4,Parkinson,51,0.009873950280774318,20.0
video122_final.mp4,Parkinson,52,0.009897274601388237,20.0
video122_final.mp4,Parkinson,53,0.006871236748167313,20.0
video122_final.mp4,Parkinson,54,0.0112180773328137,20.0
video122_final.mp4,Parkinson,55,0.014879022392554132,20.0
video122_final.mp4,Parkinson,56,0.01597285198433506,20.0
video122_final.mp4,Parkinson,57,0.01210783518486933,20.0
video122_final.mp4,Parkinson,58,0.013293393366610722,20.0
video122_final.mp4,Parkinson,59,0.013320797319866691,20.0
video122_final.mp4,Parkinson,60,0.013491397847350631,20.0
video122_final.mp4,Parkinson,61,0.013976886355662877,20.0
video122_final.mp4,Parkinson,62,0.010063949002048156,20.0
video122_final.mp4,Parkinson,63,0.005564178712803893,20.0
video122_final.mp4,Parkinson,64,0.007687840427249237,20.0
video122_final.mp4,Parkinson,65,0.008928457205480501,20.0
video122_final.mp4,Parkinson,66,0.02171443894472456,20.0
video122_final.mp4,Parkinson,67,0.03395187085067551,20.0
video122_final.mp4,Parkinson,68,0.02246911633908009,20.0
video122_final.mp4,Parkinson,69,0.0062718475825468386,20.0
video122_final.mp4,Parkinson,70,0.012055464385191172,20.0
video122_final.mp4,Parkinson,71,0.00517485453196971,20.0
video122_final.mp4,Parkinson,72,0.008367729478699189,20.0
video122_final.mp4,Parkinson,73,0.0028003402942354872,20.0
video122_final.mp4,Parkinson,74,0.01067986194314423,20.0
video122_final.mp4,Parkinson,75,0.005411286680118546,20.0
video122_final.mp4,Parkinson,76,0.007997503441614102,20.0
video122_final.mp4,Parkinson,77,0.009612767333112537,20.0
video122_final.mp4,Parkinson,78,0.0059305834831659444,20.0
video122_final.mp4,Parkinson,79,0.00848920008820542,20.0
video122_final.mp4,Parkinson,80,0.007703980279346185,20.0
video122_final.mp4,Parkinson,81,0.0033606454565923804,20.0
video122_final.mp4,Parkinson,82,0.010071707557942613,20.0
video122_final.mp4,Parkinson,83,0.010314092300543129,20.0
video122_final.mp4,Parkinson,84,0.013733422716285616,20.0
video122_final.mp4,Parkinson,85,0.007804812757672179,20.0
video122_final.mp4,Parkinson,86,0.017689933943207,20.0
video122_final.mp4,Parkinson,87,0.016013088437457922,20.0
video122_final.mp4,Parkinson,88,0.005095526359776374,20.0
video122_final.mp4,Parkinson,89,0.0046208371741016715,20.0
video122_final.mp4,Parkinson,90,0.012781360411523543,20.0
video122_final.mp4,Parkinson,91,0.006619366509077736,20.0
video122_final.mp4,Parkinson,92,0.021141836036552494,20.0
video122_final.mp4,Parkinson,93,0.02110760895631517,20.0
video122_final.mp4,Parkinson,94,0.018964890256797828,20.0
video122_final.mp4,Parkinson,95,0.0077288778993783004,20.0
video122_final.mp4,Parkinson,96,0.009469010231057643,20.0
video122_final.mp4,Parkinson,97,0.008222315925913081,20.0
video122_final.mp4,Parkinson,98,0.006633349698822893,20.0
video122_final.mp4,Parkinson,99,0.01252649987288161,20.0
video122_final.mp4,Parkinson,100,0.021951432859936046,20.0
video123_final.mp4,Parkinson,1,0.0,20.0
video123_final.mp4,Parkinson,2,0.0080598947922446,20.0
video123_final.mp4,Parkinson,3,0.0071073332290715425,20.0
video123_final.mp4,Parkinson,4,0.016518430966246573,20.0
video123_final.mp4,Parkinson,5,0.02515415914659465,20.0
video123_final.mp4,Parkinson,6,0.022255924076674982,20.0
video123_final.mp4,Parkinson,7,0.011797542672633375,20.0
video123_final.mp4,Parkinson,8,0.004808619478012529,20.0
video123_final.mp4,Parkinson,9,0.0035907800286913484,20.0
video123_final.mp4,Parkinson,10,0.017967352614645365,20.0
video123_final.mp4,Parkinson,11,0.007890091451807683,20.0
video123_final.mp4,Parkinson,12,0.015363190463116143,20.0
video123_final.mp4,Parkinson,13,0.014703957901223261,20.0
video123_final.mp4,Parkinson,14,0.007303858561130805,20.0
video123_final.mp4,Parkinson,15,0.011074875343324483,20.0
video123_final.mp4,Parkinson,16,0.004322657861892428,20.0
video123_final.mp4,Parkinson,17,0.004602931670884205,20.0
video123_final.mp4,Parkinson,18,0.0015430656041419688,20.0
video123_final.mp4,Parkinson,19,0.004741046836349627,20.0
video123_final.mp4,Parkinson,20,0.00860400589975479,20.0
video123_final.mp4,Parkinson,21,0.0036288267795284595,20.0
video123_final.mp4,Parkinson,22,0.010620068077817854,20.0
video123_final.mp4,Parkinson,23,0.007624749315759848,20.0
video123_final.mp4,Parkinson,24,0.0046746575487467655,20.0
video123_final.mp4,Parkinson,25,0.007431594413081306,20.0
video123_final.mp4,Parkinson,26,0.007841922004264387,20.0
video123_final.mp4,Parkinson,27,0.01100454680403845,20.0
video123_final.mp4,Parkinson,28,0.022342742281756228,20.0
video123_final.mp4,Parkinson,29,0.0032350423664782905,20.0
video123_final.mp4,Parkinson,30,0.017130218895032464,20.0
video123_final.mp4,Parkinson,31,0.010963889295980042,20.0
video123_final.mp4,Parkinson,32,0.00629886086245754,20.0
video123_final.mp4,Parkinson,33,0.014204325276159396,20.0
video123_final.mp4,Parkinson,34,0.016208223696327847,20.0
video123_final.mp4,Parkinson,35,0.013190663147530377,20.0
video123_final.mp4,Parkinson,36,0.003933981173748591,20.0
video123_final.mp4,Parkinson,37,0.003986988803492186,20.0
video123_final.mp4,Parkinson,38,0.0046228571938664665,20.0
video123_final.mp4,Parkinson,39,0.004125298989187151,20.0
video123_final.mp4,Parkinson,40,0.007896986427090944,20.0
video123_final.mp4,Parkinson,41,0.00583545198081888,20.0
video123_final.mp4,Parkinson,42,0.009352187132065128,20.0
video123_final.mp4,Parkinson,43,0.00935953439219016,20.0
video123_final.mp4,Parkinson,44,0.00832915625716077,20.0
video123_final.mp4,Parkinson,45,0.010255846904315158,20.0
video123_final.mp4,Parkinson,46,0.01850462567247937,20.0
video123_final.mp4,Parkinson,47,0.006844205016077798,20.0
video123_final.mp4,Parkinson,48,0.0023703277574688877,20.0
video123_final.mp4,Parkinson,49,0.0032837423088762827,20.0
video123_final.mp4,Parkinson,50,0.018172471158171107,20.0
video123_final.mp4,Parkinson,51,0.00848948569946588,20.0
video123_final.mp4,Parkinson,52,0.008785453552062157,20.0
video123_final.mp4,Parkinson,53,0.008459217382622413,20.0
video123_final.mp4,Parkinson,54,0.008744545684124813,20.0
video123_final.mp4,Parkinson,55,0.015006674806435688,20.0
video123_final.mp4,Parkinson,56,0.013734205315078752,20.0
video123_final.mp4,Parkinson,57,0.006188336223018427,20.0
video123_final.mp4,Parkinson,58,0.010019905311025036,20.0
video123_final.mp4,Parkinson,59,0.006936783789525024,20.0
video123_final.mp4,Parkinson,60,0.0047715635169710505,20.0
video123_final.mp4,Parkinson,61,0.006147329311969465,20.0
video123_final.mp4,Parkinson,62,0.005924045155835232,20.0
video123_final.mp4,Parkinson,63,0.006923271379428791,20.0
video123_final.mp4,Parkinson,64,0.008330109772786302,20.0
video123_final.mp4,Parkinson,65,0.0064926824726157855,20.0
video123_final.mp4,Parkinson,66,0.0036915167182153714,20.0
video123_final.mp4,Parkinson,67,0.010295902617466254,20.0
video123_final.mp4,Parkinson,68,0.004532100680813235,20.0
video123_final.mp4,Parkinson,69,0.006349276168519195,20.0
video123_final.mp4,Parkinson,70,0.0039274013046621025,20.0
video123_final.mp4,Parkinson,71,0.011616491443584112,20.0
video123_final.mp4,Parkinson,72,0.010531854682187971,20.0
video123_final.mp4,Parkinson,73,0.010833946449937426,20.0
video123_final.mp4,Parkinson,74,0.003969555140635479,20.0
video123_final.mp4,Parkinson,75,0.009596154327163771,20.0
video123_final.mp4,Parkinson,76,0.0057423942513173095,20.0
video123_final.mp4,Parkinson,77,0.001388585141190071,20.0
video123_final.mp4,Parkinson,78,0.01376898802414532,20.0
video123_final.mp4,Parkinson,79,0.008235363253990333,20.0
video123_final.mp4,Parkinson,80,0.006319483147117934,20.0
video123_final.mp4,Parkinson,81,0.006569433125028012,20.0
video123_final.mp4,Parkinson,82,0.00715554168383594,20.0
video123_final.mp4,Parkinson,83,0.008828874342307952,20.0
video123_final.mp4,Parkinson,84,0.009104283718317459,20.0
video123_final.mp4,Parkinson,85,0.005350925684502579,20.0
video123_final.mp4,Parkinson,86,0.010337304714779666,20.0
video123_final.mp4,Parkinson,87,0.007412460530332186,20.0
video123_final.mp4,Parkinson,88,0.013437305848566746,20.0
video123_final.mp4,Parkinson,89,0.007157676097068812,20.0
video123_final.mp4,Parkinson,90,0.00498948111727295,20.0
video123_final.mp4,Parkinson,91,0.0005810838980945273,20.0
video123_final.mp4,Parkinson,92,0.006887573531215665,20.0
video123_final.mp4,Parkinson,93,0.0101550044660289,20.0
video123_final.mp4,Parkinson,94,0.00962667326171508,20.0
video123_final.mp4,Parkinson,95,0.007453892809893183,20.0
video123_final.mp4,Parkinson,96,0.0025674776280448417,20.0
video123_final.mp4,Parkinson,97,0.005258155023511271,20.0
video123_final.mp4,Parkinson,98,0.007297767663437361,20.0
video123_final.mp4,Parkinson,99,0.008634918986964743,20.0
video123_final.mp4,Parkinson,100,0.008350101365824402,20.0
video12_final.mp4,Parkinson,1,0.0,20.0
video12_final.mp4,Parkinson,2,0.004028993815926138,20.0
video12_final.mp4,Parkinson,3,0.00731841815132434,20.0
video12_final.mp4,Parkinson,4,0.012861979973369122,20.0
video12_final.mp4,Parkinson,5,0.0024339027793743523,20.0
video12_final.mp4,Parkinson,6,0.0037051533122949665,20.0
video12_final.mp4,Parkinson,7,0.0014809156164857459,20.0
video12_final.mp4,Parkinson,8,0.005434294453486601,20.0
video12_final.mp4,Parkinson,9,0.00952614962225175,20.0
video12_final.mp4,Parkinson,10,0.009204670115371882,20.0
video12_final.mp4,Parkinson,11,0.006529073901257236,20.0
video12_final.mp4,Parkinson,12,0.0051789776168295895,20.0
video12_final.mp4,Parkinson,13,0.006204388609343026,20.0
video12_final.mp4,Parkinson,14,0.0032875946923641916,20.0
video12_final.mp4,Parkinson,15,0.002912053303424328,20.0
video12_final.mp4,Parkinson,16,0.005769334935024438,20.0
video12_final.mp4,Parkinson,17,0.003198961383756769,20.0
video12_final.mp4,Parkinson,18,0.004446534881010675,20.0
video12_final.mp4,Parkinson,19,0.0027798304372913985,20.0
video12_final.mp4,Parkinson,20,0.004119890007049579,20.0
video12_final.mp4,Parkinson,21,0.00877356909282614,20.0
video12_final.mp4,Parkinson,22,0.0241144464909328,20.0
video12_final.mp4,Parkinson,23,0.021567166023307573,20.0
video12_final.mp4,Parkinson,24,0.02273867899179879,20.0
video12_final.mp4,Parkinson,25,0.016992670221668418,20.0
video12_final.mp4,Parkinson,26,0.015823714667282364,20.0
video12_final.mp4,Parkinson,27,0.005985408837576332,20.0
video12_final.mp4,Parkinson,28,0.006003041356082677,20.0
video12_final.mp4,Parkinson,29,0.0029552407437132885,20.0
video12_final.mp4,Parkinson,30,0.015709616906042348,20.0
video12_final.mp4,Parkinson,31,0.022348899181786286,20.0
video12_final.mp4,Parkinson,32,0.009107336186462771,20.0
video12_final.mp4,Parkinson,33,0.011806654434006686,20.0
video12_final.mp4,Parkinson,34,0.0043847838449268565,20.0
video12_final.mp4,Parkinson,35,0.006074381129475896,20.0
video12_final.mp4,Parkinson,36,0.004987603783499414,20.0
video12_final.mp4,Parkinson,37,0.0023745176482342254,20.0
video12_final.mp4,Parkinson,38,0.006228662737925618,20.0
video12_final.mp4,Parkinson,39,0.006442916675284244,20.0
video12_final.mp4,Parkinson,40,0.0038889239437421797,20.0
video12_final.mp4,Parkinson,41,0.004672487610031019,20.0
video12_final.mp4,Parkinson,42,0.012488476321478549,20.0
video12_final.mp4,Parkinson,43,0.004996246844819342,20.0
video12_final.mp4,Parkinson,44,0.002125857249538823,20.0
video12_final.mp4,Parkinson,45,0.005397957512564305,20.0
video12_final.mp4,Parkinson,46,0.010475079993369583,20.0
video12_final.mp4,Parkinson,47,0.010160876965702583,20.0
video12_final.mp4,Parkinson,48,0.005948421999376022,20.0
video12_final.mp4,Parkinson,49,0.004123128931924203,20.0
video12_final.mp4,Parkinson,50,0.005618993214273919,20.0
video12_final.mp4,Parkinson,51,0.002104003842593975,20.0
video12_final.mp4,Parkinson,52,0.0038017945957761735,20.0
video12_final.mp4,Parkinson,53,0.005990591027178504,20.0
video12_final.mp4,Parkinson,54,0.0063440503946864315,20.0
video12_final.mp4,Parkinson,55,0.00702002144488515,20.0
video12_final.mp4,Parkinson,56,0.006415931783083203,20.0
video12_final.mp4,Parkinson,57,0.004418047959939826,20.0
video12_final.mp4,Parkinson,58,0.0031566814657990735,20.0
video12_final.mp4,Parkinson,59,0.005651711039496843,20.0
video12_final.mp4,Parkinson,60,0.0031900645876798877,20.0
video12_final.mp4,Parkinson,61,0.008311247796878923,20.0
video12_final.mp4,Parkinson,62,0.0075720905326840445,20.0
video12_final.mp4,Parkinson,63,0.00739242844137196,20.0
video12_final.mp4,Parkinson,64,0.003290286911495394,20.0
video12_final.mp4,Parkinson,65,0.0037596826438564554,20.0
video12_final.mp4,Parkinson,66,0.006401138604723306,20.0
video12_final.mp4,Parkinson,67,0.00589564647904769,20.0
video12_final.mp4,Parkinson,68,0.005530942883636805,20.0
video12_final.mp4,Parkinson,69,0.006119681102303661,20.0
video12_final.mp4,Parkinson,70,0.007434128638784734,20.0
video12_final.mp4,Parkinson,71,0.011696494793660023,20.0
video12_final.mp4,Parkinson,72,0.005580629148386355,20.0
video12_final.mp4,Parkinson,73,0.0040553813126057376,20.0
video12_final.mp4,Parkinson,74,0.0061958577981222574,20.0
video12_final.mp4,Parkinson,75,0.0031723322009680186,20.0
video12_final.mp4,Parkinson,76,0.007397194739331236,20.0
video12_final.mp4,Parkinson,77,0.006014216718669073,20.0
video12_final.mp4,Parkinson,78,0.0019413390272332036,20.0
video12_final.mp4,Parkinson,79,0.008117398805172564,20.0
video12_final.mp4,Parkinson,80,0.00846617636622106,20.0
video12_final.mp4,Parkinson,81,0.0018021069651978708,20.0
video12_final.mp4,Parkinson,82,0.0020518600374479557,20.0
video12_final.mp4,Parkinson,83,0.0037628953790239433,20.0
video12_final.mp4,Parkinson,84,0.003551888240215592,20.0
video12_final.mp4,Parkinson,85,0.00471641747742122,20.0
video12_final.mp4,Parkinson,86,0.004325185931718523,20.0
video12_final.mp4,Parkinson,87,0.0037076127423685407,20.0
video12_final.mp4,Parkinson,88,0.004657295972931553,20.0
video12_final.mp4,Parkinson,89,0.0032058756238298883,20.0
video12_final.mp4,Parkinson,90,0.003933113697078725,20.0
video12_final.mp4,Parkinson,91,0.00535837560536062,20.0
video12_final.mp4,Parkinson,92,0.006477550512405767,20.0
video12_final.mp4,Parkinson,93,0.01187100326937922,20.0
video12_final.mp4,Parkinson,94,0.022555230613503865,20.0
video12_final.mp4,Parkinson,95,0.03312427777497983,20.0
video12_final.mp4,Parkinson,96,0.008280736826823764,20.0
video12_final.mp4,Parkinson,97,0.020832712812775888,20.0
video12_final.mp4,Parkinson,98,0.017160139148378238,20.0
video12_final.mp4,Parkinson,99,0.010382075536937768,20.0
video12_final.mp4,Parkinson,100,0.018773274283019423,20.0
video16_final.mp4,Parkinson,1,0.0,20.0
video16_final.mp4,Parkinson,2,0.004680730936523853,20.0
video16_final.mp4,Parkinson,3,0.00757094260256192,20.0
video16_final.mp4,Parkinson,4,0.0038194074044587585,20.0
video16_final.mp4,Parkinson,5,0.007294285634344966,20.0
video16_final.mp4,Parkinson,6,0.0070911371704678134,20.0
video16_final.mp4,Parkinson,7,0.0015735902987568618,20.0
video16_final.mp4,Parkinson,8,0.006264701465803923,20.0
video16_final.mp4,Parkinson,9,0.0041837846942335815,20.0
video16_final.mp4,Parkinson,10,0.01039089255680136,20.0
video16_final.mp4,Parkinson,11,0.004497189089856333,20.0
video16_final.mp4,Parkinson,12,0.002353568778737412,20.0
video16_final.mp4,Parkinson,13,0.002906650391435777,20.0
video16_final.mp4,Parkinson,14,0.00473424517312357,20.0
video16_final.mp4,Parkinson,15,0.0030516908181802533,20.0
video16_final.mp4,Parkinson,16,0.0009698897183668254,20.0
video16_final.mp4,Parkinson,17,0.002195073213623347,20.0
video16_final.mp4,Parkinson,18,0.0019509484225467943,20.0
video16_final.mp4,Parkinson,19,0.0036882759355006817,20.0
video16_final.mp4,Parkinson,20,0.0037885511000248367,20.0
video16_final.mp4,Parkinson,21,0.003984355021993381,20.0
video16_final.mp4,Parkinson,22,0.0032869306176277484,20.0
video16_final.mp4,Parkinson,23,0.004911853624889853,20.0
video16_final.mp4,Parkinson,24,0.00995421598223936,20.0
video16_final.mp4,Parkinson,25,0.003855894500049773,20.0
video16_final.mp4,Parkinson,26,0.005377969275432688,20.0
video16_final.mp4,Parkinson,27,0.0037720159046233416,20.0
video16_final.mp4,Parkinson,28,0.007028114957204405,20.0
video16_final.mp4,Parkinson,29,0.004148606216515436,20.0
video16_final.mp4,Parkinson,30,0.0077233488930424955,20.0
video16_final.mp4,Parkinson,31,0.004668726178585131,20.0
video16_final.mp4,Parkinson,32,0.002182039059729299,20.0
video16_final.mp4,Parkinson,33,0.0017915108210872822,20.0
video16_final.mp4,Parkinson,34,0.004132162592472128,20.0
video16_final.mp4,Parkinson,35,0.0037752062059321946,20.0
video16_final.mp4,Parkinson,36,0.002508234950215052,20.0
video16_final.mp4,Parkinson,37,0.0029187763910586834,20.0
video16_final.mp4,Parkinson,38,0.0017342837607679932,20.0
video16_final.mp4,Parkinson,39,0.003341425719407059,20.0
video16_final.mp4,Parkinson,40,0.008047173978167196,20.0
video16_final.mp4,Parkinson,41,0.00749482219493976,20.0
video16_final.mp4,Parkinson,42,0.006820737747784983,20.0
video16_final.mp4,Parkinson,43,0.0024971007102852914,20.0
video16_final.mp4,Parkinson,44,0.005269319182362332,20.0
video16_final.mp4,Parkinson,45,0.0030283989102480716,20.0
video16_final.mp4,Parkinson,46,0.004154299950282198,20.0
video16_final.mp4,Parkinson,47,0.007014209437137442,20.0
video16_final.mp4,Parkinson,48,0.005440509135244454,20.0
video16_final.mp4,Parkinson,49,0.0026991441576892064,20.0
video16_final.mp4,Parkinson,50,0.0017209168831797406,20.0
video16_final.mp4,Parkinson,51,0.003290372282748677,20.0
video16_final.mp4,Parkinson,52,0.0033667904367232077,20.0
video16_final.mp4,Parkinson,53,0.005689742868755988,20.0
video16_final.mp4,Parkinson,54,0.007131670226608663,20.0
video16_final.mp4,Parkinson,55,0.0021232906674797996,20.0
video16_final.mp4,Parkinson,56,0.002008175487934682,20.0
video16_final.mp4,Parkinson,57,0.004013198661415998,20.0
video16_final.mp4,Parkinson,58,0.0011106531212665262,20.0
video16_final.mp4,Parkinson,59,0.0016287060632866658,20.0
video16_final.mp4,Parkinson,60,0.0029303652901661458,20.0
video16_final.mp4,Parkinson,61,0.0026908505261001767,20.0
video16_final.mp4,Parkinson,62,0.004234816769656737,20.0
video16_final.mp4,Parkinson,63,0.0024314257521676833,20.0
video16_final.mp4,Parkinson,64,0.0012777021715442915,20.0
video16_final.mp4,Parkinson,65,0.003072249233780968,20.0
video16_final.mp4,Parkinson,66,0.00488899682444321,20.0
video16_final.mp4,Parkinson,67,0.006692256611585232,20.0
video16_final.mp4,Parkinson,68,0.006055312385102756,20.0
video16_final.mp4,Parkinson,69,0.002705349890189015,20.0
video16_final.mp4,Parkinson,70,0.002869022220371844,20.0
video16_final.mp4,Parkinson,71,0.0030209562958286966,20.0
video16_final.mp4,Parkinson,72,0.0005999711146001909,20.0
video16_final.mp4,Parkinson,73,0.0010465501263873277,20.0
video16_final.mp4,Parkinson,74,0.006172743237052705,20.0
video16_final.mp4,Parkinson,75,0.005507689098455897,20.0
video16_final.mp4,Parkinson,76,0.0037477051931787907,20.0
video16_final.mp4,Parkinson,77,0.005479933940429717,20.0
video16_final.mp4,Parkinson,78,0.0010221251679564344,20.0
video16_final.mp4,Parkinson,79,0.002895357733090065,20.0
video16_final.mp4,Parkinson,80,0.0026368680016541474,20.0
video16_final.mp4,Parkinson,81,0.003138743533864293,20.0
video16_final.mp4,Parkinson,82,0.0038915363059490934,20.0
video16_final.mp4,Parkinson,83,0.0038883455492571013,20.0
video16_final.mp4,Parkinson,84,0.005424999524488257,20.0
video16_final.mp4,Parkinson,85,0.005706911549037419,20.0
video16_final.mp4,Parkinson,86,0.004926498916198449,20.0
video16_final.mp4,Parkinson,87,0.003993690920733257,20.0
video16_final.mp4,Parkinson,88,0.005493777436984002,20.0
video16_final.mp4,Parkinson,89,0.005898279213022575,20.0
video16_final.mp4,Parkinson,90,0.0023556944615631616,20.0
video16_final.mp4,Parkinson,91,0.0017793527009516217,20.0
video16_final.mp4,Parkinson,92,0.002333768532792589,20.0
video16_final.mp4,Parkinson,93,0.0036163622434418623,20.0
video16_final.mp4,Parkinson,94,0.0031998446199963115,20.0
video16_final.mp4,Parkinson,95,0.0012933508509668037,20.0
video16_final.mp4,Parkinson,96,0.0034680418420816685,20.0
video16_final.mp4,Parkinson,97,0.005974526913688238,20.0
video16_final.mp4,Parkinson,98,0.013232702555215513,20.0
video16_final.mp4,Parkinson,99,0.014057144274947503,20.0
video16_final.mp4,Parkinson,100,0.006957837651478155,20.0
video19_final.mp4,Parkinson,1,0.0,20.0
video19_final.mp4,Parkinson,2,0.014234913009590872,20.0
video19_final.mp4,Parkinson,3,0.006011650553048475,20.0
video19_final.mp4,Parkinson,4,0.004544578763712702,20.0
video19_final.mp4,Parkinson,5,0.0018857078525214982,20.0
video19_final.mp4,Parkinson,6,0.0052062301641126645,20.0
video19_final.mp4,Parkinson,7,0.0053039977776009745,20.0
video19_final.mp4,Parkinson,8,0.004133061203826961,20.0
video19_final.mp4,Parkinson,9,0.02765304073469597,20.0
video19_final.mp4,Parkinson,10,0.011755676963881675,20.0
video19_final.mp4,Parkinson,11,0.00895373778007721,20.0
video19_final.mp4,Parkinson,12,0.012307704539927045,20.0
video19_final.mp4,Parkinson,13,0.005951469396718882,20.0
video19_final.mp4,Parkinson,14,0.0037852151739241687,20.0
video19_final.mp4,Parkinson,15,0.006382802689722699,20.0
video19_final.mp4,Parkinson,16,0.002549126227983255,20.0
video19_final.mp4,Parkinson,17,0.002834795153324618,20.0
video19_final.mp4,Parkinson,18,0.004553871107689427,20.0
video19_final.mp4,Parkinson,19,0.005112993389861613,20.0
video19_final.mp4,Parkinson,20,0.0014108618026645947,20.0
video19_final.mp4,Parkinson,21,0.004985023108691185,20.0
video19_final.mp4,Parkinson,22,0.0010929946225506327,20.0
video19_final.mp4,Parkinson,23,0.002067426537677177,20.0
video19_final.mp4,Parkinson,24,0.005317518589747139,20.0
video19_final.mp4,Parkinson,25,0.002859856237235088,20.0
video19_final.mp4,Parkinson,26,0.0017135267193255693,20.0
video19_final.mp4,Parkinson,27,0.0009032412632573782,20.0
video19_final.mp4,Parkinson,28,0.0034174576443283286,20.0
video19_final.mp4,Parkinson,29,0.004891909683603898,20.0
video19_final.mp4,Parkinson,30,0.006371107780930519,20.0
video19_final.mp4,Parkinson,31,0.004951075178344333,20.0
video19_final.mp4,Parkinson,32,0.002723051703475418,20.0
video19_final.mp4,Parkinson,33,0.00492346300440811,20.0
video19_final.mp4,Parkinson,34,0.0055414659000657665,20.0
video19_final.mp4,Parkinson,35,0.005732965315503362,20.0
video19_final.mp4,Parkinson,36,0.00640562160290105,20.0
video19_final.mp4,Parkinson,37,0.005605064407325104,20.0
video19_final.mp4,Parkinson,38,0.0049621771866773185,20.0
video19_final.mp4,Parkinson,39,0.001889050877183604,20.0
video19_final.mp4,Parkinson,40,0.0037702094864417546,20.0
video19_final.mp4,Parkinson,41,0.003985005451743189,20.0
video19_final.mp4,Parkinson,42,0.006412894794142208,20.0
video19_final.mp4,Parkinson,43,0.0037585561727179243,20.0
video19_final.mp4,Parkinson,44,0.003992817235952549,20.0
video19_final.mp4,Parkinson,45,0.006833268751121879,20.0
video19_final.mp4,Parkinson,46,0.004717170953355321,20.0
video19_final.mp4,Parkinson,47,0.0016583096139104073,20.0
video19_final.mp4,Parkinson,48,0.0016705321762641018,20.0
video19_final.mp4,Parkinson,49,0.014602293689997952,20.0
video19_final.mp4,Parkinson,50,0.017029601150572806,20.0
video19_final.mp4,Parkinson,51,0.01574828512744607,20.0
video19_final.mp4,Parkinson,52,0.009872511123674335,20.0
video19_final.mp4,Parkinson,53,0.0038215517413845456,20.0
video19_final.mp4,Parkinson,54,0.01105222999254235,20.0
video19_final.mp4,Parkinson,55,0.018544405667322867,20.0
video19_final.mp4,Parkinson,56,0.005834795302622046,20.0
video19_final.mp4,Parkinson,57,0.009003934021624105,20.0
video19_final.mp4,Parkinson,58,0.0064881946420402336,20.0
video19_final.mp4,Parkinson,59,0.007260008245905292,20.0
video19_final.mp4,Parkinson,60,0.003054854015901859,20.0
video19_final.mp4,Parkinson,61,0.0028626283738059886,20.0
video19_final.mp4,Parkinson,62,0.005821632827775901,20.0
video19_final.mp4,Parkinson,63,0.003691876688303362,20.0
video19_final.mp4,Parkinson,64,0.0012626416091546105,20.0
video19_final.mp4,Parkinson,65,0.004979976672701929,20.0
video19_final.mp4,Parkinson,66,0.005166986538175102,20.0
video19_final.mp4,Parkinson,67,0.006196410599908696,20.0
video19_final.mp4,Parkinson,68,0.00258788773759781,20.0
video19_final.mp4,Parkinson,69,0.004880738062850243,20.0
video19_final.mp4,Parkinson,70,0.006898988542358871,20.0
video19_final.mp4,Parkinson,71,0.0030880092757810777,20.0
video19_final.mp4,Parkinson,72,0.006386466444946829,20.0
video19_final.mp4,Parkinson,73,0.005738146196228164,20.0
video19_final.mp4,Parkinson,74,0.002665085558809354,20.0
video19_final.mp4,Parkinson,75,0.006091812930348742,20.0
video19_final.mp4,Parkinson,76,0.0062046034976074955,20.0
video19_final.mp4,Parkinson,77,0.00562745427546317,20.0
video19_final.mp4,Parkinson,78,0.0031651570834938477,20.0
video19_final.mp4,Parkinson,79,0.0027899155629361114,20.0
video19_final.mp4,Parkinson,80,0.0027254062029413387,20.0
video19_final.mp4,Parkinson,81,0.001546258286862878,20.0
video19_final.mp4,Parkinson,82,0.0025737438499524785,20.0
video19_final.mp4,Parkinson,83,0.0024335137081448314,20.0
video19_final.mp4,Parkinson,84,0.005127774749801902,20.0
video19_final.mp4,Parkinson,85,0.0043752844458169815,20.0
video19_final.mp4,Parkinson,86,0.0015983973954739068,20.0
video19_final.mp4,Parkinson,87,0.0013826466329561495,20.0
video19_final.mp4,Parkinson,88,0.0014752791901833158,20.0
video19_final.mp4,Parkinson,89,0.004857552598177425,20.0
video19_final.mp4,Parkinson,90,0.003460954381166637,20.0
video19_final.mp4,Parkinson,91,0.006137466207207128,20.0
video19_final.mp4,Parkinson,92,0.0030676670166390942,20.0
video19_final.mp4,Parkinson,93,0.0011353448047765617,20.0
video19_final.mp4,Parkinson,94,0.007426198469996267,20.0
video19_final.mp4,Parkinson,95,0.0045534616466089235,20.0
video19_final.mp4,Parkinson,96,0.0038768623907585865,20.0
video19_final.mp4,Parkinson,97,0.0038348978158555583,20.0
video19_final.mp4,Parkinson,98,0.007040523405366979,20.0
video19_final.mp4,Parkinson,99,0.006448757237625069,20.0
video19_final.mp4,Parkinson,100,0.002611541694468514,20.0
video1_final.mp4,Parkinson,1,0.0,20.0
video1_final.mp4,Parkinson,2,0.02043376656578862,20.0
video1_final.mp4,Parkinson,3,0.008104116146896012,20.0
video1_final.mp4,Parkinson,4,0.002713433781475621,20.0
video1_final.mp4,Parkinson,5,0.0030712912724758824,20.0
video1_final.mp4,Parkinson,6,0.007959360835143113,20.0
video1_final.mp4,Parkinson,7,0.006075867300667847,20.0
video1_final.mp4,Parkinson,8,0.0052696941516225245,20.0
video1_final.mp4,Parkinson,9,0.0020667044478689775,20.0
video1_final.mp4,Parkinson,10,0.004383421926240788,20.0
video1_final.mp4,Parkinson,11,0.005710003995359692,20.0
video1_final.mp4,Parkinson,12,0.00489231488305471,20.0
video1_final.mp4,Parkinson,13,0.009075232533268973,20.0
video1_final.mp4,Parkinson,14,0.006388112486007642,20.0
video1_final.mp4,Parkinson,15,0.0054259398292697296,20.0
video1_final.mp4,Parkinson,16,0.007509808201407492,20.0
video1_final.mp4,Parkinson,17,0.0050294505356194355,20.0
video1_final.mp4,Parkinson,18,0.004359394033858742,20.0
video1_final.mp4,Parkinson,19,0.00680156476668979,20.0
video1_final.mp4,Parkinson,20,0.006496115668997265,20.0
video1_final.mp4,Parkinson,21,0.007496596750101164,20.0
video1_final.mp4,Parkinson,22,0.0047935638958411615,20.0
video1_final.mp4,Parkinson,23,0.0038027657120389834,20.0
video1_final.mp4,Parkinson,24,0.0052669986126559305,20.0
video1_final.mp4,Parkinson,25,0.002597275472721508,20.0
video1_final.mp4,Parkinson,26,0.010534066699533383,20.0
video1_final.mp4,Parkinson,27,0.005554203337151266,20.0
video1_final.mp4,Parkinson,28,0.003041346741262413,20.0
video1_final.mp4,Parkinson,29,0.0032759185979734894,20.0
video1_final.mp4,Parkinson,30,0.007870445795531261,20.0
video1_final.mp4,Parkinson,31,0.008174253026414606,20.0
video1_final.mp4,Parkinson,32,0.008855221115317871,20.0
video1_final.mp4,Parkinson,33,0.00771992396503135,20.0
video1_final.mp4,Parkinson,34,0.01076141026880168,20.0
video1_final.mp4,Parkinson,35,0.008301175500009516,20.0
video1_final.mp4,Parkinson,36,0.011207700797537357,20.0
video1_final.mp4,Parkinson,37,0.006982441982472467,20.0
video1_final.mp4,Parkinson,38,0.005588765037708891,20.0
video1_final.mp4,Parkinson,39,0.0017810965152641985,20.0
video1_final.mp4,Parkinson,40,0.007004732664640703,20.0
video1_final.mp4,Parkinson,41,0.005288885531138796,20.0
video1_final.mp4,Parkinson,42,0.006386731021108954,20.0
video1_final.mp4,Parkinson,43,0.005397576643241836,20.0
video1_final.mp4,Parkinson,44,0.008642342623279174,20.0
video1_final.mp4,Parkinson,45,0.008768629949049403,20.0
video1_final.mp4,Parkinson,46,0.004535460081747061,20.0
video1_final.mp4,Parkinson,47,0.00459828194844811,20.0
video1_final.mp4,Parkinson,48,0.014275103518117642,20.0
video1_final.mp4,Parkinson,49,0.00863890804836207,20.0
video1_final.mp4,Parkinson,50,0.006572877382470796,20.0
video1_final.mp4,Parkinson,51,0.004051428005684205,20.0
video1_final.mp4,Parkinson,52,0.0053264702963184045,20.0
video1_final.mp4,Parkinson,53,0.007441755660671299,20.0
video1_final.mp4,Parkinson,54,0.0031960384463404247,20.0
video1_final.mp4,Parkinson,55,0.00722881708853515,20.0
video1_final.mp4,Parkinson,56,0.008700882650019757,20.0
video1_final.mp4,Parkinson,57,0.009796830053934462,20.0
video1_final.mp4,Parkinson,58,0.005354081289609643,20.0
video1_final.mp4,Parkinson,59,0.003898025277586843,20.0
video1_final.mp4,Parkinson,60,0.004314809110513211,20.0
video1_final.mp4,Parkinson,61,0.004101822096715223,20.0
video1_final.mp4,Parkinson,62,0.003230525933072978,20.0
video1_final.mp4,Parkinson,63,0.004947162500578163,20.0
video1_final.mp4,Parkinson,64,0.004814458196399483,20.0
video1_final.mp4,Parkinson,65,0.0052091063714130754,20.0
video1_final.mp4,Parkinson,66,0.010720018343153866,20.0
video1_final.mp4,Parkinson,67,0.004836111446227573,20.0
video1_final.mp4,Parkinson,68,0.005794796463448403,20.0
video1_final.mp4,Parkinson,69,0.0032874174905286927,20.0
video1_final.mp4,Parkinson,70,0.007831710175097987,20.0
video1_final.mp4,Parkinson,71,0.008165191557500884,20.0
video1_final.mp4,Parkinson,72,0.0023296355494843344,20.0
video1_final.mp4,Parkinson,73,0.002030592496098257,20.0
video1_final.mp4,Parkinson,74,0.004406055454554728,20.0
video1_final.mp4,Parkinson,75,0.006164104365379802,20.0
video1_final.mp4,Parkinson,76,0.010518562909118755,20.0
video1_final.mp4,Parkinson,77,0.005284873252862488,20.0
video1_final.mp4,Parkinson,78,0.013878114796014848,20.0
video1_final.mp4,Parkinson,79,0.008195055249756444,20.0
video1_final.mp4,Parkinson,80,0.009626271925861693,20.0
video1_final.mp4,Parkinson,81,0.01031336142754533,20.0
video1_final.mp4,Parkinson,82,0.008514097659809058,20.0
video1_final.mp4,Parkinson,83,0.0010945157900343245,20.0
video1_final.mp4,Parkinson,84,0.0058867819046307425,20.0
video1_final.mp4,Parkinson,85,0.008226288543296692,20.0
video1_final.mp4,Parkinson,86,0.01344110337375942,20.0
video1_final.mp4,Parkinson,87,0.003787981890366957,20.0
video1_final.mp4,Parkinson,88,0.007561074519269118,20.0
video1_final.mp4,Parkinson,89,0.0023077116525779453,20.0
video1_final.mp4,Parkinson,90,0.005268506452682426,20.0
video1_final.mp4,Parkinson,91,0.009271681206073903,20.0
video1_final.mp4,Parkinson,92,0.008259288408467999,20.0
video1_final.mp4,Parkinson,93,0.006065257132108631,20.0
video1_final.mp4,Parkinson,94,0.012312939934528028,20.0
video1_final.mp4,Parkinson,95,0.005380147778535874,20.0
video1_final.mp4,Parkinson,96,0.003816996620246245,20.0
video1_final.mp4,Parkinson,97,0.004933709797413987,20.0
video1_final.mp4,Parkinson,98,0.007385928982941559,20.0
video1_final.mp4,Parkinson,99,0.0012385678962991168,20.0
video1_final.mp4,Parkinson,100,0.006266740448078377,20.0
video27_final.mp4,Parkinson,1,0.0,20.0
video27_final.mp4,Parkinson,2,0.041375422877172836,20.0
video27_final.mp4,Parkinson,3,0.04274984060475989,20.0
video27_final.mp4,Parkinson,4,0.008520328481139323,20.0
video27_final.mp4,Parkinson,5,0.010544971211707757,20.0
video27_final.mp4,Parkinson,6,0.16982901385988933,20.0
video27_final.mp4,Parkinson,7,0.0639356765249141,20.0
video27_final.mp4,Parkinson,8,0.03286188655953796,20.0
video27_final.mp4,Parkinson,9,0.016737368516389066,20.0
video27_final.mp4,Parkinson,10,0.013425645233879435,20.0
video27_final.mp4,Parkinson,11,0.007489229582543298,20.0
video27_final.mp4,Parkinson,12,0.01187787485706676,20.0
video27_final.mp4,Parkinson,13,0.02078182823195165,20.0
video27_final.mp4,Parkinson,14,0.007435748226000495,20.0
video27_final.mp4,Parkinson,15,0.00755335177192951,20.0
video27_final.mp4,Parkinson,16,0.008980118885542107,20.0
video27_final.mp4,Parkinson,17,0.006026259136957676,20.0
video27_final.mp4,Parkinson,18,0.020599033906878776,20.0
video27_final.mp4,Parkinson,19,0.008778405176856742,20.0
video27_final.mp4,Parkinson,20,0.004148419504292132,20.0
video27_final.mp4,Parkinson,21,0.0054663665935479645,20.0
video27_final.mp4,Parkinson,22,0.008069891485475617,20.0
video27_final.mp4,Parkinson,23,0.011851935973510383,20.0
video27_final.mp4,Parkinson,24,0.004418673963806303,20.0
video27_final.mp4,Parkinson,25,0.013866476973471882,20.0
video27_final.mp4,Parkinson,26,0.026176456071543897,20.0
video27_final.mp4,Parkinson,27,0.011075071994799597,20.0
video27_final.mp4,Parkinson,28,0.015128928086454128,20.0
video27_final.mp4,Parkinson,29,0.011237549019515243,20.0
video27_final.mp4,Parkinson,30,0.010630082106614501,20.0
video27_final.mp4,Parkinson,31,0.008130265863526396,20.0
video27_final.mp4,Parkinson,32,0.016526221994605544,20.0
video27_final.mp4,Parkinson,33,0.009154271858677829,20.0
video27_final.mp4,Parkinson,34,0.0019576897327306564,20.0
video27_final.mp4,Parkinson,35,0.015381152364382844,20.0
video27_final.mp4,Parkinson,36,0.01639217861340414,20.0
video27_final.mp4,Parkinson,37,0.005548656937568164,20.0
video27_final.mp4,Parkinson,38,0.0071502650771562105,20.0
video27_final.mp4,Parkinson,39,0.006513567779246006,20.0
video27_final.mp4,Parkinson,40,0.0029147335947213543,20.0
video27_final.mp4,Parkinson,41,0.006107103448249464,20.0
video27_final.mp4,Parkinson,42,0.009560289962073885,20.0
video27_final.mp4,Parkinson,43,0.006833953718229848,20.0
video27_final.mp4,Parkinson,44,0.0038149932472033104,20.0
video27_final.mp4,Parkinson,45,0.007389540196868553,20.0
video27_final.mp4,Parkinson,46,0.006617110387363255,20.0
video27_final.mp4,Parkinson,47,0.0045749974112710735,20.0
video27_final.mp4,Parkinson,48,0.005626793618477133,20.0
video27_final.mp4,Parkinson,49,0.003216820333990499,20.0
video27_final.mp4,Parkinson,50,0.005221573437884694,20.0
video27_final.mp4,Parkinson,51,0.003679413662316905,20.0
video27_final.mp4,Parkinson,52,0.008299645684377679,20.0
video27_final.mp4,Parkinson,53,0.0014541277427236902,20.0
video27_final.mp4,Parkinson,54,0.0068614662437206,20.0
video27_final.mp4,Parkinson,55,0.004768461041769729,20.0
video27_final.mp4,Parkinson,56,0.0024316396154397853,20.0
video27_final.mp4,Parkinson,57,0.003790380972789727,20.0
video27_final.mp4,Parkinson,58,0.0024702505693714634,20.0
video27_final.mp4,Parkinson,59,0.0016847558508949851,20.0
video27_final.mp4,Parkinson,60,0.0048970633324154095,20.0
video27_final.mp4,Parkinson,61,0.0032317117872476806,20.0
video27_final.mp4,Parkinson,62,0.009666089056152299,20.0
video27_final.mp4,Parkinson,63,0.0025857312212546704,20.0
video27_final.mp4,Parkinson,64,0.005272954750519175,20.0
video27_final.mp4,Parkinson,65,0.006458154973023025,20.0
video27_final.mp4,Parkinson,66,0.006265397665508697,20.0
video27_final.mp4,Parkinson,67,0.007426009791639627,20.0
video27_final.mp4,Parkinson,68,0.014528160032047537,20.0
video27_final.mp4,Parkinson,69,0.01514853469084283,20.0
video27_final.mp4,Parkinson,70,0.003751710137011383,20.0
video27_final.mp4,Parkinson,71,0.0025536178133302866,20.0
video27_final.mp4,Parkinson,72,0.009565793430592799,20.0
video27_final.mp4,Parkinson,73,0.006284174678715241,20.0
video27_final.mp4,Parkinson,74,0.003702583204632131,20.0
video27_final.mp4,Parkinson,75,0.011733729436344978,20.0
video27_final.mp4,Parkinson,76,0.01047133523885266,20.0
video27_final.mp4,Parkinson,77,0.016275747630299195,20.0
video27_final.mp4,Parkinson,78,0.014168509844270073,20.0
video27_final.mp4,Parkinson,79,0.011065581379845089,20.0
video27_final.mp4,Parkinson,80,0.012388192530878936,20.0
video27_final.mp4,Parkinson,81,0.008938598788224703,20.0
video27_final.mp4,Parkinson,82,0.013508472483015772,20.0
video27_final.mp4,Parkinson,83,0.007252336456954865,20.0
video27_final.mp4,Parkinson,84,0.01923515967813789,20.0
video27_final.mp4,Parkinson,85,0.0053058991214433105,20.0
video27_final.mp4,Parkinson,86,0.007796544948896835,20.0
video27_final.mp4,Parkinson,87,0.002622847483942703,20.0
video27_final.mp4,Parkinson,88,0.008363329810494105,20.0
video27_final.mp4,Parkinson,89,0.008454997413780748,20.0
video27_final.mp4,Parkinson,90,0.006516127917761568,20.0
video27_final.mp4,Parkinson,91,0.006499387050451308,20.0
video27_final.mp4,Parkinson,92,0.008664233131343048,20.0
video27_final.mp4,Parkinson,93,0.005717591326082406,20.0
video27_final.mp4,Parkinson,94,0.009148630646735496,20.0
video27_final.mp4,Parkinson,95,0.012647511229563799,20.0
video27_final.mp4,Parkinson,96,0.0069265492618027155,20.0
video27_final.mp4,Parkinson,97,0.006943577683472442,20.0
video27_final.mp4,Parkinson,98,0.019227740425010565,20.0
video27_final.mp4,Parkinson,99,0.002736421549394383,20.0
video27_final.mp4,Parkinson,100,0.003839023582844992,20.0
video29_final.mp4,Parkinson,1,0.0,20.0
video29_final.mp4,Parkinson,2,0.014441234362192492,20.0
video29_final.mp4,Parkinson,3,0.01658165549089187,20.0
video29_final.mp4,Parkinson,4,0.009321086568667349,20.0
video29_final.mp4,Parkinson,5,0.012931845444061594,20.0
video29_final.mp4,Parkinson,6,0.02079714723662114,20.0
video29_final.mp4,Parkinson,7,0.010291108587109889,20.0
video29_final.mp4,Parkinson,8,0.003480957986550571,20.0
video29_final.mp4,Parkinson,9,0.005992473215966874,20.0
video29_final.mp4,Parkinson,10,0.009822203631510033,20.0
video29_final.mp4,Parkinson,11,0.013026770538221176,20.0
video29_final.mp4,Parkinson,12,0.020831069582445755,20.0
video29_final.mp4,Parkinson,13,0.007953085112347278,20.0
video29_final.mp4,Parkinson,14,0.02263187052346584,20.0
video29_final.mp4,Parkinson,15,0.017305702352448014,20.0
video29_final.mp4,Parkinson,16,0.018866633183771474,20.0
video29_final.mp4,Parkinson,17,0.005687247078524897,20.0
video29_final.mp4,Parkinson,18,0.0058815074379806875,20.0
video29_final.mp4,Parkinson,19,0.002220182777041849,20.0
video29_final.mp4,Parkinson,20,0.002434628166776748,20.0
video29_final.mp4,Parkinson,21,0.0038455686377427837,20.0
video29_final.mp4,Parkinson,22,0.006906583887022904,20.0
video29_final.mp4,Parkinson,23,0.009020541163436094,20.0
video29_final.mp4,Parkinson,24,0.018741216772162804,20.0
video29_final.mp4,Parkinson,25,0.0040044106420802665,20.0
video29_final.mp4,Parkinson,26,0.012148116441241034,20.0
video29_final.mp4,Parkinson,27,0.0030007903286008676,20.0
video29_final.mp4,Parkinson,28,0.01244224870215284,20.0
video29_final.mp4,Parkinson,29,0.007274998504808838,20.0
video29_final.mp4,Parkinson,30,0.011577674043453839,20.0
video29_final.mp4,Parkinson,31,0.019593861228126147,20.0
video29_final.mp4,Parkinson,32,0.009182946843893553,20.0
video29_final.mp4,Parkinson,33,0.020689448682499247,20.0
video29_final.mp4,Parkinson,34,0.012388096316739537,20.0
video29_final.mp4,Parkinson,35,0.005537019721228216,20.0
video29_final.mp4,Parkinson,36,0.025958443213714488,20.0
video29_final.mp4,Parkinson,37,0.011041302883404214,20.0
video29_final.mp4,Parkinson,38,0.010304584955882426,20.0
video29_final.mp4,Parkinson,39,0.015409792013806217,20.0
video29_final.mp4,Parkinson,40,0.009933675191604074,20.0
video29_final.mp4,Parkinson,41,0.007945182760498165,20.0
video29_final.mp4,Parkinson,42,0.015783758987128277,20.0
video29_final.mp4,Parkinson,43,0.003038211709987862,20.0
video29_final.mp4,Parkinson,44,0.016615515179104177,20.0
video29_final.mp4,Parkinson,45,0.014186786792941705,20.0
video29_final.mp4,Parkinson,46,0.018962307844107892,20.0
video29_final.mp4,Parkinson,47,0.003072265300764281,20.0
video29_final.mp4,Parkinson,48,0.0065666135198531985,20.0
video29_final.mp4,Parkinson,49,0.007757050981229564,20.0
video29_final.mp4,Parkinson,50,0.029820807369938737,20.0
video29_final.mp4,Parkinson,51,0.005746975787297979,20.0
video29_final.mp4,Parkinson,52,0.011818370571112404,20.0
video29_final.mp4,Parkinson,53,0.009687626341853712,20.0
video29_final.mp4,Parkinson,54,0.019505400106519466,20.0
video29_final.mp4,Parkinson,55,0.008909825111061342,20.0
video29_final.mp4,Parkinson,56,0.01280440764574286,20.0
video29_final.mp4,Parkinson,57,0.008876603445060102,20.0
video29_final.mp4,Parkinson,58,0.018149091826734274,20.0
video29_final.mp4,Parkinson,59,0.008467362914171607,20.0
video29_final.mp4,Parkinson,60,0.017557642411486402,20.0
video29_final.mp4,Parkinson,61,0.015575339695282775,20.0
video29_final.mp4,Parkinson,62,0.021665077491482363,20.0
video29_final.mp4,Parkinson,63,0.019134896030085648,20.0
video29_final.mp4,Parkinson,64,0.0023201623230745907,20.0
video29_final.mp4,Parkinson,65,0.013574086387925061,20.0
video29_final.mp4,Parkinson,66,0.0254828823636654,20.0
video29_final.mp4,Parkinson,67,0.025651790391600135,20.0
video29_final.mp4,Parkinson,68,0.028893373393204257,20.0
video29_final.mp4,Parkinson,69,0.020375813081442214,20.0
video29_final.mp4,Parkinson,70,0.03039103208620712,20.0
video29_final.mp4,Parkinson,71,0.025983558817142132,20.0
video29_final.mp4,Parkinson,72,0.022040693821626035,20.0
video29_final.mp4,Parkinson,73,0.01730632369760077,20.0
video29_final.mp4,Parkinson,74,0.009000474733260037,20.0
video29_final.mp4,Parkinson,75,0.00975984862131233,20.0
video29_final.mp4,Parkinson,76,0.009855832840425254,20.0
video29_final.mp4,Parkinson,77,0.018774792297595714,20.0
video29_final.mp4,Parkinson,78,0.010703507487284986,20.0
video29_final.mp4,Parkinson,79,0.01789129146622084,20.0
video29_final.mp4,Parkinson,80,0.05158264458628908,20.0
video29_final.mp4,Parkinson,81,0.03220656765411019,20.0
video29_final.mp4,Parkinson,82,0.03276465044371774,20.0
video29_final.mp4,Parkinson,83,0.026651374385637104,20.0
video29_final.mp4,Parkinson,84,0.029683059865567955,20.0
video29_final.mp4,Parkinson,85,0.020017035020526645,20.0
video29_final.mp4,Parkinson,86,0.01698884900279958,20.0
video29_final.mp4,Parkinson,87,0.012668819283074954,20.0
video29_final.mp4,Parkinson,88,0.013016401855999133,20.0
video29_final.mp4,Parkinson,89,0.011129396914135508,20.0
video29_final.mp4,Parkinson,90,0.011782081892031884,20.0
video29_final.mp4,Parkinson,91,0.01656199240398603,20.0
video29_final.mp4,Parkinson,92,0.011627985967962102,20.0
video29_final.mp4,Parkinson,93,0.038836100557765256,20.0
video29_final.mp4,Parkinson,94,0.04502365563712471,20.0
video29_final.mp4,Parkinson,95,0.03630635826678666,20.0
video29_final.mp4,Parkinson,96,0.022595165302532284,20.0
video29_final.mp4,Parkinson,97,0.020487060358523563,20.0
video29_final.mp4,Parkinson,98,0.07356026880698567,20.0
video29_final.mp4,Parkinson,99,0.04238743148812244,20.0
video29_final.mp4,Parkinson,100,0.028018926006353966,20.0
video2_final.mp4,Parkinson,1,0.0,20.0
video2_final.mp4,Parkinson,2,0.010817793193362202,20.0
video2_final.mp4,Parkinson,3,0.012322404354473895,20.0
video2_final.mp4,Parkinson,4,0.0034528870206390534,20.0
video2_final.mp4,Parkinson,5,0.009505842180513722,20.0
video2_final.mp4,Parkinson,6,0.011984827203590462,20.0
video2_final.mp4,Parkinson,7,0.009421819736700497,20.0
video2_final.mp4,Parkinson,8,0.007116222562061383,20.0
video2_final.mp4,Parkinson,9,0.00809506153120203,20.0
video2_final.mp4,Parkinson,10,0.00916408712322387,20.0
video2_final.mp4,Parkinson,11,0.011932023355232727,20.0
video2_final.mp4,Parkinson,12,0.011551207751285425,20.0
video2_final.mp4,Parkinson,13,0.007536153195232675,20.0
video2_final.mp4,Parkinson,14,0.008447800356464608,20.0
video2_final.mp4,Parkinson,15,0.0022054782051081473,20.0
video2_final.mp4,Parkinson,16,0.0029026895436737934,20.0
video2_final.mp4,Parkinson,17,0.0042455263258822495,20.0
video2_final.mp4,Parkinson,18,0.009045383137354717,20.0
video2_final.mp4,Parkinson,19,0.0032589525755299786,20.0
video2_final.mp4,Parkinson,20,0.0067894757236301425,20.0
video2_final.mp4,Parkinson,21,0.0027234732135463986,20.0
video2_final.mp4,Parkinson,22,0.013918658678275702,20.0
video2_final.mp4,Parkinson,23,0.0205844492926172,20.0
video2_final.mp4,Parkinson,24,0.0068165715517301256,20.0
video2_final.mp4,Parkinson,25,0.01880852299413071,20.0
video2_final.mp4,Parkinson,26,0.009514947101364066,20.0
video2_final.mp4,Parkinson,27,0.012433814506950476,20.0
video2_final.mp4,Parkinson,28,0.017539045691305915,20.0
video2_final.mp4,Parkinson,29,0.0038742673081165343,20.0
video2_final.mp4,Parkinson,30,0.008640691538496566,20.0
video2_final.mp4,Parkinson,31,0.01109063432946388,20.0
video2_final.mp4,Parkinson,32,0.011592043524406579,20.0
video2_final.mp4,Parkinson,33,0.008730551157868294,20.0
video2_final.mp4,Parkinson,34,0.006224482627929447,20.0
video2_final.mp4,Parkinson,35,0.006807543597901786,20.0
video2_final.mp4,Parkinson,36,0.007076677361894941,20.0
video2_final.mp4,Parkinson,37,0.004524008668413919,20.0
video2_final.mp4,Parkinson,38,0.0033661948356924006,20.0
video2_final.mp4,Parkinson,39,0.005245509359773674,20.0
video2_final.mp4,Parkinson,40,0.006795331762378139,20.0
video2_final.mp4,Parkinson,41,0.0016994469170295934,20.0
video2_final.mp4,Parkinson,42,0.004473804881574756,20.0
video2_final.mp4,Parkinson,43,0.008980587428601229,20.0
video2_final.mp4,Parkinson,44,0.009770791141410025,20.0
video2_final.mp4,Parkinson,45,0.003346928033046904,20.0
video2_final.mp4,Parkinson,46,0.018028271458674198,20.0
video2_final.mp4,Parkinson,47,0.00987962180532009,20.0
video2_final.mp4,Parkinson,48,0.013232760196894405,20.0
video2_final.mp4,Parkinson,49,0.011496937503605342,20.0
video2_final.mp4,Parkinson,50,0.010804866747981328,20.0
video2_final.mp4,Parkinson,51,0.005375834769131991,20.0
video2_final.mp4,Parkinson,52,0.00944863799085511,20.0
video2_final.mp4,Parkinson,53,0.010154947636502465,20.0
video2_final.mp4,Parkinson,54,0.010882001188493862,20.0
video2_final.mp4,Parkinson,55,0.0059790864181125,20.0
video2_final.mp4,Parkinson,56,0.004846427756878686,20.0
video2_final.mp4,Parkinson,57,0.006258993222689505,20.0
video2_final.mp4,Parkinson,58,0.0017744384816439935,20.0
video2_final.mp4,Parkinson,59,0.004097955099624503,20.0
video2_final.mp4,Parkinson,60,0.006624665516123321,20.0
video2_final.mp4,Parkinson,61,0.007767677214007313,20.0
video2_final.mp4,Parkinson,62,0.005024358921070772,20.0
video2_final.mp4,Parkinson,63,0.003916716946140881,20.0
video2_final.mp4,Parkinson,64,0.005208624412965616,20.0
video2_final.mp4,Parkinson,65,0.007352870984521891,20.0
video2_final.mp4,Parkinson,66,0.0038293143742744317,20.0
video2_final.mp4,Parkinson,67,0.002956262386713301,20.0
video2_final.mp4,Parkinson,68,0.007650711322468394,20.0
video2_final.mp4,Parkinson,69,0.0035668853994703354,20.0
video2_final.mp4,Parkinson,70,0.00577071373399729,20.0
video2_final.mp4,Parkinson,71,0.006163331011721275,20.0
video2_final.mp4,Parkinson,72,0.0035246456765899077,20.0
video2_final.mp4,Parkinson,73,0.004577598585999409,20.0
video2_final.mp4,Parkinson,74,0.00879461109740031,20.0
video2_final.mp4,Parkinson,75,0.0027531095673602717,20.0
video2_final.mp4,Parkinson,76,0.00801639989963048,20.0
video2_final.mp4,Parkinson,77,0.005847733735977647,20.0
video2_final.mp4,Parkinson,78,0.004779618128864204,20.0
video2_final.mp4,Parkinson,79,0.005818215697420629,20.0
video2_final.mp4,Parkinson,80,0.011672059120071472,20.0
video2_final.mp4,Parkinson,81,0.004840537384134396,20.0
video2_final.mp4,Parkinson,82,0.0032891014109523993,20.0
video2_final.mp4,Parkinson,83,0.005443769677078251,20.0
video2_final.mp4,Parkinson,84,0.006122659534984486,20.0
video2_final.mp4,Parkinson,85,0.010983277528551673,20.0
video2_final.mp4,Parkinson,86,0.010695032908985512,20.0
video2_final.mp4,Parkinson,87,0.015228021955264232,20.0
video2_final.mp4,Parkinson,88,0.011245897434349313,20.0
video2_final.mp4,Parkinson,89,0.012153910803332932,20.0
video2_final.mp4,Parkinson,90,0.013624362393006963,20.0
video2_final.mp4,Parkinson,91,0.011562059178746753,20.0
video2_final.mp4,Parkinson,92,0.007542172663944742,20.0
video2_final.mp4,Parkinson,93,0.004789415639378481,20.0
video2_final.mp4,Parkinson,94,0.005288690413019048,20.0
video2_final.mp4,Parkinson,95,0.0044923817031314525,20.0
video2_final.mp4,Parkinson,96,0.011923820652893116,20.0
video2_final.mp4,Parkinson,97,0.005768963829218873,20.0
video2_final.mp4,Parkinson,98,0.006558573367191976,20.0
video2_final.mp4,Parkinson,99,0.005714688437249861,20.0
video2_final.mp4,Parkinson,100,0.00527232214694195,20.0
video32_final.mp4,Parkinson,1,0.0,20.0
video32_final.mp4,Parkinson,2,0.01793494927581336,20.0
video32_final.mp4,Parkinson,3,0.00718613744765054,20.0
video32_final.mp4,Parkinson,4,0.015540503884284644,20.0
video32_final.mp4,Parkinson,5,0.008624734952180241,20.0
video32_final.mp4,Parkinson,6,0.020029223257206536,20.0
video32_final.mp4,Parkinson,7,0.006457623305661829,20.0
video32_final.mp4,Parkinson,8,0.022309483188462403,20.0
video32_final.mp4,Parkinson,9,0.020053164817536755,20.0
video32_final.mp4,Parkinson,10,0.003983509115834998,20.0
video32_final.mp4,Parkinson,11,0.00878822394663774,20.0
video32_final.mp4,Parkinson,12,0.012377276073729756,20.0
video32_final.mp4,Parkinson,13,0.017413457288844653,20.0
video32_final.mp4,Parkinson,14,0.0035708526168453827,20.0
video32_final.mp4,Parkinson,15,0.008918565995198949,20.0
video32_final.mp4,Parkinson,16,0.030504915804686023,20.0
video32_final.mp4,Parkinson,17,0.0064672493450381695,20.0
video32_final.mp4,Parkinson,18,0.009194843394337723,20.0
video32_final.mp4,Parkinson,19,0.009417952667697188,20.0
video32_final.mp4,Parkinson,20,0.025152135943198317,20.0
video32_final.mp4,Parkinson,21,0.018230163385764053,20.0
video32_final.mp4,Parkinson,22,0.006676485388930702,20.0
video32_final.mp4,Parkinson,23,0.01840054311793018,20.0
video32_final.mp4,Parkinson,24,0.018877316488720708,20.0
video32_final.mp4,Parkinson,25,0.011893889660661343,20.0
video32_final.mp4,Parkinson,26,0.013361045790169843,20.0
video32_final.mp4,Parkinson,27,0.018036981321432704,20.0
video32_final.mp4,Parkinson,28,0.024297465707192253,20.0
video32_final.mp4,Parkinson,29,0.0045034871168275785,20.0
video32_final.mp4,Parkinson,30,0.012453254241497779,20.0
video32_final.mp4,Parkinson,31,0.023765687343848357,20.0
video32_final.mp4,Parkinson,32,0.030039872560601186,20.0
video32_final.mp4,Parkinson,33,0.01897222624930046,20.0
video32_final.mp4,Parkinson,34,0.03359960939292487,20.0
video32_final.mp4,Parkinson,35,0.029849906690676123,20.0
video32_final.mp4,Parkinson,36,0.04058762666331696,20.0
video32_final.mp4,Parkinson,37,0.02174204039447277,20.0
video32_final.mp4,Parkinson,38,0.019658939375443444,20.0
video32_final.mp4,Parkinson,39,0.023684097320447416,20.0
video32_final.mp4,Parkinson,40,0.021579269608515406,20.0
video32_final.mp4,Parkinson,41,0.010955069296011003,20.0
video32_final.mp4,Parkinson,42,0.010192022984039031,20.0
video32_final.mp4,Parkinson,43,0.006534525344619715,20.0
video32_final.mp4,Parkinson,44,0.008778028481306878,20.0
video32_final.mp4,Parkinson,45,0.003970306091426877,20.0
video32_final.mp4,Parkinson,46,0.0060377027593183944,20.0
video32_final.mp4,Parkinson,47,0.006716626107996914,20.0
video32_final.mp4,Parkinson,48,0.004558493785039632,20.0
video32_final.mp4,Parkinson,49,0.005597094223749828,20.0
video32_final.mp4,Parkinson,50,0.006349431685768935,20.0
video32_final.mp4,Parkinson,51,0.01007395538174541,20.0
video32_final.mp4,Parkinson,52,0.0024474728562157784,20.0
video32_final.mp4,Parkinson,53,0.011267746329833751,20.0
video32_final.mp4,Parkinson,54,0.0036075871588332614,20.0
video32_final.mp4,Parkinson,55,0.00433012070485609,20.0
video32_final.mp4,Parkinson,56,0.007667272847381302,20.0
video32_final.mp4,Parkinson,57,0.006447681373229412,20.0
video32_final.mp4,Parkinson,58,0.015707142884809722,20.0
video32_final.mp4,Parkinson,59,0.015396802133232667,20.0
video32_final.mp4,Parkinson,60,0.02369872956121218,20.0
video32_final.mp4,Parkinson,61,0.02434519444893456,20.0
video32_final.mp4,Parkinson,62,0.05229144113503015,20.0
video32_final.mp4,Parkinson,63,0.043304185649832155,20.0
video32_final.mp4,Parkinson,64,0.05831166922892982,20.0
video32_final.mp4,Parkinson,65,0.027158803181494082,20.0
video32_final.mp4,Parkinson,66,0.03667440086913449,20.0
video32_final.mp4,Parkinson,67,0.01439025373207467,20.0
video32_final.mp4,Parkinson,68,0.0278934046215515,20.0
video32_final.mp4,Parkinson,69,0.017570759629345168,20.0
video32_final.mp4,Parkinson,70,0.02770469184139533,20.0
video32_final.mp4,Parkinson,71,0.007901504277141811,20.0
video32_final.mp4,Parkinson,72,0.006176533732536696,20.0
video32_final.mp4,Parkinson,73,0.008751309776631808,20.0
video32_final.mp4,Parkinson,74,0.007308737103846535,20.0
video32_final.mp4,Parkinson,75,0.003475742424243981,20.0
video32_final.mp4,Parkinson,76,0.011765252665128118,20.0
video32_final.mp4,Parkinson,77,0.007191027131427072,20.0
video32_final.mp4,Parkinson,78,0.03214941224247118,20.0
video32_final.mp4,Parkinson,79,0.013007228363767836,20.0
video32_final.mp4,Parkinson,80,0.027254403305228103,20.0
video32_final.mp4,Parkinson,81,0.014558849916917653,20.0
video32_final.mp4,Parkinson,82,0.010704416810421046,20.0
video32_final.mp4,Parkinson,83,0.002786747901884341,20.0
video32_final.mp4,Parkinson,84,0.021824972278201637,20.0
video32_final.mp4,Parkinson,85,0.01026906857214524,20.0
video32_final.mp4,Parkinson,86,0.00853406274864402,20.0
video32_final.mp4,Parkinson,87,0.010551606695455885,20.0
video32_final.mp4,Parkinson,88,0.01526920604391935,20.0
video32_final.mp4,Parkinson,89,0.022127241309228423,20.0
video32_final.mp4,Parkinson,90,0.022762934177404975,20.0
video32_final.mp4,Parkinson,91,0.005033526323969238,20.0
video32_final.mp4,Parkinson,92,0.014593978073740072,20.0
video32_final.mp4,Parkinson,93,0.009091854852137414,20.0
video32_final.mp4,Parkinson,94,0.010826064743510326,20.0
video32_final.mp4,Parkinson,95,0.007894516158484218,20.0
video32_final.mp4,Parkinson,96,0.01621520855296405,20.0
video32_final.mp4,Parkinson,97,0.006718509624443439,20.0
video32_final.mp4,Parkinson,98,0.0156116954004384,20.0
video32_final.mp4,Parkinson,99,0.011972479966232264,20.0
video32_final.mp4,Parkinson,100,0.006585670037809883,20.0
video33_final.mp4,Parkinson,1,0.0,20.0
video33_final.mp4,Parkinson,2,0.02166220336867718,20.0
video33_final.mp4,Parkinson,3,0.009896425381210114,20.0
video33_final.mp4,Parkinson,4,0.0015114604396136322,20.0
video33_final.mp4,Parkinson,5,0.0028283407926163154,20.0
video33_final.mp4,Parkinson,6,0.005225162899179357,20.0
video33_final.mp4,Parkinson,7,0.013724091165870228,20.0
video33_final.mp4,Parkinson,8,0.004513118252503151,20.0
video33_final.mp4,Parkinson,9,0.005619806634348212,20.0
video33_final.mp4,Parkinson,10,0.004382200146800731,20.0
video33_final.mp4,Parkinson,11,0.006205547700096223,20.0
video33_final.mp4,Parkinson,12,0.002677030779064568,20.0
video33_final.mp4,Parkinson,13,0.008425462588119747,20.0
video33_final.mp4,Parkinson,14,0.004970221274941315,20.0
video33_final.mp4,Parkinson,15,0.002783478221283228,20.0
video33_final.mp4,Parkinson,16,0.003403044248254139,20.0
video33_final.mp4,Parkinson,17,0.005182210530583829,20.0
video33_final.mp4,Parkinson,18,0.0038844510247838513,20.0
video33_final.mp4,Parkinson,19,0.002043164857020236,20.0
video33_final.mp4,Parkinson,20,0.006705620407613828,20.0
video33_final.mp4,Parkinson,21,0.013263496432737346,20.0
video33_final.mp4,Parkinson,22,0.035343040863195056,20.0
video33_final.mp4,Parkinson,23,0.01124041067828277,20.0
video33_final.mp4,Parkinson,24,0.016227886143010465,20.0
video33_final.mp4,Parkinson,25,0.011958467212538543,20.0
video33_final.mp4,Parkinson,26,0.011191853604803632,20.0
video33_final.mp4,Parkinson,27,0.008099013366322717,20.0
video33_final.mp4,Parkinson,28,0.009405898907571228,20.0
video33_final.mp4,Parkinson,29,0.006839732113221624,20.0
video33_final.mp4,Parkinson,30,0.003447203430008079,20.0
video33_final.mp4,Parkinson,31,0.006661725304851471,20.0
video33_final.mp4,Parkinson,32,0.004788195462367524,20.0
video33_final.mp4,Parkinson,33,0.007045342523748566,20.0
video33_final.mp4,Parkinson,34,0.008514157718383783,20.0
video33_final.mp4,Parkinson,35,0.007460440024045257,20.0
video33_final.mp4,Parkinson,36,0.004587583679932017,20.0
video33_final.mp4,Parkinson,37,0.003878031152203209,20.0
video33_final.mp4,Parkinson,38,0.0049080735450077635,20.0
video33_final.mp4,Parkinson,39,0.0467683434825053,20.0
video33_final.mp4,Parkinson,40,0.021331470227674777,20.0
video33_final.mp4,Parkinson,41,0.008721398035782325,20.0
video33_final.mp4,Parkinson,42,0.018661509076928123,20.0
video33_final.mp4,Parkinson,43,0.013339288221704562,20.0
video33_final.mp4,Parkinson,44,0.008955167111640521,20.0
video33_final.mp4,Parkinson,45,0.00663588031229281,20.0
video33_final.mp4,Parkinson,46,0.006149625669532733,20.0
video33_final.mp4,Parkinson,47,0.021567557170579777,20.0
video33_final.mp4,Parkinson,48,0.0210252691671436,20.0
video33_final.mp4,Parkinson,49,0.01748825242167615,20.0
video33_final.mp4,Parkinson,50,0.006493069174358326,20.0
video33_final.mp4,Parkinson,51,0.01266910247327909,20.0
video33_final.mp4,Parkinson,52,0.01362523896116011,20.0
video33_final.mp4,Parkinson,53,0.006147335945747047,20.0
video33_final.mp4,Parkinson,54,0.007490016279762213,20.0
video33_final.mp4,Parkinson,55,0.006855439379830718,20.0
video33_final.mp4,Parkinson,56,0.003987379315082322,20.0
video33_final.mp4,Parkinson,57,0.010758212454612412,20.0
video33_final.mp4,Parkinson,58,0.009932372037964507,20.0
video33_final.mp4,Parkinson,59,0.0035161488566765715,20.0
video33_final.mp4,Parkinson,60,0.009672589330794406,20.0
video33_final.mp4,Parkinson,61,0.009189364329383982,20.0
video33_final.mp4,Parkinson,62,0.0068369567003949555,20.0
video33_final.mp4,Parkinson,63,0.009377418558559341,20.0
video33_final.mp4,Parkinson,64,0.005823161632081416,20.0
video33_final.mp4,Parkinson,65,0.0071445648132791055,20.0
video33_final.mp4,Parkinson,66,0.007036092421627098,20.0
video33_final.mp4,Parkinson,67,0.007403005724918813,20.0
video33_final.mp4,Parkinson,68,0.007046730405410817,20.0
video33_final.mp4,Parkinson,69,0.005402356799828124,20.0
video33_final.mp4,Parkinson,70,0.002803606731705303,20.0
video33_final.mp4,Parkinson,71,0.007524169729315023,20.0
video33_final.mp4,Parkinson,72,0.001378518069811292,20.0
video33_final.mp4,Parkinson,73,0.005018537690351661,20.0
video33_final.mp4,Parkinson,74,0.0046703070230575345,20.0
video33_final.mp4,Parkinson,75,0.0036103210518542666,20.0
video33_final.mp4,Parkinson,76,0.001519957958604019,20.0
video33_final.mp4,Parkinson,77,0.008502672491736201,20.0
video33_final.mp4,Parkinson,78,0.003168074458984905,20.0
video33_final.mp4,Parkinson,79,0.00858184410194327,20.0
video33_final.mp4,Parkinson,80,0.005446259735766995,20.0
video33_final.mp4,Parkinson,81,0.0045955094832061845,20.0
video33_final.mp4,Parkinson,82,0.0033441491385308372,20.0
video33_final.mp4,Parkinson,83,0.006301322641394176,20.0
video33_final.mp4,Parkinson,84,0.001944556128819346,20.0
video33_final.mp4,Parkinson,85,0.0019009962589716404,20.0
video33_final.mp4,Parkinson,86,0.0028150702200996683,20.0
video33_final.mp4,Parkinson,87,0.012755335781094555,20.0
video33_final.mp4,Parkinson,88,0.010181848566606005,20.0
video33_final.mp4,Parkinson,89,0.01813270479434628,20.0
video33_final.mp4,Parkinson,90,0.012515464748948097,20.0
video33_final.mp4,Parkinson,91,0.017051497488881292,20.0
video33_final.mp4,Parkinson,92,0.0031358315705665232,20.0
video33_final.mp4,Parkinson,93,0.012671794733069315,20.0
video33_final.mp4,Parkinson,94,0.009957651672176592,20.0
video33_final.mp4,Parkinson,95,0.007007613811236515,20.0
video33_final.mp4,Parkinson,96,0.012528845030160015,20.0
video33_final.mp4,Parkinson,97,0.01273221294106207,20.0
video33_final.mp4,Parkinson,98,0.015515088318977072,20.0
video33_final.mp4,Parkinson,99,0.011294402218707375,20.0
video33_final.mp4,Parkinson,100,0.011315289540732224,20.0
video45_final.mp4,Parkinson,1,0.0,20.0
video45_final.mp4,Parkinson,2,0.0033405270735224596,20.0
video45_final.mp4,Parkinson,3,0.005715042402545763,20.0
video45_final.mp4,Parkinson,4,0.004681037838267749,20.0
video45_final.mp4,Parkinson,5,0.007045457590648584,20.0
video45_final.mp4,Parkinson,6,0.03073001791160764,20.0
video45_final.mp4,Parkinson,7,0.012686010833636867,20.0
video45_final.mp4,Parkinson,8,0.01281645597273752,20.0
video45_final.mp4,Parkinson,9,0.00772225476113048,20.0
video45_final.mp4,Parkinson,10,0.009021358497081125,20.0
video45_final.mp4,Parkinson,11,0.0062330646029659315,20.0
video45_final.mp4,Parkinson,12,0.0023873944837979172,20.0
video45_final.mp4,Parkinson,13,0.005992412787362361,20.0
video45_final.mp4,Parkinson,14,0.0026005860552948835,20.0
video45_final.mp4,Parkinson,15,0.0028539204327190522,20.0
video45_final.mp4,Parkinson,16,0.00470284961810115,20.0
video45_final.mp4,Parkinson,17,0.008463045344554625,20.0
video45_final.mp4,Parkinson,18,0.0033225564798335903,20.0
video45_final.mp4,Parkinson,19,0.0038141683315157733,20.0
video45_final.mp4,Parkinson,20,0.003019760950022522,20.0
video45_final.mp4,Parkinson,21,0.0027693006218767295,20.0
video45_final.mp4,Parkinson,22,0.0053771367312950916,20.0
video45_final.mp4,Parkinson,23,0.004956257079049012,20.0
video45_final.mp4,Parkinson,24,0.003308161266256783,20.0
video45_final.mp4,Parkinson,25,0.005423693259727912,20.0
video45_final.mp4,Parkinson,26,0.01160869747608323,20.0
video45_final.mp4,Parkinson,27,0.003302084939263596,20.0
video45_final.mp4,Parkinson,28,0.0016060276167624062,20.0
video45_final.mp4,Parkinson,29,0.0050573943480648935,20.0
video45_final.mp4,Parkinson,30,0.0026005769971409135,20.0
video45_final.mp4,Parkinson,31,0.0036646416267196885,20.0
video45_final.mp4,Parkinson,32,0.005943822907074972,20.0
video45_final.mp4,Parkinson,33,0.0065664760482137575,20.0
video45_final.mp4,Parkinson,34,0.004480640495997984,20.0
video45_final.mp4,Parkinson,35,0.003985379017429187,20.0
video45_final.mp4,Parkinson,36,0.011844081525796137,20.0
video45_final.mp4,Parkinson,37,0.005309308580246295,20.0
video45_final.mp4,Parkinson,38,0.00999560350616545,20.0
video45_final.mp4,Parkinson,39,0.009948287398743694,20.0
video45_final.mp4,Parkinson,40,0.008555339249680547,20.0
video45_final.mp4,Parkinson,41,0.0028194034298523432,20.0
video45_final.mp4,Parkinson,42,0.007126767013663639,20.0
video45_final.mp4,Parkinson,43,0.0024586467635931675,20.0
video45_final.mp4,Parkinson,44,0.00648550892988614,20.0
video45_final.mp4,Parkinson,45,0.005703894197230258,20.0
video45_final.mp4,Parkinson,46,0.011727564090605517,20.0
video45_final.mp4,Parkinson,47,0.003853359917398338,20.0
video45_final.mp4,Parkinson,48,0.004878849741860291,20.0
video45_final.mp4,Parkinson,49,0.008823002371780768,20.0
video45_final.mp4,Parkinson,50,0.0061377626878882765,20.0
video45_final.mp4,Parkinson,51,0.004592344214587616,20.0
video45_final.mp4,Parkinson,52,0.005528615732401122,20.0
video45_final.mp4,Parkinson,53,0.014242974818403968,20.0
video45_final.mp4,Parkinson,54,0.007284601045671119,20.0
video45_final.mp4,Parkinson,55,0.007720251342930153,20.0
video45_final.mp4,Parkinson,56,0.0042195978997426175,20.0
video45_final.mp4,Parkinson,57,0.00512601815714725,20.0
video45_final.mp4,Parkinson,58,0.00681187688932084,20.0
video45_final.mp4,Parkinson,59,0.004741932590542064,20.0
video45_final.mp4,Parkinson,60,0.0026591241962235705,20.0
video45_final.mp4,Parkinson,61,0.0033779684203717047,20.0
video45_final.mp4,Parkinson,62,0.004685614479286156,20.0
video45_final.mp4,Parkinson,63,0.003876694516124671,20.0
video45_final.mp4,Parkinson,64,0.0020028325518926713,20.0
video45_final.mp4,Parkinson,65,0.005626841497165951,20.0
video45_final.mp4,Parkinson,66,0.005497481604209833,20.0
video45_final.mp4,Parkinson,67,0.00596115222460486,20.0
video45_final.mp4,Parkinson,68,0.0018682567126806614,20.0
video45_final.mp4,Parkinson,69,0.03937773855433125,20.0
video45_final.mp4,Parkinson,70,0.01501680832261395,20.0
video45_final.mp4,Parkinson,71,0.013812601197445276,20.0
video45_final.mp4,Parkinson,72,0.004756638043714225,20.0
video45_final.mp4,Parkinson,73,0.004976516779078454,20.0
video45_final.mp4,Parkinson,74,0.005664749873845488,20.0
video45_final.mp4,Parkinson,75,0.0040213430939735435,20.0
video45_final.mp4,Parkinson,76,0.004529783153715658,20.0
video45_final.mp4,Parkinson,77,0.003495208854726173,20.0
video45_final.mp4,Parkinson,78,0.0038913681510471293,20.0
video45_final.mp4,Parkinson,79,0.0044716000946219735,20.0
video45_final.mp4,Parkinson,80,0.01399122860481309,20.0
video45_final.mp4,Parkinson,81,0.002283460410420155,20.0
video45_final.mp4,Parkinson,82,0.008470246782758773,20.0
video45_final.mp4,Parkinson,83,0.004463619780908583,20.0
video45_final.mp4,Parkinson,84,0.013278245310613718,20.0
video45_final.mp4,Parkinson,85,0.010071775129643626,20.0
video45_final.mp4,Parkinson,86,0.0031379871322813574,20.0
video45_final.mp4,Parkinson,87,0.005706416731756231,20.0
video45_final.mp4,Parkinson,88,0.006849092374297549,20.0
video45_final.mp4,Parkinson,89,0.010965498493650827,20.0
video45_final.mp4,Parkinson,90,0.004767038416523299,20.0
video45_final.mp4,Parkinson,91,0.005260226419814616,20.0
video45_final.mp4,Parkinson,92,0.008445137381408783,20.0
video45_final.mp4,Parkinson,93,0.0068826772825836295,20.0
video45_final.mp4,Parkinson,94,0.0038318927208072736,20.0
video45_final.mp4,Parkinson,95,0.027026375034992185,20.0
video45_final.mp4,Parkinson,96,0.011579444762156152,20.0
video45_final.mp4,Parkinson,97,0.027071371921259652,20.0
video45_final.mp4,Parkinson,98,0.013459501687489328,20.0
video45_final.mp4,Parkinson,99,0.0072110415520653766,20.0
video45_final.mp4,Parkinson,100,0.0021030620955920175,20.0
video46_final.mp4,Parkinson,1,0.0,20.0
video46_final.mp4,Parkinson,2,0.00899072236288314,20.0
video46_final.mp4,Parkinson,3,0.007845935450390829,20.0
video46_final.mp4,Parkinson,4,0.004326939871629083,20.0
video46_final.mp4,Parkinson,5,0.0016738880824668215,20.0
video46_final.mp4,Parkinson,6,0.001547507218725694,20.0
video46_final.mp4,Parkinson,7,0.028953838323300535,20.0
video46_final.mp4,Parkinson,8,0.012332704045497371,20.0
video46_final.mp4,Parkinson,9,0.007673168605940868,20.0
video46_final.mp4,Parkinson,10,0.004084523996082477,20.0
video46_final.mp4,Parkinson,11,0.0014011468117653212,20.0
video46_final.mp4,Parkinson,12,0.02839286386687116,20.0
video46_final.mp4,Parkinson,13,0.01447803227534356,20.0
video46_final.mp4,Parkinson,14,0.00521016315360592,20.0
video46_final.mp4,Parkinson,15,0.0037768185138626173,20.0
video46_final.mp4,Parkinson,16,0.00637841740159542,20.0
video46_final.mp4,Parkinson,17,0.0008370024706781214,20.0
video46_final.mp4,Parkinson,18,0.003575564770512199,20.0
video46_final.mp4,Parkinson,19,0.002201105336222839,20.0
video46_final.mp4,Parkinson,20,0.002534051176037751,20.0
video46_final.mp4,Parkinson,21,0.002318057878616302,20.0
video46_final.mp4,Parkinson,22,0.0020277365716649576,20.0
video46_final.mp4,Parkinson,23,0.0021659341568995532,20.0
video46_final.mp4,Parkinson,24,0.0036714005825417176,20.0
video46_final.mp4,Parkinson,25,0.003628091460082724,20.0
video46_final.mp4,Parkinson,26,0.0026659879527479464,20.0
video46_final.mp4,Parkinson,27,0.002761045127883011,20.0
video46_final.mp4,Parkinson,28,0.0026026254302616847,20.0
video46_final.mp4,Parkinson,29,0.0010024203917165253,20.0
video46_final.mp4,Parkinson,30,0.003348743632368733,20.0
video46_final.mp4,Parkinson,31,0.0018738962558999177,20.0
video46_final.mp4,Parkinson,32,0.0017624241066162662,20.0
video46_final.mp4,Parkinson,33,0.001620106733408056,20.0
video46_final.mp4,Parkinson,34,0.003236135286964594,20.0
video46_final.mp4,Parkinson,35,0.0040783314249524805,20.0
video46_final.mp4,Parkinson,36,0.0007470269948742382,20.0
video46_final.mp4,Parkinson,37,0.0008998749302981363,20.0
video46_final.mp4,Parkinson,38,0.0011717474204716982,20.0
video46_final.mp4,Parkinson,39,0.004602522496734419,20.0
video46_final.mp4,Parkinson,40,0.022853111444709816,20.0
video46_final.mp4,Parkinson,41,0.012719618350579396,20.0
video46_final.mp4,Parkinson,42,0.003662382209151018,20.0
video46_final.mp4,Parkinson,43,0.01046510144327035,20.0
video46_final.mp4,Parkinson,44,0.016994032287163997,20.0
video46_final.mp4,Parkinson,45,0.007835002346858468,20.0
video46_final.mp4,Parkinson,46,0.00483834559978126,20.0
video46_final.mp4,Parkinson,47,0.0020560439773856325,20.0
video46_final.mp4,Parkinson,48,0.0021708958225581864,20.0
video46_final.mp4,Parkinson,49,0.002230020576383476,20.0
video46_final.mp4,Parkinson,50,0.001665294122661448,20.0
video46_final.mp4,Parkinson,51,0.0010532040260609902,20.0
video46_final.mp4,Parkinson,52,0.001878395001123477,20.0
video46_final.mp4,Parkinson,53,0.0032951615706940545,20.0
video46_final.mp4,Parkinson,54,0.0008545572759140765,20.0
video46_final.mp4,Parkinson,55,0.00277569691414305,20.0
video46_final.mp4,Parkinson,56,0.00262913964838681,20.0
video46_final.mp4,Parkinson,57,0.0020700316936993813,20.0
video46_final.mp4,Parkinson,58,0.0010320672811992447,20.0
video46_final.mp4,Parkinson,59,0.0027211848696516733,20.0
video46_final.mp4,Parkinson,60,0.0026921334410556375,20.0
video46_final.mp4,Parkinson,61,0.0022401795721572657,20.0
video46_final.mp4,Parkinson,62,0.004152209795147713,20.0
video46_final.mp4,Parkinson,63,0.0039053978045097775,20.0
video46_final.mp4,Parkinson,64,0.0038518750993686724,20.0
video46_final.mp4,Parkinson,65,0.004382806212817306,20.0
video46_final.mp4,Parkinson,66,0.0015607864184988853,20.0
video46_final.mp4,Parkinson,67,0.002350020747451799,20.0
video46_final.mp4,Parkinson,68,0.0061266534957258095,20.0
video46_final.mp4,Parkinson,69,0.002956692699108745,20.0
video46_final.mp4,Parkinson,70,0.0037077462433143123,20.0
video46_final.mp4,Parkinson,71,0.0027873958127205404,20.0
video46_final.mp4,Parkinson,72,0.0018938645647807418,20.0
video46_final.mp4,Parkinson,73,0.0014974299459724644,20.0
video46_final.mp4,Parkinson,74,0.0010908434265886069,20.0
video46_final.mp4,Parkinson,75,0.0015611790941067307,20.0
video46_final.mp4,Parkinson,76,0.003196055093960663,20.0
video46_final.mp4,Parkinson,77,0.0014821819495337805,20.0
video46_final.mp4,Parkinson,78,0.0015933632866770968,20.0
video46_final.mp4,Parkinson,79,0.0014115358870724808,20.0
video46_final.mp4,Parkinson,80,0.003121682311564688,20.0
video46_final.mp4,Parkinson,81,0.0006908847076477783,20.0
video46_final.mp4,Parkinson,82,0.0020633798551237884,20.0
video46_final.mp4,Parkinson,83,0.0012371020666778433,20.0
video46_final.mp4,Parkinson,84,0.001196154830893437,20.0
video46_final.mp4,Parkinson,85,0.004371298017956242,20.0
video46_final.mp4,Parkinson,86,0.004130425691563327,20.0
video46_final.mp4,Parkinson,87,0.0031325968283271322,20.0
video46_final.mp4,Parkinson,88,0.001289620796273933,20.0
video46_final.mp4,Parkinson,89,0.003957827211649301,20.0
video46_final.mp4,Parkinson,90,0.0019275270370577146,20.0
video46_final.mp4,Parkinson,91,0.0034459854606140455,20.0
video46_final.mp4,Parkinson,92,0.005814614474266663,20.0
video46_final.mp4,Parkinson,93,0.005904617129892888,20.0
video46_final.mp4,Parkinson,94,0.004497983343260427,20.0
video46_final.mp4,Parkinson,95,0.002872339747269423,20.0
video46_final.mp4,Parkinson,96,0.0034777156031579443,20.0
video46_final.mp4,Parkinson,97,0.0012014042947946116,20.0
video46_final.mp4,Parkinson,98,0.001970918958701109,20.0
video46_final.mp4,Parkinson,99,0.0056820231977972,20.0
video46_final.mp4,Parkinson,100,0.002250261156884203,20.0
video52_final.mp4,Parkinson,1,0.0,20.0
video52_final.mp4,Parkinson,2,0.012946292409770603,20.0
video52_final.mp4,Parkinson,3,0.03934329317175892,20.0
video52_final.mp4,Parkinson,4,0.009751061584638157,20.0
video52_final.mp4,Parkinson,5,0.01312766802738563,20.0
video52_final.mp4,Parkinson,6,0.013928989810097358,20.0
video52_final.mp4,Parkinson,7,0.0035417870060812113,20.0
video52_final.mp4,Parkinson,8,0.004463542873155584,20.0
video52_final.mp4,Parkinson,9,0.002581478114492597,20.0
video52_final.mp4,Parkinson,10,0.005828893520911405,20.0
video52_final.mp4,Parkinson,11,0.012920913494582346,20.0
video52_final.mp4,Parkinson,12,0.010755095850254017,20.0
video52_final.mp4,Parkinson,13,0.006620887865553183,20.0
video52_final.mp4,Parkinson,14,0.004322098449558946,20.0
video52_final.mp4,Parkinson,15,0.003047552657732796,20.0
video52_final.mp4,Parkinson,16,0.003476277512784098,20.0
video52_final.mp4,Parkinson,17,0.012408007494883008,20.0
video52_final.mp4,Parkinson,18,0.006302583754212872,20.0
video52_final.mp4,Parkinson,19,0.006985616035056455,20.0
video52_final.mp4,Parkinson,20,0.006609065869423197,20.0
video52_final.mp4,Parkinson,21,0.0016563290751921691,20.0
video52_final.mp4,Parkinson,22,0.0026932859512043775,20.0
video52_final.mp4,Parkinson,23,0.008071731884169075,20.0
video52_final.mp4,Parkinson,24,0.007114158408672494,20.0
video52_final.mp4,Parkinson,25,0.0016384242084336437,20.0
video52_final.mp4,Parkinson,26,0.007953495880174822,20.0
video52_final.mp4,Parkinson,27,0.01302012613598818,20.0
video52_final.mp4,Parkinson,28,0.004417360244002325,20.0
video52_final.mp4,Parkinson,29,0.006273903563554401,20.0
video52_final.mp4,Parkinson,30,0.00815502174833715,20.0
video52_final.mp4,Parkinson,31,0.0032680788675968717,20.0
video52_final.mp4,Parkinson,32,0.003744801092601424,20.0
video52_final.mp4,Parkinson,33,0.003787659505886104,20.0
video52_final.mp4,Parkinson,34,0.01142596970838257,20.0
video52_final.mp4,Parkinson,35,0.02955930055583934,20.0
video52_final.mp4,Parkinson,36,0.005561006346087516,20.0
video52_final.mp4,Parkinson,37,0.007927407075548782,20.0
video52_final.mp4,Parkinson,38,0.007375613494656453,20.0
video52_final.mp4,Parkinson,39,0.003943659643599083,20.0
video52_final.mp4,Parkinson,40,0.00438278425814865,20.0
video52_final.mp4,Parkinson,41,0.004186383869768386,20.0
video52_final.mp4,Parkinson,42,0.006476802852699144,20.0
video52_final.mp4,Parkinson,43,0.006960790714366018,20.0
video52_final.mp4,Parkinson,44,0.0044914273810007285,20.0
video52_final.mp4,Parkinson,45,0.0023179784816391475,20.0
video52_final.mp4,Parkinson,46,0.005771014296112847,20.0
video52_final.mp4,Parkinson,47,0.005422989224043151,20.0
video52_final.mp4,Parkinson,48,0.005201583179633419,20.0
video52_final.mp4,Parkinson,49,0.0018087541114517956,20.0
video52_final.mp4,Parkinson,50,0.0025052128723611427,20.0
video52_final.mp4,Parkinson,51,0.008724907019653415,20.0
video52_final.mp4,Parkinson,52,0.008065480301185896,20.0
video52_final.mp4,Parkinson,53,0.004518603233375475,20.0
video52_final.mp4,Parkinson,54,0.0035860985931265295,20.0
video52_final.mp4,Parkinson,55,0.002676551227633209,20.0
video52_final.mp4,Parkinson,56,0.004398230581132616,20.0
video52_final.mp4,Parkinson,57,0.005748124403117806,20.0
video52_final.mp4,Parkinson,58,0.0039030370246351787,20.0
video52_final.mp4,Parkinson,59,0.0015746287137421682,20.0
video52_final.mp4,Parkinson,60,0.002407722634778753,20.0
video52_final.mp4,Parkinson,61,0.0037417404601854157,20.0
video52_final.mp4,Parkinson,62,0.005703535537248851,20.0
video52_final.mp4,Parkinson,63,0.0044004136339365965,20.0
video52_final.mp4,Parkinson,64,0.0010792634973036364,20.0
video52_final.mp4,Parkinson,65,0.0034380478043362105,20.0
video52_final.mp4,Parkinson,66,0.0015354785025345052,20.0
video52_final.mp4,Parkinson,67,0.0005462057356528655,20.0
video52_final.mp4,Parkinson,68,0.0017199930461419607,20.0
video52_final.mp4,Parkinson,69,0.0024279931877016036,20.0
video52_final.mp4,Parkinson,70,0.005296345656321993,20.0
video52_final.mp4,Parkinson,71,0.002916470769263112,20.0
video52_final.mp4,Parkinson,72,0.002127430337164471,20.0
video52_final.mp4,Parkinson,73,0.0039436369327292935,20.0
video52_final.mp4,Parkinson,74,0.006486298696931421,20.0
video52_final.mp4,Parkinson,75,0.10289288570421891,20.0
video52_final.mp4,Parkinson,76,0.03541724315005872,20.0
video52_final.mp4,Parkinson,77,0.012506568052718882,20.0
video52_final.mp4,Parkinson,78,0.008176821938698476,20.0
video52_final.mp4,Parkinson,79,0.006661524331638024,20.0
video52_final.mp4,Parkinson,80,0.003920765113831608,20.0
video52_final.mp4,Parkinson,81,0.007596019220681712,20.0
video52_final.mp4,Parkinson,82,0.0044582812038931165,20.0
video52_final.mp4,Parkinson,83,0.012756399808824677,20.0
video52_final.mp4,Parkinson,84,0.00797174455596881,20.0
video52_final.mp4,Parkinson,85,0.009137342530715796,20.0
video52_final.mp4,Parkinson,86,0.004499890959865385,20.0
video52_final.mp4,Parkinson,87,0.0061733506946484475,20.0
video52_final.mp4,Parkinson,88,0.003917069753295113,20.0
video52_final.mp4,Parkinson,89,0.007112709254573252,20.0
video52_final.mp4,Parkinson,90,0.007059935251051558,20.0
video52_final.mp4,Parkinson,91,0.008841715264400246,20.0
video52_final.mp4,Parkinson,92,0.006818859231693345,20.0
video52_final.mp4,Parkinson,93,0.004841380652939083,20.0
video52_final.mp4,Parkinson,94,0.004178880027017134,20.0
video52_final.mp4,Parkinson,95,0.017228159473062974,20.0
video52_final.mp4,Parkinson,96,0.007677861585430673,20.0
video52_final.mp4,Parkinson,97,0.009279295692188534,20.0
video52_final.mp4,Parkinson,98,0.0124263177577167,20.0
video52_final.mp4,Parkinson,99,0.015639169815720843,20.0
video52_final.mp4,Parkinson,100,0.012669141157865113,20.0
video53_final.mp4,Parkinson,1,0.0,20.0
video53_final.mp4,Parkinson,2,0.012781112033897736,20.0
video53_final.mp4,Parkinson,3,0.01127051223302078,20.0
video53_final.mp4,Parkinson,4,0.00408485693411076,20.0
video53_final.mp4,Parkinson,5,0.00252065342422967,20.0
video53_final.mp4,Parkinson,6,0.005116668733584808,20.0
video53_final.mp4,Parkinson,7,0.004639076442715715,20.0
video53_final.mp4,Parkinson,8,0.0015743628625681718,20.0
video53_final.mp4,Parkinson,9,0.0036143240220931753,20.0
video53_final.mp4,Parkinson,10,0.0018078511577449621,20.0
video53_final.mp4,Parkinson,11,0.003913648681495745,20.0
video53_final.mp4,Parkinson,12,0.005442548685835613,20.0
video53_final.mp4,Parkinson,13,0.001576406281284704,20.0
video53_final.mp4,Parkinson,14,0.001270813349922961,20.0
video53_final.mp4,Parkinson,15,0.003475882256074947,20.0
video53_final.mp4,Parkinson,16,0.0012898390704202682,20.0
video53_final.mp4,Parkinson,17,0.0018576890937187188,20.0
video53_final.mp4,Parkinson,18,0.004327860789027751,20.0
video53_final.mp4,Parkinson,19,0.0024512552983806707,20.0
video53_final.mp4,Parkinson,20,0.0025138075537202227,20.0
video53_final.mp4,Parkinson,21,0.0014071472523845023,20.0
video53_final.mp4,Parkinson,22,0.002946921536172183,20.0
video53_final.mp4,Parkinson,23,0.0006901280090068569,20.0
video53_final.mp4,Parkinson,24,0.0040125402777589,20.0
video53_final.mp4,Parkinson,25,0.0023337977484370106,20.0
video53_final.mp4,Parkinson,26,0.0028077858854801043,20.0
video53_final.mp4,Parkinson,27,0.001242061693891915,20.0
video53_final.mp4,Parkinson,28,0.0028672101410515786,20.0
video53_final.mp4,Parkinson,29,0.004030772751289624,20.0
video53_final.mp4,Parkinson,30,0.00534840279727605,20.0
video53_final.mp4,Parkinson,31,0.0025247766114222443,20.0
video53_final.mp4,Parkinson,32,0.011033573676487362,20.0
video53_final.mp4,Parkinson,33,0.009124650188404974,20.0
video53_final.mp4,Parkinson,34,0.005302581924862971,20.0
video53_final.mp4,Parkinson,35,0.0038714472805509285,20.0
video53_final.mp4,Parkinson,36,0.0032294901652455137,20.0
video53_final.mp4,Parkinson,37,0.004100315492895124,20.0
video53_final.mp4,Parkinson,38,0.005276365157575673,20.0
video53_final.mp4,Parkinson,39,0.003274934276064949,20.0
video53_final.mp4,Parkinson,40,0.008293069267245571,20.0
video53_final.mp4,Parkinson,41,0.004216938738450265,20.0
video53_final.mp4,Parkinson,42,0.007738593746018398,20.0
video53_final.mp4,Parkinson,43,0.00769905741529888,20.0
video53_final.mp4,Parkinson,44,0.01758800685090244,20.0
video53_final.mp4,Parkinson,45,0.006766861230857048,20.0
video53_final.mp4,Parkinson,46,0.010253440705513274,20.0
video53_final.mp4,Parkinson,47,0.00447748376459155,20.0
video53_final.mp4,Parkinson,48,0.008563465740094707,20.0
video53_final.mp4,Parkinson,49,0.0023450829126876738,20.0
video53_final.mp4,Parkinson,50,0.00836628500744182,20.0
video53_final.mp4,Parkinson,51,0.005629083137243834,20.0
video53_final.mp4,Parkinson,52,0.004798824369542068,20.0
video53_final.mp4,Parkinson,53,0.0028906068335156983,20.0
video53_final.mp4,Parkinson,54,0.0034980949956706694,20.0
video53_final.mp4,Parkinson,55,0.006428162380585925,20.0
video53_final.mp4,Parkinson,56,0.0031597629195912647,20.0
video53_final.mp4,Parkinson,57,0.0028501544640805987,20.0
video53_final.mp4,Parkinson,58,0.006009692114224628,20.0
video53_final.mp4,Parkinson,59,0.002848989243788834,20.0
video53_final.mp4,Parkinson,60,0.0030646605459976888,20.0
video53_final.mp4,Parkinson,61,0.003968912125142512,20.0
video53_final.mp4,Parkinson,62,0.003558767529767333,20.0
video53_final.mp4,Parkinson,63,0.005009992579389445,20.0
video53_final.mp4,Parkinson,64,0.006371299831904939,20.0
video53_final.mp4,Parkinson,65,0.0036470023715932977,20.0
video53_final.mp4,Parkinson,66,0.006213105729782446,20.0
video53_final.mp4,Parkinson,67,0.004209884790078636,20.0
video53_final.mp4,Parkinson,68,0.00573087365814218,20.0
video53_final.mp4,Parkinson,69,0.00226047122468695,20.0
video53_final.mp4,Parkinson,70,0.00631145035721788,20.0
video53_final.mp4,Parkinson,71,0.0021290204099847043,20.0
video53_final.mp4,Parkinson,72,0.005142956303006698,20.0
video53_final.mp4,Parkinson,73,0.005158285266455346,20.0
video53_final.mp4,Parkinson,74,0.009053876046803829,20.0
video53_final.mp4,Parkinson,75,0.008036029731472884,20.0
video53_final.mp4,Parkinson,76,0.004983896625528222,20.0
video53_final.mp4,Parkinson,77,0.00853150684924495,20.0
video53_final.mp4,Parkinson,78,0.00573428248371111,20.0
video53_final.mp4,Parkinson,79,0.001964702232215841,20.0
video53_final.mp4,Parkinson,80,0.00506407784418111,20.0
video53_final.mp4,Parkinson,81,0.005045220410579434,20.0
video53_final.mp4,Parkinson,82,0.005986389230536705,20.0
video53_final.mp4,Parkinson,83,0.0036205572297038913,20.0
video53_final.mp4,Parkinson,84,0.004442994178310493,20.0
video53_final.mp4,Parkinson,85,0.007526176166730972,20.0
video53_final.mp4,Parkinson,86,0.00719985810092296,20.0
video53_final.mp4,Parkinson,87,0.007330096118114877,20.0
video53_final.mp4,Parkinson,88,0.002613921730383244,20.0
video53_final.mp4,Parkinson,89,0.007807671566241588,20.0
video53_final.mp4,Parkinson,90,0.0037734225945547733,20.0
video53_final.mp4,Parkinson,91,0.005351668933778752,20.0
video53_final.mp4,Parkinson,92,0.006077536419558996,20.0
video53_final.mp4,Parkinson,93,0.006931282495771307,20.0
video53_final.mp4,Parkinson,94,0.0034814685228231504,20.0
video53_final.mp4,Parkinson,95,0.0015972363350742784,20.0
video53_final.mp4,Parkinson,96,0.004016653251505108,20.0
video53_final.mp4,Parkinson,97,0.0032866726892262998,20.0
video53_final.mp4,Parkinson,98,0.00406236639970664,20.0
video53_final.mp4,Parkinson,99,0.006063249894710331,20.0
video53_final.mp4,Parkinson,100,0.003602332567657606,20.0
video54_final.mp4,Parkinson,1,0.0,20.0
video54_final.mp4,Parkinson,2,0.012341947140895586,20.0
video54_final.mp4,Parkinson,3,0.009809824185662293,20.0
video54_final.mp4,Parkinson,4,0.005598661977357508,20.0
video54_final.mp4,Parkinson,5,0.006075354297759342,20.0
video54_final.mp4,Parkinson,6,0.009389292807647737,20.0
video54_final.mp4,Parkinson,7,0.002953811383719616,20.0
video54_final.mp4,Parkinson,8,0.002163856353335145,20.0
video54_final.mp4,Parkinson,9,0.007707166916063894,20.0
video54_final.mp4,Parkinson,10,0.0033217483103460195,20.0
video54_final.mp4,Parkinson,11,0.0011515485414188723,20.0
video54_final.mp4,Parkinson,12,0.0023266591718716506,20.0
video54_final.mp4,Parkinson,13,0.0066584512440141875,20.0
video54_final.mp4,Parkinson,14,0.0018169923019698256,20.0
video54_final.mp4,Parkinson,15,0.004912745727549074,20.0
video54_final.mp4,Parkinson,16,0.010288135499967356,20.0
video54_final.mp4,Parkinson,17,0.003993076308794513,20.0
video54_final.mp4,Parkinson,18,0.006136702625566974,20.0
video54_final.mp4,Parkinson,19,0.005247306485272832,20.0
video54_final.mp4,Parkinson,20,0.002930833975643714,20.0
video54_final.mp4,Parkinson,21,0.004568381231447153,20.0
video54_final.mp4,Parkinson,22,0.003919925718986365,20.0
video54_final.mp4,Parkinson,23,0.0033315800978843415,20.0
video54_final.mp4,Parkinson,24,0.008303733592622483,20.0
video54_final.mp4,Parkinson,25,0.006555007855090308,20.0
video54_final.mp4,Parkinson,26,0.008443378050371705,20.0
video54_final.mp4,Parkinson,27,0.004821000604420264,20.0
video54_final.mp4,Parkinson,28,0.0072719066891834905,20.0
video54_final.mp4,Parkinson,29,0.0063580815173240645,20.0
video54_final.mp4,Parkinson,30,0.0055964222680888525,20.0
video54_final.mp4,Parkinson,31,0.0009836646457416032,20.0
video54_final.mp4,Parkinson,32,0.012415849577852864,20.0
video54_final.mp4,Parkinson,33,0.004933565494151471,20.0
video54_final.mp4,Parkinson,34,0.0037087122172250425,20.0
video54_final.mp4,Parkinson,35,0.004268354426902782,20.0
video54_final.mp4,Parkinson,36,0.0038333496183898218,20.0
video54_final.mp4,Parkinson,37,0.0019673649888006114,20.0
video54_final.mp4,Parkinson,38,0.019975494750138944,20.0
video54_final.mp4,Parkinson,39,0.010516811620417335,20.0
video54_final.mp4,Parkinson,40,0.014326857400704737,20.0
video54_final.mp4,Parkinson,41,0.00966466241814864,20.0
video54_final.mp4,Parkinson,42,0.015166881390214437,20.0
video54_final.mp4,Parkinson,43,0.00658335157293799,20.0
video54_final.mp4,Parkinson,44,0.004782675280002917,20.0
video54_final.mp4,Parkinson,45,0.00801323986834642,20.0
video54_final.mp4,Parkinson,46,0.004734139206799101,20.0
video54_final.mp4,Parkinson,47,0.003126207754044829,20.0
video54_final.mp4,Parkinson,48,0.004083375066108547,20.0
video54_final.mp4,Parkinson,49,0.004901427199871689,20.0
video54_final.mp4,Parkinson,50,0.0040716119158214605,20.0
video54_final.mp4,Parkinson,51,0.0007274769928165401,20.0
video54_final.mp4,Parkinson,52,0.0033924778360707,20.0
video54_final.mp4,Parkinson,53,0.0029464782222464454,20.0
video54_final.mp4,Parkinson,54,0.0011908558170072654,20.0
video54_final.mp4,Parkinson,55,0.00639319650102365,20.0
video54_final.mp4,Parkinson,56,0.004752060645767505,20.0
video54_final.mp4,Parkinson,57,0.0019085967298039803,20.0
video54_final.mp4,Parkinson,58,0.007994762077445077,20.0
video54_final.mp4,Parkinson,59,0.00924782039744919,20.0
video54_final.mp4,Parkinson,60,0.004395419370443413,20.0
video54_final.mp4,Parkinson,61,0.0037536643198617273,20.0
video54_final.mp4,Parkinson,62,0.0073907519632867335,20.0
video54_final.mp4,Parkinson,63,0.007532235135843141,20.0
video54_final.mp4,Parkinson,64,0.00466826377290416,20.0
video54_final.mp4,Parkinson,65,0.009937367782403686,20.0
video54_final.mp4,Parkinson,66,0.004066352636704705,20.0
video54_final.mp4,Parkinson,67,0.005741966148359483,20.0
video54_final.mp4,Parkinson,68,0.0033182455111111365,20.0
video54_final.mp4,Parkinson,69,0.004831351512029205,20.0
video54_final.mp4,Parkinson,70,0.008779587565638203,20.0
video54_final.mp4,Parkinson,71,0.0007784428548317912,20.0
video54_final.mp4,Parkinson,72,0.005624380344136811,20.0
video54_final.mp4,Parkinson,73,0.003141470475786726,20.0
video54_final.mp4,Parkinson,74,0.0033794795821617284,20.0
video54_final.mp4,Parkinson,75,0.003566251204679838,20.0
video54_final.mp4,Parkinson,76,0.004099538436296264,20.0
video54_final.mp4,Parkinson,77,0.0016880001281315072,20.0
video54_final.mp4,Parkinson,78,0.004519363185002336,20.0
video54_final.mp4,Parkinson,79,0.0030191471612280064,20.0
video54_final.mp4,Parkinson,80,0.0009622372864278974,20.0
video54_final.mp4,Parkinson,81,0.0023304064130190726,20.0
video54_final.mp4,Parkinson,82,0.003832872525158123,20.0
video54_final.mp4,Parkinson,83,0.004350097414625131,20.0
video54_final.mp4,Parkinson,84,0.000965121650116944,20.0
video54_final.mp4,Parkinson,85,0.0029699665124786508,20.0
video54_final.mp4,Parkinson,86,0.003488825382720545,20.0
video54_final.mp4,Parkinson,87,0.0015554378761057578,20.0
video54_final.mp4,Parkinson,88,0.003939439063572771,20.0
video54_final.mp4,Parkinson,89,0.0035242238635051315,20.0
video54_final.mp4,Parkinson,90,0.0030879155091984773,20.0
video54_final.mp4,Parkinson,91,0.0038212353212694586,20.0
video54_final.mp4,Parkinson,92,0.003151553503884881,20.0
video54_final.mp4,Parkinson,93,0.006171982933076754,20.0
video54_final.mp4,Parkinson,94,0.005783000442409598,20.0
video54_final.mp4,Parkinson,95,0.002793812425329992,20.0
video54_final.mp4,Parkinson,96,0.004959085287208367,20.0
video54_final.mp4,Parkinson,97,0.002810923321348462,20.0
video54_final.mp4,Parkinson,98,0.004443972871071682,20.0
video54_final.mp4,Parkinson,99,0.0014242435735442444,20.0
video54_final.mp4,Parkinson,100,0.0029524450769787512,20.0
video61_final.mp4,Parkinson,1,0.0,20.0
video61_final.mp4,Parkinson,2,0.011550201625963812,20.0
video61_final.mp4,Parkinson,3,0.008166280804636238,20.0
video61_final.mp4,Parkinson,4,0.004636086387612568,20.0
video61_final.mp4,Parkinson,5,0.0005601700000336214,20.0
video61_final.mp4,Parkinson,6,0.002309978110178965,20.0
video61_final.mp4,Parkinson,7,0.0013164147025417497,20.0
video61_final.mp4,Parkinson,8,0.0012231066692234862,20.0
video61_final.mp4,Parkinson,9,0.001891815435867878,20.0
video61_final.mp4,Parkinson,10,0.003433623771811925,20.0
video61_final.mp4,Parkinson,11,0.001505431108784569,20.0
video61_final.mp4,Parkinson,12,0.0022064303011958314,20.0
video61_final.mp4,Parkinson,13,0.0023675677334646836,20.0
video61_final.mp4,Parkinson,14,0.002149969348932905,20.0
video61_final.mp4,Parkinson,15,0.002702239856012432,20.0
video61_final.mp4,Parkinson,16,0.0018512050125928014,20.0
video61_final.mp4,Parkinson,17,0.0023737877078800398,20.0
video61_final.mp4,Parkinson,18,0.0025724470873331163,20.0
video61_final.mp4,Parkinson,19,0.0015237673052273624,20.0
video61_final.mp4,Parkinson,20,0.0023675324329542895,20.0
video61_final.mp4,Parkinson,21,0.003917076821948587,20.0
video61_final.mp4,Parkinson,22,0.0022021873775531537,20.0
video61_final.mp4,Parkinson,23,0.0020377721104167293,20.0
video61_final.mp4,Parkinson,24,0.002498668385496478,20.0
video61_final.mp4,Parkinson,25,0.0018243185644768276,20.0
video61_final.mp4,Parkinson,26,0.0024308414845202794,20.0
video61_final.mp4,Parkinson,27,0.003961212893839198,20.0
video61_final.mp4,Parkinson,28,0.0017944863383837783,20.0
video61_final.mp4,Parkinson,29,0.0013980764470490738,20.0
video61_final.mp4,Parkinson,30,0.0018002148087753467,20.0
video61_final.mp4,Parkinson,31,0.0030759898095754474,20.0
video61_final.mp4,Parkinson,32,0.004920951308691096,20.0
video61_final.mp4,Parkinson,33,0.001469302361072813,20.0
video61_final.mp4,Parkinson,34,0.003711507853373089,20.0
video61_final.mp4,Parkinson,35,0.0031320827371820593,20.0
video61_final.mp4,Parkinson,36,0.004226293196866568,20.0
video61_final.mp4,Parkinson,37,0.004216762252057864,20.0
video61_final.mp4,Parkinson,38,0.004469975154330409,20.0
video61_final.mp4,Parkinson,39,0.0037529170154834584,20.0
video61_final.mp4,Parkinson,40,0.0033643725990483396,20.0
video61_final.mp4,Parkinson,41,0.003664087872110162,20.0
video61_final.mp4,Parkinson,42,0.0009286330700092422,20.0
video61_final.mp4,Parkinson,43,0.003266775469810877,20.0
video61_final.mp4,Parkinson,44,0.003721799379750259,20.0
video61_final.mp4,Parkinson,45,0.002851921235679254,20.0
video61_final.mp4,Parkinson,46,0.008580390110963771,20.0
video61_final.mp4,Parkinson,47,0.005579460082120478,20.0
video61_final.mp4,Parkinson,48,0.007490902083992175,20.0
video61_final.mp4,Parkinson,49,0.003677838583829946,20.0
video61_final.mp4,Parkinson,50,0.006851772360690689,20.0
video61_final.mp4,Parkinson,51,0.002181838057821109,20.0
video61_final.mp4,Parkinson,52,0.0034270872158760515,20.0
video61_final.mp4,Parkinson,53,0.0026760167387071235,20.0
video61_final.mp4,Parkinson,54,0.002184783877874643,20.0
video61_final.mp4,Parkinson,55,0.005101407367049602,20.0
video61_final.mp4,Parkinson,56,0.0023724395764942612,20.0
video61_final.mp4,Parkinson,57,0.0018657069909158131,20.0
video61_final.mp4,Parkinson,58,0.0032506042809072114,20.0
video61_final.mp4,Parkinson,59,0.0013176219772241824,20.0
video61_final.mp4,Parkinson,60,0.0024058927904550545,20.0
video61_final.mp4,Parkinson,61,0.004119738022334895,20.0
video61_final.mp4,Parkinson,62,0.006786925967759244,20.0
video61_final.mp4,Parkinson,63,0.0026703031218286463,20.0
video61_final.mp4,Parkinson,64,0.0027576652335881894,20.0
video61_final.mp4,Parkinson,65,0.001712630571623611,20.0
video61_final.mp4,Parkinson,66,0.005473980828551863,20.0
video61_final.mp4,Parkinson,67,0.003964431607777771,20.0
video61_final.mp4,Parkinson,68,0.001302964499697439,20.0
video61_final.mp4,Parkinson,69,0.0035534233685005447,20.0
video61_final.mp4,Parkinson,70,0.005662262607624716,20.0
video61_final.mp4,Parkinson,71,0.0025481053411719142,20.0
video61_final.mp4,Parkinson,72,0.02588986098810334,20.0
video61_final.mp4,Parkinson,73,0.013544172623186907,20.0
video61_final.mp4,Parkinson,74,0.01884814583160017,20.0
video61_final.mp4,Parkinson,75,0.009945583573001576,20.0
video61_final.mp4,Parkinson,76,0.007044028667056058,20.0
video61_final.mp4,Parkinson,77,0.004104904797641553,20.0
video61_final.mp4,Parkinson,78,0.003511039155117453,20.0
video61_final.mp4,Parkinson,79,0.0044840467756195055,20.0
video61_final.mp4,Parkinson,80,0.006093943483589306,20.0
video61_final.mp4,Parkinson,81,0.0016436145873356563,20.0
video61_final.mp4,Parkinson,82,0.006454522123763608,20.0
video61_final.mp4,Parkinson,83,0.0027382961491962073,20.0
video61_final.mp4,Parkinson,84,0.006571508858293117,20.0
video61_final.mp4,Parkinson,85,0.004644078207326422,20.0
video61_final.mp4,Parkinson,86,0.00553404915653584,20.0
video61_final.mp4,Parkinson,87,0.006714118145978453,20.0
video61_final.mp4,Parkinson,88,0.005783104450778433,20.0
video61_final.mp4,Parkinson,89,0.004383905520924248,20.0
video61_final.mp4,Parkinson,90,0.004576685993143437,20.0
video61_final.mp4,Parkinson,91,0.0030726763730788247,20.0
video61_final.mp4,Parkinson,92,0.0030284208904468057,20.0
video61_final.mp4,Parkinson,93,0.0022466941671938005,20.0
video61_final.mp4,Parkinson,94,0.007345838948908651,20.0
video61_final.mp4,Parkinson,95,0.0041497552949418025,20.0
video61_final.mp4,Parkinson,96,0.002803219653682116,20.0
video61_final.mp4,Parkinson,97,0.0034521365533539783,20.0
video61_final.mp4,Parkinson,98,0.0024780385907205763,20.0
video61_final.mp4,Parkinson,99,0.0035465437574645283,20.0
video61_final.mp4,Parkinson,100,0.00411055292058139,20.0
video62_final.mp4,Parkinson,1,0.0,20.0
video62_final.mp4,Parkinson,2,0.013442407816336766,20.0
video62_final.mp4,Parkinson,3,0.0072196362471614465,20.0
video62_final.mp4,Parkinson,4,0.0020560893677389874,20.0
video62_final.mp4,Parkinson,5,0.0028968768226511447,20.0
video62_final.mp4,Parkinson,6,0.005834495040015753,20.0
video62_final.mp4,Parkinson,7,0.0017975605927567145,20.0
video62_final.mp4,Parkinson,8,0.0019929688806704453,20.0
video62_final.mp4,Parkinson,9,0.014962278120088462,20.0
video62_final.mp4,Parkinson,10,0.0056420450926725225,20.0
video62_final.mp4,Parkinson,11,0.011596799157894326,20.0
video62_final.mp4,Parkinson,12,0.003221554889218109,20.0
video62_final.mp4,Parkinson,13,0.004204016164786049,20.0
video62_final.mp4,Parkinson,14,0.0037308116274805585,20.0
video62_final.mp4,Parkinson,15,0.012303019887306605,20.0
video62_final.mp4,Parkinson,16,0.00902018650652294,20.0
video62_final.mp4,Parkinson,17,0.0044620611728749425,20.0
video62_final.mp4,Parkinson,18,0.004213610756086469,20.0
video62_final.mp4,Parkinson,19,0.00894913816583584,20.0
video62_final.mp4,Parkinson,20,0.00580716714047203,20.0
video62_final.mp4,Parkinson,21,0.0047132586977852815,20.0
video62_final.mp4,Parkinson,22,0.003611587410599331,20.0
video62_final.mp4,Parkinson,23,0.002413701324754705,20.0
video62_final.mp4,Parkinson,24,0.003335500510827749,20.0
video62_final.mp4,Parkinson,25,0.001809312358113643,20.0
video62_final.mp4,Parkinson,26,0.0025310502278887244,20.0
video62_final.mp4,Parkinson,27,0.0068722491621811405,20.0
video62_final.mp4,Parkinson,28,0.003587178501705744,20.0
video62_final.mp4,Parkinson,29,0.0022879289565584165,20.0
video62_final.mp4,Parkinson,30,0.0008542654675556663,20.0
video62_final.mp4,Parkinson,31,0.007695610910522332,20.0
video62_final.mp4,Parkinson,32,0.0036298964605163014,20.0
video62_final.mp4,Parkinson,33,0.0020982490428532188,20.0
video62_final.mp4,Parkinson,34,0.006203478344251935,20.0
video62_final.mp4,Parkinson,35,0.002533190961013903,20.0
video62_final.mp4,Parkinson,36,0.008607871871551126,20.0
video62_final.mp4,Parkinson,37,0.002260706684989401,20.0
video62_final.mp4,Parkinson,38,0.006310747053106431,20.0
video62_final.mp4,Parkinson,39,0.0009246607467928385,20.0
video62_final.mp4,Parkinson,40,0.008775276934053371,20.0
video62_final.mp4,Parkinson,41,0.0019250130094844733,20.0
video62_final.mp4,Parkinson,42,0.00597155390358823,20.0
video62_final.mp4,Parkinson,43,0.0032580115487048475,20.0
video62_final.mp4,Parkinson,44,0.007288537448124736,20.0
video62_final.mp4,Parkinson,45,0.004003648499107772,20.0
video62_final.mp4,Parkinson,46,0.0058041428924164775,20.0
video62_final.mp4,Parkinson,47,0.003787817477831232,20.0
video62_final.mp4,Parkinson,48,0.006662086221624326,20.0
video62_final.mp4,Parkinson,49,0.004348268683967609,20.0
video62_final.mp4,Parkinson,50,0.005077440052498329,20.0
video62_final.mp4,Parkinson,51,0.0046685685425815445,20.0
video62_final.mp4,Parkinson,52,0.005659799405589266,20.0
video62_final.mp4,Parkinson,53,0.004021951135101746,20.0
video62_final.mp4,Parkinson,54,0.006432780393349503,20.0
video62_final.mp4,Parkinson,55,0.0035159305592923295,20.0
video62_final.mp4,Parkinson,56,0.004947310254332414,20.0
video62_final.mp4,Parkinson,57,0.004945730415092297,20.0
video62_final.mp4,Parkinson,58,0.004258904570286099,20.0
video62_final.mp4,Parkinson,59,0.006170308320426719,20.0
video62_final.mp4,Parkinson,60,0.00602984249719135,20.0
video62_final.mp4,Parkinson,61,0.008381650090542734,20.0
video62_final.mp4,Parkinson,62,0.0018668743320215172,20.0
video62_final.mp4,Parkinson,63,0.007692273943940024,20.0
video62_final.mp4,Parkinson,64,0.0035735463105942412,20.0
video62_final.mp4,Parkinson,65,0.002155645079813785,20.0
video62_final.mp4,Parkinson,66,0.0031006833317060757,20.0
video62_final.mp4,Parkinson,67,0.002139821210770386,20.0
video62_final.mp4,Parkinson,68,0.0009105683593348573,20.0
video62_final.mp4,Parkinson,69,0.0030951312073278395,20.0
video62_final.mp4,Parkinson,70,0.005809847570387297,20.0
video62_final.mp4,Parkinson,71,0.004127248318116562,20.0
video62_final.mp4,Parkinson,72,0.009476902751382127,20.0
video62_final.mp4,Parkinson,73,0.0036338328640414764,20.0
video62_final.mp4,Parkinson,74,0.007034054618574076,20.0
video62_final.mp4,Parkinson,75,0.006572471333235079,20.0
video62_final.mp4,Parkinson,76,0.0019284096731247917,20.0
video62_final.mp4,Parkinson,77,0.0025196519703996434,20.0
video62_final.mp4,Parkinson,78,0.004696776744297657,20.0
video62_final.mp4,Parkinson,79,0.002227939425444175,20.0
video62_final.mp4,Parkinson,80,0.0031697852151601597,20.0
video62_final.mp4,Parkinson,81,0.003056140183286472,20.0
video62_final.mp4,Parkinson,82,0.0012178181401427944,20.0
video62_final.mp4,Parkinson,83,0.0037848806490299726,20.0
video62_final.mp4,Parkinson,84,0.009351130629472747,20.0
video62_final.mp4,Parkinson,85,0.0024026801740679783,20.0
video62_final.mp4,Parkinson,86,0.0037719597488122805,20.0
video62_final.mp4,Parkinson,87,0.005653638988759173,20.0
video62_final.mp4,Parkinson,88,0.005315082293481825,20.0
video62_final.mp4,Parkinson,89,0.0035646327941511536,20.0
video62_final.mp4,Parkinson,90,0.0034354387555493027,20.0
video62_final.mp4,Parkinson,91,0.0035269297239955864,20.0
video62_final.mp4,Parkinson,92,0.0033346266193264064,20.0
video62_final.mp4,Parkinson,93,0.004043119115623264,20.0
video62_final.mp4,Parkinson,94,0.002830802596049653,20.0
video62_final.mp4,Parkinson,95,0.004075711300622535,20.0
video62_final.mp4,Parkinson,96,0.00521577549242108,20.0
video62_final.mp4,Parkinson,97,0.005495949066699429,20.0
video62_final.mp4,Parkinson,98,0.0056380894075706445,20.0
video62_final.mp4,Parkinson,99,0.007140314017388607,20.0
video62_final.mp4,Parkinson,100,0.0047663018988896395,20.0
video73_final.mp4,Parkinson,1,0.0,20.0
video73_final.mp4,Parkinson,2,0.012246729953628663,20.0
video73_final.mp4,Parkinson,3,0.011777143016756239,20.0
video73_final.mp4,Parkinson,4,0.015348977676599053,20.0
video73_final.mp4,Parkinson,5,0.004943428070779211,20.0
video73_final.mp4,Parkinson,6,0.00827013870122856,20.0
video73_final.mp4,Parkinson,7,0.006834051303671018,20.0
video73_final.mp4,Parkinson,8,0.014875020597272807,20.0
video73_final.mp4,Parkinson,9,0.007546631614863848,20.0
video73_final.mp4,Parkinson,10,0.011183395509392532,20.0
video73_final.mp4,Parkinson,11,0.011855023235756374,20.0
video73_final.mp4,Parkinson,12,0.004026541706000598,20.0
video73_final.mp4,Parkinson,13,0.01924947984135535,20.0
video73_final.mp4,Parkinson,14,0.020840130353440362,20.0
video73_final.mp4,Parkinson,15,0.014121816516574617,20.0
video73_final.mp4,Parkinson,16,0.012112033111483653,20.0
video73_final.mp4,Parkinson,17,0.008895774419724492,20.0
video73_final.mp4,Parkinson,18,0.0120729526880847,20.0
video73_final.mp4,Parkinson,19,0.011147373061624152,20.0
video73_final.mp4,Parkinson,20,0.00650398529734829,20.0
video73_final.mp4,Parkinson,21,0.016674227829816382,20.0
video73_final.mp4,Parkinson,22,0.0049817558238495424,20.0
video73_final.mp4,Parkinson,23,0.005292059508488884,20.0
video73_final.mp4,Parkinson,24,0.002698483543068417,20.0
video73_final.mp4,Parkinson,25,0.006592687549630447,20.0
video73_final.mp4,Parkinson,26,0.010651658987977417,20.0
video73_final.mp4,Parkinson,27,0.008191974797277155,20.0
video73_final.mp4,Parkinson,28,0.0012734215663506641,20.0
video73_final.mp4,Parkinson,29,0.007781359171308176,20.0
video73_final.mp4,Parkinson,30,0.0027594496428790085,20.0
video73_final.mp4,Parkinson,31,0.018025273435626387,20.0
video73_final.mp4,Parkinson,32,0.005183486920934515,20.0
video73_final.mp4,Parkinson,33,0.015411332634516836,20.0
video73_final.mp4,Parkinson,34,0.016795603126172412,20.0
video73_final.mp4,Parkinson,35,0.010232360081550916,20.0
video73_final.mp4,Parkinson,36,0.0069701227567216745,20.0
video73_final.mp4,Parkinson,37,0.011226370184723495,20.0
video73_final.mp4,Parkinson,38,0.020485034030005605,20.0
video73_final.mp4,Parkinson,39,0.011620009555352032,20.0
video73_final.mp4,Parkinson,40,0.011864794600899262,20.0
video73_final.mp4,Parkinson,41,0.009700703922740172,20.0
video73_final.mp4,Parkinson,42,0.02335828652386556,20.0
video73_final.mp4,Parkinson,43,0.010745969375695061,20.0
video73_final.mp4,Parkinson,44,0.007624104411185847,20.0
video73_final.mp4,Parkinson,45,0.003231554560224338,20.0
video73_final.mp4,Parkinson,46,0.010724836125527406,20.0
video73_final.mp4,Parkinson,47,0.009828167681342568,20.0
video73_final.mp4,Parkinson,48,0.020835052895828755,20.0
video73_final.mp4,Parkinson,49,0.010664693312095977,20.0
video73_final.mp4,Parkinson,50,0.01630828484120077,20.0
video73_final.mp4,Parkinson,51,0.02947341432503165,20.0
video73_final.mp4,Parkinson,52,0.007110739803096436,20.0
video73_final.mp4,Parkinson,53,0.00824136314517005,20.0
video73_final.mp4,Parkinson,54,0.006170894003414364,20.0
video73_final.mp4,Parkinson,55,0.002189064553219564,20.0
video73_final.mp4,Parkinson,56,0.014751095436630553,20.0
video73_final.mp4,Parkinson,57,0.008736858839966714,20.0
video73_final.mp4,Parkinson,58,0.007718465769654066,20.0
video73_final.mp4,Parkinson,59,0.005185742131088814,20.0
video73_final.mp4,Parkinson,60,0.005422073277669969,20.0
video73_final.mp4,Parkinson,61,0.008463815746003725,20.0
video73_final.mp4,Parkinson,62,0.00754111903763828,20.0
video73_final.mp4,Parkinson,63,0.007760107755145696,20.0
video73_final.mp4,Parkinson,64,0.00825576924319816,20.0
video73_final.mp4,Parkinson,65,0.011657922868462671,20.0
video73_final.mp4,Parkinson,66,0.011775403197476454,20.0
video73_final.mp4,Parkinson,67,0.010883782797014798,20.0
video73_final.mp4,Parkinson,68,0.007627906831185864,20.0
video73_final.mp4,Parkinson,69,0.0075221913103233826,20.0
video73_final.mp4,Parkinson,70,0.006300455453247345,20.0
video73_final.mp4,Parkinson,71,0.009963401144839163,20.0
video73_final.mp4,Parkinson,72,0.008887144673796803,20.0
video73_final.mp4,Parkinson,73,0.00955382397350475,20.0
video73_final.mp4,Parkinson,74,0.006552114573995882,20.0
video73_final.mp4,Parkinson,75,0.012351390027490052,20.0
video73_final.mp4,Parkinson,76,0.005999784649234845,20.0
video73_final.mp4,Parkinson,77,0.014260622757664002,20.0
video73_final.mp4,Parkinson,78,0.008842219218012001,20.0
video73_final.mp4,Parkinson,79,0.02000831024819905,20.0
video73_final.mp4,Parkinson,80,0.010952504249316352,20.0
video73_final.mp4,Parkinson,81,0.017391856592344632,20.0
video73_final.mp4,Parkinson,82,0.012759097368842376,20.0
video73_final.mp4,Parkinson,83,0.02694937351174326,20.0
video73_final.mp4,Parkinson,84,0.02193212288894421,20.0
video73_final.mp4,Parkinson,85,0.0068526940200816224,20.0
video73_final.mp4,Parkinson,86,0.015786697232747084,20.0
video73_final.mp4,Parkinson,87,0.007488966201333283,20.0
video73_final.mp4,Parkinson,88,0.007601350340995734,20.0
video73_final.mp4,Parkinson,89,0.0054320190822297375,20.0
video73_final.mp4,Parkinson,90,0.010589853552927825,20.0
video73_final.mp4,Parkinson,91,0.007821499952423126,20.0
video73_final.mp4,Parkinson,92,0.003292917183134063,20.0
video73_final.mp4,Parkinson,93,0.006004418942060638,20.0
video73_final.mp4,Parkinson,94,0.009053215064518704,20.0
video73_final.mp4,Parkinson,95,0.011060588295674469,20.0
video73_final.mp4,Parkinson,96,0.009215397050982043,20.0
video73_final.mp4,Parkinson,97,0.005863623295080924,20.0
video73_final.mp4,Parkinson,98,0.007353899153463482,20.0
video73_final.mp4,Parkinson,99,0.0104263014694037,20.0
video73_final.mp4,Parkinson,100,0.014800966317086155,20.0
video75_final.mp4,Parkinson,1,0.0,20.0
video75_final.mp4,Parkinson,2,0.01103880916321849,20.0
video75_final.mp4,Parkinson,3,0.005831423792235883,20.0
video75_final.mp4,Parkinson,4,0.007296760009284908,20.0
video75_final.mp4,Parkinson,5,0.009811043202638032,20.0
video75_final.mp4,Parkinson,6,0.006363551244786053,20.0
video75_final.mp4,Parkinson,7,0.010476680088515386,20.0
video75_final.mp4,Parkinson,8,0.007734750829197092,20.0
video75_final.mp4,Parkinson,9,0.006089434548706782,20.0
video75_final.mp4,Parkinson,10,0.010329642206271484,20.0
video75_final.mp4,Parkinson,11,0.005456016125688895,20.0
video75_final.mp4,Parkinson,12,0.003871465506999905,20.0
video75_final.mp4,Parkinson,13,0.00689620575460032,20.0
video75_final.mp4,Parkinson,14,0.00624557392277527,20.0
video75_final.mp4,Parkinson,15,0.005517044523723027,20.0
video75_final.mp4,Parkinson,16,0.009273849928043419,20.0
video75_final.mp4,Parkinson,17,0.00623906345307336,20.0
video75_final.mp4,Parkinson,18,0.007899160879137508,20.0
video75_final.mp4,Parkinson,19,0.010642413467111244,20.0
video75_final.mp4,Parkinson,20,0.003412288376295137,20.0
video75_final.mp4,Parkinson,21,0.020638812767326552,20.0
video75_final.mp4,Parkinson,22,0.009061988609295555,20.0
video75_final.mp4,Parkinson,23,0.007373269771974819,20.0
video75_final.mp4,Parkinson,24,0.041063746325059526,20.0
video75_final.mp4,Parkinson,25,0.03862164304893682,20.0
video75_final.mp4,Parkinson,26,0.03660295644978642,20.0
video75_final.mp4,Parkinson,27,0.025717567525251648,20.0
video75_final.mp4,Parkinson,28,0.01824650125363337,20.0
video75_final.mp4,Parkinson,29,0.0015211855894927742,20.0
video75_final.mp4,Parkinson,30,0.019891820911313803,20.0
video75_final.mp4,Parkinson,31,0.011012876847851393,20.0
video75_final.mp4,Parkinson,32,0.02556900519300191,20.0
video75_final.mp4,Parkinson,33,0.010121452930319718,20.0
video75_final.mp4,Parkinson,34,0.011019129153030818,20.0
video75_final.mp4,Parkinson,35,0.009604443522127096,20.0
video75_final.mp4,Parkinson,36,0.010258232773529075,20.0
video75_final.mp4,Parkinson,37,0.01911801022524956,20.0
video75_final.mp4,Parkinson,38,0.006633770424768391,20.0
video75_final.mp4,Parkinson,39,0.005289555098065513,20.0
video75_final.mp4,Parkinson,40,0.007836205177169537,20.0
video75_final.mp4,Parkinson,41,0.011376737107036433,20.0
video75_final.mp4,Parkinson,42,0.00775989431034093,20.0
video75_final.mp4,Parkinson,43,0.008283253683246774,20.0
video75_final.mp4,Parkinson,44,0.010009506062998382,20.0
video75_final.mp4,Parkinson,45,0.0030411392874125764,20.0
video75_final.mp4,Parkinson,46,0.0071189510954763535,20.0
video75_final.mp4,Parkinson,47,0.013208580258799568,20.0
video75_final.mp4,Parkinson,48,0.016940996109381334,20.0
video75_final.mp4,Parkinson,49,0.010102616528708348,20.0
video75_final.mp4,Parkinson,50,0.005565434556659219,20.0
video75_final.mp4,Parkinson,51,0.00596674471921544,20.0
video75_final.mp4,Parkinson,52,0.0026490110606762767,20.0
video75_final.mp4,Parkinson,53,0.012251995678147791,20.0
video75_final.mp4,Parkinson,54,0.015562913340223847,20.0
video75_final.mp4,Parkinson,55,0.00436143413742985,20.0
video75_final.mp4,Parkinson,56,0.015466339581524852,20.0
video75_final.mp4,Parkinson,57,0.006314209917016096,20.0
video75_final.mp4,Parkinson,58,0.008531807711086336,20.0
video75_final.mp4,Parkinson,59,0.004594033396631703,20.0
video75_final.mp4,Parkinson,60,0.01570453324763421,20.0
video75_final.mp4,Parkinson,61,0.0076928510289391945,20.0
video75_final.mp4,Parkinson,62,0.0064652169229390604,20.0
video75_final.mp4,Parkinson,63,0.01292664330370089,20.0
video75_final.mp4,Parkinson,64,0.006461105839024729,20.0
video75_final.mp4,Parkinson,65,0.003070985456909183,20.0
video75_final.mp4,Parkinson,66,0.0072208887350812346,20.0
video75_final.mp4,Parkinson,67,0.008608747601569195,20.0
video75_final.mp4,Parkinson,68,0.010364698498367542,20.0
video75_final.mp4,Parkinson,69,0.014836713638783984,20.0
video75_final.mp4,Parkinson,70,0.009748105468639676,20.0
video75_final.mp4,Parkinson,71,0.014283414526256753,20.0
video75_final.mp4,Parkinson,72,0.01630077442630074,20.0
video75_final.mp4,Parkinson,73,0.008789939949928022,20.0
video75_final.mp4,Parkinson,74,0.006869938079180003,20.0
video75_final.mp4,Parkinson,75,0.0023984529581236144,20.0
video75_final.mp4,Parkinson,76,0.004513967123153151,20.0
video75_final.mp4,Parkinson,77,0.0066397101752139346,20.0
video75_final.mp4,Parkinson,78,0.006416837596849132,20.0
video75_final.mp4,Parkinson,79,0.009460961222355922,20.0
video75_final.mp4,Parkinson,80,0.010386489508898143,20.0
video75_final.mp4,Parkinson,81,0.007129756055254128,20.0
video75_final.mp4,Parkinson,82,0.010064196686500831,20.0
video75_final.mp4,Parkinson,83,0.004222044448436223,20.0
video75_final.mp4,Parkinson,84,0.006860983496561807,20.0
video75_final.mp4,Parkinson,85,0.0026186496630009864,20.0
video75_final.mp4,Parkinson,86,0.00852200841737317,20.0
video75_final.mp4,Parkinson,87,0.012123569947714,20.0
video75_final.mp4,Parkinson,88,0.0486838769076961,20.0
video75_final.mp4,Parkinson,89,0.03920295392887908,20.0
video75_final.mp4,Parkinson,90,0.0300680608311345,20.0
video75_final.mp4,Parkinson,91,0.0341214148733566,20.0
video75_final.mp4,Parkinson,92,0.005147450433958323,20.0
video75_final.mp4,Parkinson,93,0.004970678807304736,20.0
video75_final.mp4,Parkinson,94,0.00681928968557561,20.0
video75_final.mp4,Parkinson,95,0.01300804449525547,20.0
video75_final.mp4,Parkinson,96,0.008513285419172319,20.0
video75_final.mp4,Parkinson,97,0.008486146894482766,20.0
video75_final.mp4,Parkinson,98,0.007807447992970818,20.0
video75_final.mp4,Parkinson,99,0.01277384725388987,20.0
video75_final.mp4,Parkinson,100,0.027293980581129904,20.0
video76_final.mp4,Parkinson,1,0.0,20.0
video76_final.mp4,Parkinson,2,0.02229632563921743,20.0
video76_final.mp4,Parkinson,3,0.011151115230977114,20.0
video76_final.mp4,Parkinson,4,0.005533667119117074,20.0
video76_final.mp4,Parkinson,5,0.010980351540962137,20.0
video76_final.mp4,Parkinson,6,0.014113948935893706,20.0
video76_final.mp4,Parkinson,7,0.009929427486274506,20.0
video76_final.mp4,Parkinson,8,0.01157643384268557,20.0
video76_final.mp4,Parkinson,9,0.007725882360586254,20.0
video76_final.mp4,Parkinson,10,0.014960056887567984,20.0
video76_final.mp4,Parkinson,11,0.014843304191925763,20.0
video76_final.mp4,Parkinson,12,0.005525196898047527,20.0
video76_final.mp4,Parkinson,13,0.0038747563748751934,20.0
video76_final.mp4,Parkinson,14,0.005591098957050005,20.0
video76_final.mp4,Parkinson,15,0.006707632353222804,20.0
video76_final.mp4,Parkinson,16,0.005343836562330181,20.0
video76_final.mp4,Parkinson,17,0.00792056239262973,20.0
video76_final.mp4,Parkinson,18,0.005377657173418331,20.0
video76_final.mp4,Parkinson,19,0.011353090154796006,20.0
video76_final.mp4,Parkinson,20,0.0028535075537407806,20.0
video76_final.mp4,Parkinson,21,0.009101123976889518,20.0
video76_final.mp4,Parkinson,22,0.010435888082388083,20.0
video76_final.mp4,Parkinson,23,0.0010458624022588972,20.0
video76_final.mp4,Parkinson,24,0.014918273469152187,20.0
video76_final.mp4,Parkinson,25,0.009163613333647392,20.0
video76_final.mp4,Parkinson,26,0.00957126936790966,20.0
video76_final.mp4,Parkinson,27,0.003491345257437835,20.0
video76_final.mp4,Parkinson,28,0.013325364266116144,20.0
video76_final.mp4,Parkinson,29,0.004087343859489812,20.0
video76_final.mp4,Parkinson,30,0.0056090440016894625,20.0
video76_final.mp4,Parkinson,31,0.010822126324613336,20.0
video76_final.mp4,Parkinson,32,0.004899416119672707,20.0
video76_final.mp4,Parkinson,33,0.007405946698763748,20.0
video76_final.mp4,Parkinson,34,0.023522044689258868,20.0
video76_final.mp4,Parkinson,35,0.007692204500163111,20.0
video76_final.mp4,Parkinson,36,0.010406879504014904,20.0
video76_final.mp4,Parkinson,37,0.01945644798119618,20.0
video76_final.mp4,Parkinson,38,0.013063413382865015,20.0
video76_final.mp4,Parkinson,39,0.007971756736797184,20.0
video76_final.mp4,Parkinson,40,0.0034383621638066114,20.0
video76_final.mp4,Parkinson,41,0.003141367646325619,20.0
video76_final.mp4,Parkinson,42,0.006552468915247929,20.0
video76_final.mp4,Parkinson,43,0.006010445480193018,20.0
video76_final.mp4,Parkinson,44,0.0027166786061122486,20.0
video76_final.mp4,Parkinson,45,0.005381329221736237,20.0
video76_final.mp4,Parkinson,46,0.0052180938178022045,20.0
video76_final.mp4,Parkinson,47,0.002251715564743064,20.0
video76_final.mp4,Parkinson,48,0.003245870105624197,20.0
video76_final.mp4,Parkinson,49,0.011807213590460873,20.0
video76_final.mp4,Parkinson,50,0.006530427307055702,20.0
video76_final.mp4,Parkinson,51,0.012231563932920525,20.0
video76_final.mp4,Parkinson,52,0.01802002942267181,20.0
video76_final.mp4,Parkinson,53,0.011931110872095864,20.0
video76_final.mp4,Parkinson,54,0.01657477653771303,20.0
video76_final.mp4,Parkinson,55,0.013208434904766907,20.0
video76_final.mp4,Parkinson,56,0.0042648676673509075,20.0
video76_final.mp4,Parkinson,57,0.016838806252426716,20.0
video76_final.mp4,Parkinson,58,0.01530114435183296,20.0
video76_final.mp4,Parkinson,59,0.007072567793508822,20.0
video76_final.mp4,Parkinson,60,0.007620163391875454,20.0
video76_final.mp4,Parkinson,61,0.009776493879989601,20.0
video76_final.mp4,Parkinson,62,0.011737673658481669,20.0
video76_final.mp4,Parkinson,63,0.0034310178026286833,20.0
video76_final.mp4,Parkinson,64,0.008146209413758114,20.0
video76_final.mp4,Parkinson,65,0.007556244780613467,20.0
video76_final.mp4,Parkinson,66,0.009012379311246389,20.0
video76_final.mp4,Parkinson,67,0.008964722728121701,20.0
video76_final.mp4,Parkinson,68,0.010440495471518296,20.0
video76_final.mp4,Parkinson,69,0.0067040735233842305,20.0
video76_final.mp4,Parkinson,70,0.0037852556730672833,20.0
video76_final.mp4,Parkinson,71,0.009907098723220466,20.0
video76_final.mp4,Parkinson,72,0.005667489654967135,20.0
video76_final.mp4,Parkinson,73,0.009555962033295893,20.0
video76_final.mp4,Parkinson,74,0.007480044777204289,20.0
video76_final.mp4,Parkinson,75,0.009485178476760102,20.0
video76_final.mp4,Parkinson,76,0.006960195928604373,20.0
video76_final.mp4,Parkinson,77,0.013920413290015261,20.0
video76_final.mp4,Parkinson,78,0.01584269101186651,20.0
video76_final.mp4,Parkinson,79,0.01555684722900313,20.0
video76_final.mp4,Parkinson,80,0.012122614954900496,20.0
video76_final.mp4,Parkinson,81,0.004481403365878967,20.0
video76_final.mp4,Parkinson,82,0.0049281535395046695,20.0
video76_final.mp4,Parkinson,83,0.004376018844274023,20.0
video76_final.mp4,Parkinson,84,0.010135236296011076,20.0
video76_final.mp4,Parkinson,85,0.01682580484495262,20.0
video76_final.mp4,Parkinson,86,0.008955982827490732,20.0
video76_final.mp4,Parkinson,87,0.008537915026546617,20.0
video76_final.mp4,Parkinson,88,0.011184704223173142,20.0
video76_final.mp4,Parkinson,89,0.004131668104360849,20.0
video76_final.mp4,Parkinson,90,0.005231950658292752,20.0
video76_final.mp4,Parkinson,91,0.015471603022004168,20.0
video76_final.mp4,Parkinson,92,0.009145011316646377,20.0
video76_final.mp4,Parkinson,93,0.009191708750607505,20.0
video76_final.mp4,Parkinson,94,0.004959067874222162,20.0
video76_final.mp4,Parkinson,95,0.014514474723799825,20.0
video76_final.mp4,Parkinson,96,0.013242693433094628,20.0
video76_final.mp4,Parkinson,97,0.010508460137627214,20.0
video76_final.mp4,Parkinson,98,0.010771537606927199,20.0
video76_final.mp4,Parkinson,99,0.005604047752260899,20.0
video76_final.mp4,Parkinson,100,0.011681501397881816,20.0
video77_final.mp4,Parkinson,1,0.0,20.0
video77_final.mp4,Parkinson,2,0.017577690043144082,20.0
video77_final.mp4,Parkinson,3,0.01433074961678691,20.0
video77_final.mp4,Parkinson,4,0.0046270094615371606,20.0
video77_final.mp4,Parkinson,5,0.00982624816889626,20.0
video77_final.mp4,Parkinson,6,0.006302761850994563,20.0
video77_final.mp4,Parkinson,7,0.011055476422681091,20.0
video77_final.mp4,Parkinson,8,0.019589907114807414,20.0
video77_final.mp4,Parkinson,9,0.0050941649283798756,20.0
video77_final.mp4,Parkinson,10,0.008696665627652063,20.0
video77_final.mp4,Parkinson,11,0.0062485300622388005,20.0
video77_final.mp4,Parkinson,12,0.0056797156995459,20.0
video77_final.mp4,Parkinson,13,0.011503768928486287,20.0
video77_final.mp4,Parkinson,14,0.0046254098534692254,20.0
video77_final.mp4,Parkinson,15,0.011725100220767615,20.0
video77_final.mp4,Parkinson,16,0.004794833096181532,20.0
video77_final.mp4,Parkinson,17,0.005590484250956277,20.0
video77_final.mp4,Parkinson,18,0.009707189243197382,20.0
video77_final.mp4,Parkinson,19,0.00903417845891573,20.0
video77_final.mp4,Parkinson,20,0.005168724345338267,20.0
video77_final.mp4,Parkinson,21,0.006439527475681494,20.0
video77_final.mp4,Parkinson,22,0.0019983193836583964,20.0
video77_final.mp4,Parkinson,23,0.008594607179140202,20.0
video77_final.mp4,Parkinson,24,0.004411426452782394,20.0
video77_final.mp4,Parkinson,25,0.006991751196638002,20.0
video77_final.mp4,Parkinson,26,0.008859458749942133,20.0
video77_final.mp4,Parkinson,27,0.011334690940672706,20.0
video77_final.mp4,Parkinson,28,0.002459098295403007,20.0
video77_final.mp4,Parkinson,29,0.006104580144930015,20.0
video77_final.mp4,Parkinson,30,0.006819578413672824,20.0
video77_final.mp4,Parkinson,31,0.0026372741624625987,20.0
video77_final.mp4,Parkinson,32,0.008113899683142241,20.0
video77_final.mp4,Parkinson,33,0.00561982467979513,20.0
video77_final.mp4,Parkinson,34,0.00457342734842744,20.0
video77_final.mp4,Parkinson,35,0.016530399604135135,20.0
video77_final.mp4,Parkinson,36,0.007022233268107743,20.0
video77_final.mp4,Parkinson,37,0.01473688263675388,20.0
video77_final.mp4,Parkinson,38,0.008448925582515025,20.0
video77_final.mp4,Parkinson,39,0.007444131221677583,20.0
video77_final.mp4,Parkinson,40,0.009864107105102696,20.0
video77_final.mp4,Parkinson,41,0.005932592928370512,20.0
video77_final.mp4,Parkinson,42,0.007724450754586556,20.0
video77_final.mp4,Parkinson,43,0.015013509556503357,20.0
video77_final.mp4,Parkinson,44,0.008636050518044497,20.0
video77_final.mp4,Parkinson,45,0.009275024202096735,20.0
video77_final.mp4,Parkinson,46,0.01139203065448901,20.0
video77_final.mp4,Parkinson,47,0.011954884628884298,20.0
video77_final.mp4,Parkinson,48,0.009794854963320275,20.0
video77_final.mp4,Parkinson,49,0.02254500918442812,20.0
video77_final.mp4,Parkinson,50,0.0059451984379582335,20.0
video77_final.mp4,Parkinson,51,0.007827536933789975,20.0
video77_final.mp4,Parkinson,52,0.011990677952607276,20.0
video77_final.mp4,Parkinson,53,0.008243077923601277,20.0
video77_final.mp4,Parkinson,54,0.0191878535117917,20.0
video77_final.mp4,Parkinson,55,0.011678442723898725,20.0
video77_final.mp4,Parkinson,56,0.01286387648278856,20.0
video77_final.mp4,Parkinson,57,0.007384246371733173,20.0
video77_final.mp4,Parkinson,58,0.00666036447882238,20.0
video77_final.mp4,Parkinson,59,0.009739025974888653,20.0
video77_final.mp4,Parkinson,60,0.006457767589773656,20.0
video77_final.mp4,Parkinson,61,0.012403857352089398,20.0
video77_final.mp4,Parkinson,62,0.012126712474978103,20.0
video77_final.mp4,Parkinson,63,0.006273125361220803,20.0
video77_final.mp4,Parkinson,64,0.008272895858499272,20.0
video77_final.mp4,Parkinson,65,0.01329312941142642,20.0
video77_final.mp4,Parkinson,66,0.019293668158105556,20.0
video77_final.mp4,Parkinson,67,0.014274613200356015,20.0
video77_final.mp4,Parkinson,68,0.0038649025085327102,20.0
video77_final.mp4,Parkinson,69,0.007162058034775717,20.0
video77_final.mp4,Parkinson,70,0.024388795361805434,20.0
video77_final.mp4,Parkinson,71,0.003314943167563435,20.0
video77_final.mp4,Parkinson,72,0.0018672180621168383,20.0
video77_final.mp4,Parkinson,73,0.011316080379215636,20.0
video77_final.mp4,Parkinson,74,0.0043838141108255005,20.0
video77_final.mp4,Parkinson,75,0.010230195699523565,20.0
video77_final.mp4,Parkinson,76,0.004309972715769989,20.0
video77_final.mp4,Parkinson,77,0.008884904536541739,20.0
video77_final.mp4,Parkinson,78,0.008571147654111435,20.0
video77_final.mp4,Parkinson,79,0.005992798557058087,20.0
video77_final.mp4,Parkinson,80,0.008657358183019005,20.0
video77_final.mp4,Parkinson,81,0.012563221563262608,20.0
video77_final.mp4,Parkinson,82,0.004118287839735704,20.0
video77_final.mp4,Parkinson,83,0.008667455943341463,20.0
video77_final.mp4,Parkinson,84,0.00960100838675246,20.0
video77_final.mp4,Parkinson,85,0.00851543749971947,20.0
video77_final.mp4,Parkinson,86,0.0030909491840122347,20.0
video77_final.mp4,Parkinson,87,0.012098325042716912,20.0
video77_final.mp4,Parkinson,88,0.012546188855471088,20.0
video77_final.mp4,Parkinson,89,0.007229756199141855,20.0
video77_final.mp4,Parkinson,90,0.004350199810320004,20.0
video77_final.mp4,Parkinson,91,0.003596806441108024,20.0
video77_final.mp4,Parkinson,92,0.010507346384089733,20.0
video77_final.mp4,Parkinson,93,0.011196056190709276,20.0
video77_final.mp4,Parkinson,94,0.01951135373716543,20.0
video77_final.mp4,Parkinson,95,0.0064127451621202106,20.0
video77_final.mp4,Parkinson,96,0.005951627428529525,20.0
video77_final.mp4,Parkinson,97,0.006966040516855935,20.0
video77_final.mp4,Parkinson,98,0.006994764274537032,20.0
video77_final.mp4,Parkinson,99,0.004193254232645812,20.0
video77_final.mp4,Parkinson,100,0.006515624720139421,20.0
video93_final.mp4,Parkinson,1,0.0,20.0
video93_final.mp4,Parkinson,2,0.038666236251572554,20.0
video93_final.mp4,Parkinson,3,0.015530850733970899,20.0
video93_final.mp4,Parkinson,4,0.01917872349929005,20.0
video93_final.mp4,Parkinson,5,0.011019488916717009,20.0
video93_final.mp4,Parkinson,6,0.010557526199153863,20.0
video93_final.mp4,Parkinson,7,0.00605090903370738,20.0
video93_final.mp4,Parkinson,8,0.0025511516209505264,20.0
video93_final.mp4,Parkinson,9,0.0036919360527128526,20.0
video93_final.mp4,Parkinson,10,0.009622759417340586,20.0
video93_final.mp4,Parkinson,11,0.017222686011683388,20.0
video93_final.mp4,Parkinson,12,0.01590544153166753,20.0
video93_final.mp4,Parkinson,13,0.006663067481745097,20.0
video93_final.mp4,Parkinson,14,0.016645601882334615,20.0
video93_final.mp4,Parkinson,15,0.015159122350790989,20.0
video93_final.mp4,Parkinson,16,0.02017476961092071,20.0
video93_final.mp4,Parkinson,17,0.012918275553914213,20.0
video93_final.mp4,Parkinson,18,0.015796286241249992,20.0
video93_final.mp4,Parkinson,19,0.006703712083373281,20.0
video93_final.mp4,Parkinson,20,0.008377225135071843,20.0
video93_final.mp4,Parkinson,21,0.0014380423550888763,20.0
video93_final.mp4,Parkinson,22,0.009434603169899906,20.0
video93_final.mp4,Parkinson,23,0.0026411728065125757,20.0
video93_final.mp4,Parkinson,24,0.01121041256123266,20.0
video93_final.mp4,Parkinson,25,0.009766839324542063,20.0
video93_final.mp4,Parkinson,26,0.01110989759736031,20.0
video93_final.mp4,Parkinson,27,0.006787036222501791,20.0
video93_final.mp4,Parkinson,28,0.013295877588915003,20.0
video93_final.mp4,Parkinson,29,0.008575479844552323,20.0
video93_final.mp4,Parkinson,30,0.010429520049734018,20.0
video93_final.mp4,Parkinson,31,0.015700098220170784,20.0
video93_final.mp4,Parkinson,32,0.006752161838382727,20.0
video93_final.mp4,Parkinson,33,0.011760927483874015,20.0
video93_final.mp4,Parkinson,34,0.0076695665021482866,20.0
video93_final.mp4,Parkinson,35,0.008704205892849811,20.0
video93_final.mp4,Parkinson,36,0.009960952938669011,20.0
video93_final.mp4,Parkinson,37,0.005615612822558194,20.0
video93_final.mp4,Parkinson,38,0.01292248598003494,20.0
video93_final.mp4,Parkinson,39,0.02015681032796943,20.0
video93_final.mp4,Parkinson,40,0.0283049991659718,20.0
video93_final.mp4,Parkinson,41,0.018309383131193086,20.0
video93_final.mp4,Parkinson,42,0.005498698369927751,20.0
video93_final.mp4,Parkinson,43,0.0014554206500966551,20.0
video93_final.mp4,Parkinson,44,0.015294363137723546,20.0
video93_final.mp4,Parkinson,45,0.010909717061146554,20.0
video93_final.mp4,Parkinson,46,0.018138511380508114,20.0
video93_final.mp4,Parkinson,47,0.010333815862121223,20.0
video93_final.mp4,Parkinson,48,0.019056960773862864,20.0
video93_final.mp4,Parkinson,49,0.014934725386002374,20.0
video93_final.mp4,Parkinson,50,0.005196756590146395,20.0
video93_final.mp4,Parkinson,51,0.0059108583528777745,20.0
video93_final.mp4,Parkinson,52,0.012592664063661945,20.0
video93_final.mp4,Parkinson,53,0.005412543514644791,20.0
video93_final.mp4,Parkinson,54,0.004759229401644415,20.0
video93_final.mp4,Parkinson,55,0.0067514111019638815,20.0
video93_final.mp4,Parkinson,56,0.0038875747603305737,20.0
video93_final.mp4,Parkinson,57,0.0035758779311460937,20.0
video93_final.mp4,Parkinson,58,0.0033680175364747753,20.0
video93_final.mp4,Parkinson,59,0.00303143614408344,20.0
video93_final.mp4,Parkinson,60,0.007859798574659337,20.0
video93_final.mp4,Parkinson,61,0.0074223907263196685,20.0
video93_final.mp4,Parkinson,62,0.0033953544736325266,20.0
video93_final.mp4,Parkinson,63,0.010994572265896105,20.0
video93_final.mp4,Parkinson,64,0.0038190825922671985,20.0
video93_final.mp4,Parkinson,65,0.008426821742721835,20.0
video93_final.mp4,Parkinson,66,0.010507035547543843,20.0
video93_final.mp4,Parkinson,67,0.005537155589751809,20.0
video93_final.mp4,Parkinson,68,0.014536210741129962,20.0
video93_final.mp4,Parkinson,69,0.0026549201076046997,20.0
video93_final.mp4,Parkinson,70,0.008677052055477821,20.0
video93_final.mp4,Parkinson,71,0.0064290703035451814,20.0
video93_final.mp4,Parkinson,72,0.005739241770125257,20.0
video93_final.mp4,Parkinson,73,0.006032437330231423,20.0
video93_final.mp4,Parkinson,74,0.0037358581205645456,20.0
video93_final.mp4,Parkinson,75,0.0030096716157222733,20.0
video93_final.mp4,Parkinson,76,0.00481741295340024,20.0
video93_final.mp4,Parkinson,77,0.0040283519618034315,20.0
video93_final.mp4,Parkinson,78,0.004663131982768777,20.0
video93_final.mp4,Parkinson,79,0.006756010404864358,20.0
video93_final.mp4,Parkinson,80,0.006553345494818325,20.0
video93_final.mp4,Parkinson,81,0.0027419410183487183,20.0
video93_final.mp4,Parkinson,82,0.007866669018109163,20.0
video93_final.mp4,Parkinson,83,0.0032763261785001808,20.0
video93_final.mp4,Parkinson,84,0.005725522560862905,20.0
video93_final.mp4,Parkinson,85,0.010398664779174968,20.0
video93_final.mp4,Parkinson,86,0.007534570053610588,20.0
video93_final.mp4,Parkinson,87,0.0096971623790353,20.0
video93_final.mp4,Parkinson,88,0.016919105693761996,20.0
video93_final.mp4,Parkinson,89,0.012406635064738316,20.0
video93_final.mp4,Parkinson,90,0.007357856822973601,20.0
video93_final.mp4,Parkinson,91,0.011416726883094521,20.0
video93_final.mp4,Parkinson,92,0.014856656654840364,20.0
video93_final.mp4,Parkinson,93,0.011587122075313254,20.0
video93_final.mp4,Parkinson,94,0.015293937831874707,20.0
video93_final.mp4,Parkinson,95,0.022396262335186667,20.0
video93_final.mp4,Parkinson,96,0.008806055228427149,20.0
video93_final.mp4,Parkinson,97,0.016792401965792045,20.0
video93_final.mp4,Parkinson,98,0.007784596774416757,20.0
video93_final.mp4,Parkinson,99,0.004622423587350692,20.0
video93_final.mp4,Parkinson,100,0.012480443613001437,20.0
video95_final.mp4,Parkinson,1,0.0,20.0
video95_final.mp4,Parkinson,2,0.02816011460856929,20.0
video95_final.mp4,Parkinson,3,0.0128720547344399,20.0
video95_final.mp4,Parkinson,4,0.014967770140558197,20.0
video95_final.mp4,Parkinson,5,0.0022683910133308497,20.0
video95_final.mp4,Parkinson,6,0.004670215393840699,20.0
video95_final.mp4,Parkinson,7,0.004149341927930046,20.0
video95_final.mp4,Parkinson,8,0.005043213747404196,20.0
video95_final.mp4,Parkinson,9,0.006665832215610735,20.0
video95_final.mp4,Parkinson,10,0.005548289800358937,20.0
video95_final.mp4,Parkinson,11,0.01205438146019877,20.0
video95_final.mp4,Parkinson,12,0.008839163824166682,20.0
video95_final.mp4,Parkinson,13,0.0068505156360962605,20.0
video95_final.mp4,Parkinson,14,0.01163526096334043,20.0
video95_final.mp4,Parkinson,15,0.003675171506970045,20.0
video95_final.mp4,Parkinson,16,0.02467556020002333,20.0
video95_final.mp4,Parkinson,17,0.022101643613704997,20.0
video95_final.mp4,Parkinson,18,0.047694015616932456,20.0
video95_final.mp4,Parkinson,19,0.03653607636917846,20.0
video95_final.mp4,Parkinson,20,0.066231870857977,20.0
video95_final.mp4,Parkinson,21,0.04943037656834637,20.0
video95_final.mp4,Parkinson,22,0.05012562679093366,20.0
video95_final.mp4,Parkinson,23,0.021646909212381982,20.0
video95_final.mp4,Parkinson,24,0.0449320135597193,20.0
video95_final.mp4,Parkinson,25,0.02664900277450841,20.0
video95_final.mp4,Parkinson,26,0.036261801840830644,20.0
video95_final.mp4,Parkinson,27,0.02660653610421999,20.0
video95_final.mp4,Parkinson,28,0.031307207319617884,20.0
video95_final.mp4,Parkinson,29,0.020666414604621496,20.0
video95_final.mp4,Parkinson,30,0.020067444278664633,20.0
video95_final.mp4,Parkinson,31,0.011360338710462698,20.0
video95_final.mp4,Parkinson,32,0.010502799677643863,20.0
video95_final.mp4,Parkinson,33,0.014878388155085657,20.0
video95_final.mp4,Parkinson,34,0.01008607106295646,20.0
video95_final.mp4,Parkinson,35,0.011496350220589162,20.0
video95_final.mp4,Parkinson,36,0.022613042306374908,20.0
video95_final.mp4,Parkinson,37,0.02094975884032362,20.0
video95_final.mp4,Parkinson,38,0.04893658336400023,20.0
video95_final.mp4,Parkinson,39,0.022956737450005444,20.0
video95_final.mp4,Parkinson,40,0.05902217201553728,20.0
video95_final.mp4,Parkinson,41,0.03097871496934417,20.0
video95_final.mp4,Parkinson,42,0.04613136484459772,20.0
video95_final.mp4,Parkinson,43,0.03722119539328823,20.0
video95_final.mp4,Parkinson,44,0.04691735738411104,20.0
video95_final.mp4,Parkinson,45,0.021846585204052072,20.0
video95_final.mp4,Parkinson,46,0.02802008965156688,20.0
video95_final.mp4,Parkinson,47,0.028937285542778305,20.0
video95_final.mp4,Parkinson,48,0.014363072104181973,20.0
video95_final.mp4,Parkinson,49,0.006409389372540867,20.0
video95_final.mp4,Parkinson,50,0.019165845872646768,20.0
video95_final.mp4,Parkinson,51,0.01538381913535311,20.0
video95_final.mp4,Parkinson,52,0.00587847630470769,20.0
video95_final.mp4,Parkinson,53,0.011396775930695664,20.0
video95_final.mp4,Parkinson,54,0.03598014274326334,20.0
video95_final.mp4,Parkinson,55,0.01823563014186741,20.0
video95_final.mp4,Parkinson,56,0.03587690154884032,20.0
video95_final.mp4,Parkinson,57,0.054543234524471074,20.0
video95_final.mp4,Parkinson,58,0.06795294011002305,20.0
video95_final.mp4,Parkinson,59,0.043940169736766385,20.0
video95_final.mp4,Parkinson,60,0.05057929918117367,20.0
video95_final.mp4,Parkinson,61,0.02720204181124018,20.0
video95_final.mp4,Parkinson,62,0.028780452056931183,20.0
video95_final.mp4,Parkinson,63,0.011148536717828157,20.0
video95_final.mp4,Parkinson,64,0.024861120492449727,20.0
video95_final.mp4,Parkinson,65,0.01855093798596272,20.0
video95_final.mp4,Parkinson,66,0.055601185886635984,20.0
video95_final.mp4,Parkinson,67,0.046715917031530184,20.0
video95_final.mp4,Parkinson,68,0.06362647311190113,20.0
video95_final.mp4,Parkinson,69,0.03295414470577019,20.0
video95_final.mp4,Parkinson,70,0.07665923289282749,20.0
video95_final.mp4,Parkinson,71,0.04182837415256968,20.0
video95_final.mp4,Parkinson,72,0.05270346620405245,20.0
video95_final.mp4,Parkinson,73,0.041067938406970976,20.0
video95_final.mp4,Parkinson,74,0.06778591932773109,20.0
video95_final.mp4,Parkinson,75,0.04296870013237267,20.0
video95_final.mp4,Parkinson,76,0.04283700821462963,20.0
video95_final.mp4,Parkinson,77,0.017212696059602173,20.0
video95_final.mp4,Parkinson,78,0.01652040733289147,20.0
video95_final.mp4,Parkinson,79,0.019481640714360753,20.0
video95_final.mp4,Parkinson,80,0.018322892520687924,20.0
video95_final.mp4,Parkinson,81,0.02086025063313292,20.0
video95_final.mp4,Parkinson,82,0.030235485952530144,20.0
video95_final.mp4,Parkinson,83,0.020772908382797717,20.0
video95_final.mp4,Parkinson,84,0.010272729015642175,20.0
video95_final.mp4,Parkinson,85,0.02727791612301274,20.0
video95_final.mp4,Parkinson,86,0.04415065771533045,20.0
video95_final.mp4,Parkinson,87,0.017498537618772642,20.0
video95_final.mp4,Parkinson,88,0.03519901645358869,20.0
video95_final.mp4,Parkinson,89,0.011562044704864218,20.0
video95_final.mp4,Parkinson,90,0.02614730946344235,20.0
video95_final.mp4,Parkinson,91,0.008456685614670596,20.0
video95_final.mp4,Parkinson,92,0.02871130841713807,20.0
video95_final.mp4,Parkinson,93,0.020502966307953382,20.0
video95_final.mp4,Parkinson,94,0.02862761235803118,20.0
video95_final.mp4,Parkinson,95,0.004062687608328783,20.0
video95_final.mp4,Parkinson,96,0.05028658584731068,20.0
video95_final.mp4,Parkinson,97,0.03312104964607293,20.0
video95_final.mp4,Parkinson,98,0.05896740592861087,20.0
video95_final.mp4,Parkinson,99,0.03656926418467429,20.0
video95_final.mp4,Parkinson,100,0.05974726484034496,20.0
