Brow micro-expression variance mean,Brow micro-expression rapid changes count,Brow velocity (std),Right brow raise (mean),Left brow raise (mean),Left brow raise (std),Inner brow raise (mean),Inner brow raise (std),Brow asymmetry (mean),Temporal brow asymmetry variance,Brow frequency mean,Brow peak frequency,Brow Left surface vector magnitude mean,Brow Left surface variance (current),Brow Left surface variance std,Brow Left surface variance min,Brow Left surface variance max,Brow Left surface dominant angle mean,Brow Left surface dominant angle std,Brow Right surface vector magnitude mean,Brow Right surface variance (current),Brow Right surface variance mean,Brow Right surface variance min,Brow Right surface dominant angle mean,Brow Right surface dominant angle std,Cheek puff micro-expression variance mean,Cheek puff rapid changes count,Cheek raise (mean),Cheek velocity (mean),Cheek velocity (std),Cheek frequency mean,Cheek asymmetry (mean),Cheek Left surface vector magnitude mean,Cheek Left surface variance (current),Cheek Left surface variance mean,Cheek Left surface variance std,Cheek Left surface variance min,Cheek Left surface variance max,Cheek Left surface dominant angle mean,Cheek Left surface dominant angle std,Cheek Right surface vector magnitude mean,Cheek Right surface variance (current),Cheek Right surface variance mean,Cheek Right surface variance min,Cheek Right surface variance max,Cheek Right surface dominant angle mean,Cheek Right surface dominant angle std,Eye widening rapid changes count,Eye ratio (mean),Eye ratio (std),Blink rate,Eye squint velocity (mean),Eye squint velocity (std),Eye Left surface vector magnitude mean,Eye Left surface variance (current),Eye Left surface variance std,Eye Left surface variance min,Eye Left surface variance max,Eye Left surface dominant angle mean,Eye Right surface variance (current),Eye Right surface variance mean,Eye Right surface variance std,Eye Right surface variance min,Eye Right surface variance max,Eye Right surface dominant angle mean,Jaw opening (mean),Jaw opening (std),Jaw opening (min),Jaw velocity (mean),Jaw velocity (std),Jaw asymmetry (mean),Jaw asymmetry (max),Jaw rapid changes count,Jaw frequency mean,Jaw peak frequency,Jaw Left surface variance (current),Jaw Left surface variance min,Jaw Left surface dominant angle mean,Jaw Left surface dominant angle std,Jaw Right surface vector magnitude mean,Jaw Right surface variance (current),Jaw Right surface variance std,Jaw Right surface variance min,Jaw Right surface variance max,Jaw Right surface dominant angle mean,Jaw Right surface dominant angle std,Lip micro-expression rapid changes count,Lip opening (mean),Lip opening (min),Lip opening (max),Lip velocity (std),Lip significant movements count,Lip frequency mean,Lip peak frequency,Lip corner asymmetry (mean),Lip corner asymmetry (max),Lip Left surface vector magnitude mean,Lip Left surface variance (current),Lip Left surface variance mean,Lip Left surface variance std,Lip Left surface variance min,Lip Left surface variance max,Lip Left surface dominant angle mean,Lip Left surface dominant angle std,Lip Right surface variance (current),Lip Right surface variance min,Lip Right surface dominant angle mean,Lip Right surface dominant angle std,Mouth micro-expression rapid changes count,Mouth opening (mean),Mouth opening (min),Mouth opening (max),Mouth velocity (std),Mouth significant movements count,Mouth frequency mean,Mouth peak frequency,Mouth corner asymmetry (mean),Mouth corner asymmetry (max),Mouth Left surface vector magnitude mean,Mouth Left surface variance (current),Mouth Left surface variance mean,Mouth Left surface variance min,Mouth Left surface variance max,Mouth Left surface dominant angle mean,Mouth Left surface dominant angle std,Mouth Right surface vector magnitude mean,Mouth Right surface variance (current),Mouth Right surface variance std,Mouth Right surface variance min,Mouth Right surface dominant angle mean,Mouth Right surface dominant angle std
0.0,0,0.0,0.0,0.0,0.0,0.0,0.0,0.10513158509415144,0.0,0.0,0.0,0.0,0.0,0.0,0.0,0.0,0.0,0.0,0.0,0.0,0.0,0.0,0.0,0.0,0.0,0,0.0,0.0,0.0,0.0,1.1438948064684675,0.0,0.0,0.0,0.0,0.0,0.0,0.0,0.0,0.0,0.0,0.0,0.0,0.0,0.0,0.0,0,0.0,0.0,0.0,0.0,0.0,0.0,0.0,0.0,0.0,0.0,0.0,0.0,0.0,0.0,0.0,0.0,0.0,0.0,0.0,0.0,0.0,0.0,0.0,0.0,0,0.0,0.0,0.0,0.0,0.0,0.0,0.0,0.0,0.0,0.0,0.0,0.0,0.0,0,0.0,0.0,0.0,0.0,0,0.0,0.0,0.0,0.0,0.0,0.0,0.0,0.0,0.0,0.0,0.0,0.0,0.0,0.0,0.0,0.0,0,0.0,0.0,0.0,0.0,0,0.0,0.0,0.0,0.0,0.0,0.0,0.0,0.0,0.0,0.0,0.0,0.0,0.0,0.0,0.0,0.0,0.0
6.643647104779692e-05,0,0.008150857074430695,0.7345305615483355,0.6402759481933937,0.0027123712048258697,0.6060152271853929,0.006951432702202387,0.08337764161573213,0.00011830851421556543,0.0,0.0,0.02251588138373281,3.599875302843026e-05,1.799937651421513e-05,0.0,3.599875302843026e-05,1.02038002768242,1.02038002768242,0.04472697834833192,4.7056250221072266e-06,2.3528125110536133e-06,0.0,0.9467900218966316,0.9467900218966316,6.867501864087868e-09,0,-0.5411662956740833,8.287039196291923e-05,8.287039196291923e-05,0.0,1.1422288423467177,0.005822479223908715,9.221822997189424e-06,4.610911498594712e-06,4.610911498594712e-06,0.0,9.221822997189424e-06,-0.9803782663104827,0.9803782663104827,0.007508872644881165,5.431233919360305e-06,2.7156169596801523e-06,0.0,5.431233919360305e-06,-1.3932695236785722,1.3932695236785722,0,0.11829008976735186,0.048709771000735896,0.5,0.04870977100073589,0.04870977100073589,0.02195574682042918,2.36378339673799e-05,1.181891698368995e-05,0.0,2.36378339673799e-05,0.9336133616445526,7.65443143810056e-05,3.82721571905028e-05,3.82721571905028e-05,0.0,7.65443143810056e-05,0.9263261200195545,0.27627611972470795,0.03611418781721866,0.24016193190748927,0.03611418781721866,0.03611418781721866,0.8238064218098797,0.8238064218098797,0,0.0,0.0,9.878833819093302e-07,0.0,1.3092386258753694,1.3092386258753694,0.011149790603890456,1.9313854327411546e-06,9.656927163705773e-07,0.0,1.9313854327411546e-06,1.4680265968448207,1.4680265968448207,0,0.039801621241298504,0.02571273350350238,0.05389050897909463,0.014088887737796124,1,0.0,0.0,0.00884646415399637,0.00884646415399637,0.04934089742378517,0.00017976909174967972,8.988454587483986e-05,8.988454587483986e-05,0.0,0.00017976909174967972,-1.2900621006130515,1.2900621006130515,0.00011950126462417581,0.0,-1.32826569700219,1.32826569700219,0,0.039801621241298504,0.02571273350350238,0.05389050897909463,0.014088887737796124,1,0.0,0.0,0.00884646415399637,0.00884646415399637,0.05093203678791919,0.0001607753882676737,8.038769413383685e-05,0.0,0.0001607753882676737,-1.332758575430651,1.332758575430651,0.03298337790165861,0.00013477535646424116,6.738767823212058e-05,0.0,-1.3394745255011635,1.3394745255011635
4.748945850873899e-05,1,0.006891259573455276,0.7329495691375496,0.6393277202459634,0.002588998039606856,0.6055774482469205,0.0057094872980656165,0.09235631996487492,7.96731245425484e-05,0.0,0.0,0.006904307495711097,7.984766466996196e-07,1.6784937830975673e-05,0.0,3.599875302843026e-05,0.6811354132152574,0.9614004112848775,0.018781502684200844,2.792052513075945e-06,2.4992258450610573e-06,0.0,-0.24911957174786936,1.859571745335628,1.0886814458322895e-06,0,-0.541902537180403,0.000819111898282765,0.00104339898688483,0.0,1.1620831984060782,0.021588195977970112,1.626847546182297e-05,8.496766153004132e-06,6.661336404128878e-06,0.0,1.626847546182297e-05,-0.25482226448662315,1.3013931203142326,0.019046208844671408,3.9128170705252744e-05,1.4853134874871017e-05,0.0,3.9128170705252744e-05,-0.7556503194374966,1.4516369414015757,1,0.10271576406904576,0.04546295674366759,0.6666666666666666,0.03313544530242978,0.04546295674366759,0.002362950358663578,4.292942890196947e-07,1.1043186950725289e-05,0.0,2.36378339673799e-05,1.0361848279185606,2.130014486733385e-06,2.6224776289246326e-05,3.559191083897606e-05,0.0,7.65443143810056e-05,-0.13900314353538748,0.27333379121418916,0.029779259593311805,0.24016193190748927,0.03905651632773744,0.02977925959331181,0.8217152374553329,0.8217152374553329,1,0.0,0.0,6.288710472539785e-07,0.0,1.0845452191003453,1.115218113383663,0.01910329939433515,8.53097465175968e-07,7.902692871483927e-07,0.0,1.9313854327411546e-06,1.116961053795733,1.2973930618983178,1,0.03657304273654516,0.02571273350350238,0.05389050897909463,0.012376534656957037,2,0.0,0.0,0.023297855399379563,0.023297855399379563,0.022177452395667416,0.0001914998747909534,0.00012375632218021104,8.763988162691498e-05,0.0,0.0001914998747909534,-0.676629095989176,1.3645903846756324,0.00010242123262611527,0.0,-0.7582025844036778,1.351346394987662,1,0.03657304273654516,0.02571273350350238,0.05389050897909463,0.012376534656957037,2,0.0,0.0,0.023297855399379563,0.023297855399379563,0.024257044360792724,0.00021138205980761833,0.000124052482691764,0.0,0.00021138205980761833,-0.7559122500378664,1.3600246247136882,0.033288806490634724,0.00010283860594827682,5.75037502322599e-05,0.0,-0.775661822924644,1.3534760914589476
5.118171512939708e-05,1,0.005969461363664942,0.730460521048687,0.6372612411062326,0.004223528292984934,0.6036402891037489,0.005975486636500772,0.09193157309505873,6.0290536957222515e-05,0.0,0.0,0.014941662116516116,6.566406726767396e-06,1.4744187340775939e-05,0.0,3.599875302843026e-05,1.031087930408221,1.0298632705282402,0.010781884843279464,5.688416705490157e-07,2.0166298014330468e-06,0.0,0.08637908166303315,1.7120699011312395,1.2026272528903484e-06,0,-0.5415437818466373,0.00134121001063775,0.001278385857692478,0.0,1.1768752897419494,0.007049128433854004,1.9468607686672493e-06,6.859289806919911e-06,6.428377584483155e-06,0.0,1.626847546182297e-05,0.18123006322543195,1.3567029659104513,0.009881331176966322,1.9662052784969872e-05,1.605536435239573e-05,0.0,3.9128170705252744e-05,-0.5554226447533479,1.3041130021434322,1,0.10099208288972517,0.03948510551247489,0.75,0.030915065646654798,0.03955945632026281,0.011309212918463837,3.792591236163909e-08,1.016943358195411e-05,0.0,2.36378339673799e-05,1.2440809489147875,2.521128944863861e-06,2.029886445315071e-05,3.248749576598281e-05,0.0,7.65443143810056e-05,-0.11399261322535059,0.2685652186434174,0.027079901763716576,0.24016193190748927,0.03258979556131545,0.028116874983842178,0.8274663971853856,0.8274663971853856,1,0.0,0.0,1.8553294573008268e-06,0.0,1.034696315893324,0.9696588677298277,0.011382860581249704,1.7400176464724932e-05,7.165351484435158e-06,0.0,1.7400176464724932e-05,0.9704219455675109,1.1518865823150242,1,0.03185351396257448,0.01769492764066243,0.05389050897909463,0.010926088898105084,3,0.0,0.0,0.003136923471052211,0.003136923471052211,0.018289060917273885,2.7175284030760828e-05,9.961106264284849e-05,8.665761543606278e-05,0.0,0.0001914998747909534,-0.3685195561517417,1.29667831557345,1.4288368004587745e-06,0.0,-0.5794266081143369,1.210572326847609,1,0.03185351396257448,0.01769492764066243,0.05389050897909463,0.010926088898105084,3,0.0,0.0,0.003136923471052211,0.003136923471052211,0.0185925701238097,3.1903370310520986e-05,0.00010101520459645326,0.0,0.00021138205980761833,-0.4442946771143142,1.2955951412902884,0.035194632032091805,3.2086917142531804e-06,5.968999832635224e-05,0.0,-0.5997381179864341,1.2111030499056639
5.213565978125929e-05,2,0.005741855187098731,0.7294403796670638,0.634936193752113,0.005991154629027048,0.6021713451010366,0.006098880091198483,0.09972380980493689,5.504354795400633e-05,0.0,0.0,0.011150158436201882,7.778737044498317e-06,1.3244363023716242e-05,0.0,3.599875302843026e-05,1.201230425943389,0.9819819549942032,0.011094202597933152,7.915847129741554e-06,3.1964732670947478e-06,0.0,0.03757089495834451,1.5344300679552734,8.130197220944037e-06,0,-0.5402051168942844,0.0021963797606036283,0.00205734720597796,0.0,1.18671294176051,0.01629989398930874,2.1242048154451973e-06,5.912272808624969e-06,6.053643157239005e-06,0.0,1.626847546182297e-05,0.24314888592342157,1.2197746154865627,0.012739939882066363,3.448939859409537e-06,1.353407945379849e-05,0.0,3.9128170705252744e-05,-0.4404913484640628,1.18886727154657,2,0.0990643062197286,0.03552638649542832,0.8,0.025625620479728044,0.03693065648183801,0.014208230684906984,1.590606744079455e-07,9.393708246528363e-06,0.0,2.36378339673799e-05,1.1155587154327096,1.1595804704985555e-05,1.855825250351768e-05,2.9265488629999352e-05,0.0,7.65443143810056e-05,-0.026097394684454146,0.26176835273749993,0.027774924089871537,0.23458088911382996,0.03000755881250679,0.02567330741437885,0.8253217494351529,0.8253217494351529,1,0.0,0.0,1.6322071446767119e-06,0.0,0.8319030126277728,0.9574398943072554,0.006947177730876564,8.086366538073915e-06,6.523240125440007e-06,0.0,1.7400176464724932e-05,0.762570146161963,1.1109831865867308,1,0.028325899759072314,0.014215442945063658,0.05389050897909463,0.010998228356189955,4,0.0,0.0,0.0060120324620805965,0.0060120324620805965,0.012388512692802698,4.560532292455677e-06,8.060095657276992e-05,8.633174608238956e-05,0.0,0.0001914998747909534,-0.20610176928598306,1.204415988445937,9.283256084625921e-06,0.0,-0.34394801170528105,1.1807577923903374,1,0.028325899759072314,0.014215442945063658,0.05389050897909463,0.010998228356189955,4,0.0,0.0,0.0060120324620805965,0.0060120324620805965,0.011233385379541794,4.594264723521936e-06,8.173101662186699e-05,0.0,0.00021138205980761833,-0.30901882062724245,1.189979682810276,0.008822547372499939,8.200964543709285e-06,5.7297774082881e-05,0.0,-0.37679541448673054,1.171422329549709
4.3651747660937325e-05,2,0.005302591854441943,0.7304041415921918,0.6343777608389126,0.005609888419878486,0.6025632209486328,0.005636025375977317,0.10363735494492032,5.745500892417112e-05,0.0,0.0,0.027064082028328496,1.3085355164524127e-06,1.2539073520792362e-05,0.0,3.599875302843026e-05,0.6940046443358386,1.4456706981820409,0.03267089214597258,1.3056515022543016e-06,2.881336306288007e-06,0.0,-0.4372822903442153,1.757694730557885,2.809712556003905e-05,0,-0.5381400764002867,0.003002913659598853,0.002603788763084151,0.0,1.1799486453516406,0.02051099058719489,5.743256207899271e-06,5.884103375170685e-06,5.526553822008903e-06,0.0,1.626847546182297e-05,-0.11691181547807476,1.3740791961491332,0.040714725549957434,3.491690899880923e-05,1.709788437796695e-05,0.0,3.9128170705252744e-05,-0.7459824887859385,1.2823657857795312,2,0.09915582426503629,0.032431651087816635,0.8333333333333334,0.022731386225078764,0.03432847384344658,0.024045177338601825,4.2190325968488766e-07,8.732789241897794e-06,0.0,2.36378339673799e-05,0.5382917897012867,5.412471265676483e-06,1.6367288963877482e-05,2.7161105036197408e-05,0.0,7.65443143810056e-05,-0.430386082780539,0.26326554722748136,0.02557498706814777,0.23458088911382996,0.031034737437682078,0.023548695808920817,0.828237516928084,0.828237516928084,1,0.0,0.0,1.2413608706578878e-05,0.0,0.3619471931465883,1.3668217345349265,0.04144577821997715,9.645728227507381e-06,6.137863212182581e-06,0.0,1.7400176464724932e-05,0.2737158449548445,1.491127875058174,1,0.03238643704848889,0.014215442945063658,0.05389050897909463,0.013672413230433876,5,0.0,0.0,0.005195023354997108,0.005195023354997108,0.036563680360915354,0.00015940803541103003,9.373546971247995e-05,8.410441424274093e-05,0.0,0.0001914998747909534,-0.572350518343738,1.3709627852785384,3.524008323754751e-05,0.0,-0.7017529410409163,1.3423658123600837,1,0.03238643704848889,0.014215442945063658,0.05389050897909463,0.013672413230433876,5,0.0,0.0,0.005195023354997108,0.005195023354997108,0.033639976479794456,0.00011817553003362497,8.780510219049332e-05,0.0,0.00021138205980761833,-0.6567897510424777,1.3359513981156264,0.045850619179766225,4.507946588664734e-05,5.2335108184927535e-05,0.0,-0.7376636186344845,1.339647167091836
4.5057556762402484e-05,3,0.004916707224662078,0.7318289170691271,0.6352100886756707,0.005579572601019045,0.6038967851820943,0.006156079712101266,0.10017351423451937,5.1353115744541475e-05,0.0,0.0,0.01580858181981908,2.4405911443388664e-07,1.1983715798601175e-05,0.0,3.599875302843026e-05,0.4952888335319047,1.4241928787391134,0.01962508503959593,2.5811573429117814e-06,2.8384535972342602e-06,0.0,-0.4163231493038948,1.6281187474197663,5.904256959305683e-05,1,-0.5357262509746389,0.00351272249530559,0.0027148877270418027,0.0,1.1885404955884293,0.008055658500385882,4.90713944190698e-06,5.7445370989901564e-06,5.1280028163873625e-06,0.0,1.626847546182297e-05,-0.10884995519251771,1.272303397923409,0.01707288518461495,3.065974090062124e-06,1.5093325765409115e-05,0.0,3.9128170705252744e-05,-0.6086621534915518,1.2339692505785065,2,0.09566156395196776,0.03122198371427614,0.8571428571428571,0.02304367568121296,0.03179119540309978,0.01872871677146806,2.246721893207758e-06,8.111361943304354e-06,0.0,2.36378339673799e-05,0.33857924873689915,1.8576826415734697e-06,1.4294488060691194e-05,2.565375748379781e-05,0.0,7.65443143810056e-05,-0.42358595118087145,0.2644446026078456,0.02385332258375915,0.23458088911382996,0.026710834262676425,0.02423835293146886,0.8273067082135046,0.8273067082135046,2,0.0,0.0,4.02685202996633e-10,0.0,0.4004005144337273,1.268931696717411,0.013576077319192664,5.602041297992544e-06,5.688099735090332e-06,0.0,1.7400176464724932e-05,0.31088272727462224,1.3835147724231036,2,0.035118951662437205,0.014215442945063658,0.05389050897909463,0.013919510879286803,6,0.0,0.0,0.005487301836755054,0.005487301836755054,0.007598623073920174,1.9676130535582882e-07,8.037279708289079e-05,8.446544331645878e-05,0.0,0.0001914998747909534,-0.41254016838920415,1.3282580625832,1.8594319491956628e-06,0.0,-0.5444246081179727,1.301168070150378,2,0.035118951662437205,0.014215442945063658,0.05389050897909463,0.013919510879286803,6,0.0,0.0,0.005487301836755054,0.005487301836755054,0.007444631447028624,2.889152227251507e-07,7.530278976652645e-05,0.0,0.00021138205980761833,-0.49860001945118887,1.296126341855464,0.009605422530473471,2.40523794090137e-06,5.1124599360046214e-05,0.0,-0.5763428670305084,1.3016995132464384
3.969428663550055e-05,3,0.0046115138757426765,0.7319834843150874,0.6354475305173588,0.005256883773308742,0.6041521819027992,0.005797994923993482,0.09595583162763555,4.4982053666792876e-05,0.0,0.0,0.015254674902779219,1.1598711632502203e-06,1.140585594841296e-05,0.0,3.599875302843026e-05,0.5659867894036045,1.3452777011163384,0.01985494247533245,1.680854971145668e-06,2.6937537689731866e-06,0.0,-0.312886107922723,1.5473586767278866,8.676186727787242e-05,1,-0.5334870030497463,0.0035025110390490277,0.002539688635641993,0.0,1.2047379232799749,0.010623101618957471,4.063833845905195e-07,5.077267884690201e-06,5.111369552745572e-06,0.0,1.626847546182297e-05,0.040700355578370345,1.254180414646635,0.015539642311177057,4.103117828800229e-06,1.3719549773333004e-05,0.0,3.9128170705252744e-05,-0.5039595119707212,1.1870482717403272,3,0.0949982454275905,0.029258172771486995,0.875,0.02212059293148548,0.02983805731533513,0.012955647812127435,3.87332419373505e-07,7.67329557914937e-06,0.0,2.36378339673799e-05,0.41426764321657905,3.192690398909268e-06,1.2906763352968452e-05,2.427614720170382e-05,0.0,7.65443143810056e-05,-0.33093955241164524,0.2631842006216955,0.02256055552654017,0.23458088911382996,0.025516673501265113,0.022891978359139264,0.8293977660927236,0.8293977660927236,2,0.0,0.0,2.2385228823331996e-07,0.0,0.4697434295933408,1.2010717188191533,0.01321677788290175,2.991448296263236e-07,5.669263963535218e-06,0.0,1.7400176464724932e-05,0.3136466048137073,1.2941802262270856,2,0.03682010369189637,0.014215442945063658,0.05389050897909463,0.013668196601220674,7,0.0,0.0,0.023391122172015444,0.023391122172015444,0.01147786430795116,1.4622853841449084e-06,7.050898312054755e-05,8.320861437676506e-05,0.0,0.0001914998747909534,-0.2129247305636494,1.3500592790107893,2.283422930919942e-06,0.0,-0.38493359155231355,1.2882042710640005,2,0.03682010369189637,0.014215442945063658,0.05389050897909463,0.013668196601220674,7,0.0,0.0,0.023391122172015444,0.023391122172015444,0.012570088905844415,6.948408306328596e-06,6.675849208400171e-05,0.0,0.00021138205980761833,-0.33961897054465784,1.2833064227514486,0.02424013930398192,1.9218435388533786e-06,4.965731756508545e-05,0.0,-0.41240871572259696,1.2925709890342887
3.8736196253547745e-05,3,0.004375173545935653,0.7328437448867717,0.6359011165712136,0.005119591110438474,0.6049400724850906,0.00590319606583312,0.10019602445819398,4.1307121011430595e-05,0.0,0.0,0.016013603068916686,1.9028062584033588e-07,1.0948292130385572e-05,0.0,3.599875302843026e-05,0.2374763347907282,1.5722720042397211,0.017371889235680095,7.12483642174308e-07,2.473612643773311e-06,0.0,-0.5797305502285988,1.642538004147073,9.192479221665905e-05,1,-0.5321267120691971,0.0034946894401886525,0.0023945436053545996,0.0,1.1918769096193071,0.010120732574075447,6.199807163696736e-06,5.201994471246483e-06,4.831940875031971e-06,0.0,1.626847546182297e-05,-0.18573551537170851,1.3447601505628322,0.013897177109889438,4.697596982076614e-06,1.2717110574304516e-05,0.0,3.9128170705252744e-05,-0.753014005267675,1.322400801614437,3,0.09468526752248674,0.027599070361927148,0.8888888888888888,0.01986568577517676,0.028845506037900523,0.0157517882285623,5.7768587115483886e-08,7.310984456474868e-06,0.0,2.36378339673799e-05,0.08007901426539367,1.2840140477925439e-06,1.1615346763504463e-05,2.317740536195979e-05,0.0,7.65443143810056e-05,-0.5879929939113031,0.26644773464205634,0.023186865139740435,0.23458088911382996,0.026925334232935413,0.021947444269493726,0.8225022101485748,0.8225022101485748,2,0.0,0.0,4.155821124594521e-06,0.0,0.1491032043016443,1.45078206049111,0.01208641225143009,2.5006496397292524e-07,5.591778535695046e-06,0.0,1.7400176464724932e-05,-0.07025628437305063,1.633356547560378,2,0.03958366653623962,0.014215442945063658,0.06169216929098557,0.012889087965281654,8,0.0,0.0,0.022025114525094036,0.022025114525094036,0.0229002719350706,5.960482427822047e-05,6.929740991584454e-05,7.852464407602314e-05,0.0,0.0001914998747909534,-0.4677696452103635,1.4627746637537098,4.8688518219025016e-05,0.0,-0.6532118545852809,1.4320860563004376,2,0.03958366653623962,0.014215442945063658,0.06169216929098557,0.012889087965281654,8,0.0,0.0,0.022025114525094036,0.022025114525094036,0.026147710118480664,9.557580347919575e-05,6.996041557235661e-05,0.0,0.00021138205980761833,-0.5930377961780561,1.4062922994231053,0.03364281296480992,5.097884854524421e-05,4.701420898159087e-05,0.0,-0.6764424545611323,1.4292699298433083
4.7350680598428444e-05,3,0.004154570189752102,0.7336132203881088,0.6374875418384184,0.0067999924985328065,0.6062278743475201,0.006803591268175417,0.08877313065688164,4.318307118984843e-05,1.3874813945321267,6.855503811132635,0.02106202231344159,5.82728613969713e-07,1.0513072621386719e-05,0.0,3.599875302843026e-05,0.1427415885113832,1.5184226615662377,0.03333524965636418,1.1899554658112684e-06,2.345246925977107e-06,0.0,-0.5261403066385678,1.5665200967217288,0.0001417731618723073,1,-0.5295654439614619,0.004618255819465733,0.00406473465898162,1.0871182704740678,1.2058099583953843,0.015185792811647586,6.148080616525294e-06,5.296603085774364e-06,4.592760005411802e-06,0.0,1.626847546182297e-05,-0.23731478584872895,1.2851014226799644,0.021544836644412053,4.5191327919707486e-06,1.189731279607114e-05,0.0,3.9128170705252744e-05,-0.6925660400038998,1.2675784396400211,3,0.09419821665404611,0.02622351584540837,0.9,0.018115785742016704,0.02786424676639909,0.015734605514498495,8.89807511920605e-08,6.99215732100313e-06,0.0,2.36378339673799e-05,0.02027349765376941,8.314212469369491e-07,1.053695421184771e-05,2.22247448093462e-05,0.0,7.65443143810056e-05,-0.5449245723288587,0.27036969969493524,0.024946020371828595,0.23458088911382996,0.025543938646232077,0.021229591679279906,0.8266392776365343,0.8266392776365343,3,0.6019652879016661,2.703696996949352,3.3237349592384054e-06,0.0,0.08340500217570249,1.3903733355476067,0.01096743125423548,7.251835060220542e-06,5.351681611689876e-06,0.0,1.7400176464724932e-05,-0.0756596916483057,1.5496228643138181,3,0.04257151505438049,0.014215442945063658,0.06946215171764834,0.012356165970522607,9,0.12763824263500761,0.4257151505438049,0.007279412059187695,0.007279412059187695,0.013378475670739905,3.651648386214433e-05,6.601931731047452e-05,7.514133865392565e-05,0.0,0.0001914998747909534,-0.358303321147214,1.4260380886087465,6.843842322348075e-05,0.0,-0.5872907475495162,1.3729143296508024,3,0.04257151505438049,0.014215442945063658,0.06946215171764834,0.012356165970522607,9,0.12763824263500761,0.4257151505438049,0.007279412059187695,0.007279412059187695,0.011574079587981569,2.903085038026858e-05,6.58674590531478e-05,0.0,0.00021138205980761833,-0.2936824987912811,1.608233370794417,0.01535261942640647,7.83170820242556e-05,4.614846797690884e-05,0.0,-0.5774017323695164,1.3880968485624474
4.3362986558341133e-05,3,0.0038220013483006624,0.7322399764080781,0.6384180852189109,0.008016889740951872,0.606359049889447,0.006943460595401125,0.08209371148891964,4.9454609678041455e-05,1.3859822131134092,6.8532903081349446,0.006038167558968512,5.102526281736732e-06,1.0358238990864265e-05,1.9028062584033588e-07,3.599875302843026e-05,0.14127367435792273,1.5185670340494295,0.00962287649314106,1.942087277537091e-06,2.5394556537308157e-06,5.688416705490157e-07,-0.3908617440642964,1.6616373935523379,0.000151382273469543,2,-0.5266080420106862,0.0051343673761099825,0.0037619592897997355,1.0830943342401924,1.1944589673272799,0.006640284550966862,4.774631072132984e-06,5.774066192987663e-06,4.252918821473021e-06,4.063833845905195e-07,1.626847546182297e-05,-0.3414972411108403,1.303734423996927,0.010175329013577683,9.237551485558371e-07,1.1989688310926722e-05,9.237551485558371e-07,3.9128170705252744e-05,-0.5308876028580705,1.4373448938642754,2,0.08573849821083758,0.010000574269746878,0.9090909090909091,0.018856993992224506,0.02746826560211634,0.005136139852117932,4.4567401843670574e-07,6.97590963996295e-06,3.792591236163909e-08,2.36378339673799e-05,-0.03531602613222183,1.8983007593741304e-06,1.0726784287785122e-05,2.2141886534886006e-05,8.314212469369491e-07,7.65443143810056e-05,-0.3889442374390994,0.2817326258715849,0.03313384196550937,0.23458088911382996,0.030356319496546165,0.020329100460662983,0.8262662245125264,0.8262662245125264,2,0.6409271495356555,2.8173262587158483,3.0125141617344157e-07,4.02685202996633e-10,0.35483381051816354,1.597161029290707,0.009208021795484616,6.754990744081136e-08,5.345238416832616e-06,6.754990744081136e-08,1.7400176464724932e-05,0.11428876709132677,1.6597583131398503,2,0.047420479805754104,0.014215442945063658,0.07420238101723844,0.011927937027116762,10,0.1402484951655114,0.47420479805754095,0.008902297623943678,0.008902297623943678,0.026481824824969434,3.4421577952515234e-05,6.946147510572605e-05,7.278982766744108e-05,1.9676130535582882e-07,0.0001914998747909534,-0.6250207652639858,1.5756576065435868,0.00010256089815653942,1.4288368004587745e-06,-0.8916143035747883,1.5365403931876624,2,0.047420479805754104,0.014215442945063658,0.07420238101723844,0.011927937027116762,10,0.1402484951655114,0.47420479805754095,0.008902297623943678,0.008902297623943678,0.029668327759961838,7.103098677246378e-05,7.297055773039418e-05,2.889152227251507e-07,0.00021138205980761833,-0.5695392247438,1.7633089318221369,0.0310725505015923,0.00012315369950545183,4.9408249375411555e-05,1.9218435388533786e-06,-0.878518510951373,1.5476188131717858
4.676494374768526e-05,3,0.00210365423567256,0.7330163896123649,0.6408183593349374,0.01058396218968726,0.6080838440738981,0.007058346240497317,0.06713903249833564,0.0001071069452936346,1.3903070349274191,6.8691737447365115,0.01358111270383792,6.102195958963904e-06,2.8639801840885854e-06,1.9028062584033588e-07,7.778737044498317e-06,-0.16054063184243944,1.4068718446629231,0.012063747488268007,6.049617453776412e-06,2.6738548968977344e-06,5.688416705490157e-07,-0.5196054889512576,1.5238104254758802,0.00013924551515975958,2,-0.5238868568555659,0.005337436014980412,0.0035363151823167883,1.074695174875705,1.1819399972811229,0.01288135297423275,3.7321266745366485e-06,5.225096560722385e-06,4.12482725050386e-06,4.063833845905195e-07,1.626847546182297e-05,-0.31330727907630374,1.2710553874818733,0.006530372195833846,2.4726745793655094e-06,1.1693832376927245e-05,9.237551485558371e-07,3.9128170705252744e-05,0.04353472207617197,1.5633989626395965,2,0.08319447860485443,0.01550720020285905,0.9166666666666666,0.012941295154999135,0.011830481899213622,0.010284547809387345,9.642712846854888e-07,6.310211978938823e-07,3.792591236163909e-08,2.246721893207758e-06,-0.3651683187693096,1.9557750727937422e-05,5.028127922478306e-06,5.691425570402005e-06,8.314212469369491e-07,1.9557750727937422e-05,-0.3162168410310378,0.2925570564500735,0.05306665670087069,0.23458088911382996,0.029817823898385148,0.019255811779576217,0.826162669474297,0.826162669474297,2,0.7217263752720771,2.925570564500735,2.9285117038552296e-07,4.02685202996633e-10,0.37874318919085026,1.6322723104354626,0.006891177247736725,2.3514941171694641e-07,5.469790578006084e-06,6.754990744081136e-08,1.7400176464724932e-05,0.02689414027871422,1.5265398609820031,2,0.049075602411535815,0.014215442945063658,0.07420238101723844,0.011163667767470107,10,0.14606642143084717,0.4907560241153582,0.015837498577038644,0.015837498577038644,0.03457346068334119,7.071393220280388e-05,5.855595915103846e-05,6.295084248466325e-05,1.9676130535582882e-07,0.0001914998747909534,-0.6206276249398648,1.5702523691149541,0.00010684383656922253,1.4288368004587745e-06,-0.9213586564680311,1.572867302790907,2,0.049075602411535815,0.014215442945063658,0.07420238101723844,0.011163667767470107,10,0.14606642143084717,0.4907560241153582,0.015837498577038644,0.015837498577038644,0.04042275392156041,0.00013441732950512285,7.033475185413911e-05,2.889152227251507e-07,0.00021138205980761833,-0.5661431748405852,1.7592970460305923,0.053857025866309034,0.00015000546447467683,5.200750556171471e-05,1.9218435388533786e-06,-0.9045004857415986,1.5794799903181926
4.636306172948891e-05,2,0.002098151794170945,0.7329868678352972,0.6421844442138827,0.01093443314576217,0.6087256003747601,0.00701328252678988,0.07840025340474355,0.00012419458645564888,1.391839761305883,6.875856560245899,0.017885280254650963,2.2687840270635596e-06,2.7846810249614514e-06,1.9028062584033588e-07,7.778737044498317e-06,0.0543961391685853,1.5701014049281408,0.008051229057581762,6.424450126495622e-06,3.037094658239702e-06,5.688416705490157e-07,-0.2528383816660896,1.353024958548659,0.0001036103625122779,2,-0.5208675231518699,0.0051772655813716595,0.0037029884633342585,1.0677031693451626,1.192882790386549,0.0172296483884622,3.86167696660011e-06,3.9844167112000985e-06,1.8615001748925236e-06,4.063833845905195e-07,6.199807163696736e-06,-0.3054637169540227,1.2805532894932177,0.024835898802858546,1.6346784873751016e-05,9.415693793777072e-06,9.237551485558371e-07,3.491690899880923e-05,0.05752185415364765,1.5682137347299865,2,0.0832670085265006,0.015454253121949887,0.9230769230769231,0.01555784468262848,0.012010466048598406,0.016159041817636957,2.4292056117444214e-06,8.487154404541008e-07,3.792591236163909e-08,2.4292056117444214e-06,-0.3218623698422053,1.017449187994094e-05,5.8325756617990625e-06,5.7925632415839905e-06,8.314212469369491e-07,1.9557750727937422e-05,-0.3104972414243049,0.3011517701014522,0.05522047784827819,0.23458088911382996,0.03204754082549506,0.0219766376407788,0.8318780322983761,0.8318780322983761,2,0.7329608870103022,3.011517701014522,1.9056537035754853e-08,4.02685202996633e-10,0.3550263322597016,1.6300958785101638,0.017937607863480604,1.7979894790116849e-06,5.405656699386073e-06,6.754990744081136e-08,1.7400176464724932e-05,0.02454607344367568,1.5259592948131804,2,0.05133764151244077,0.014215442945063658,0.07420238101723844,0.01061129374080717,10,0.15019970833407179,0.5133764151244078,0.027576443183433663,0.027576443183433663,0.028637851224880058,0.0001161522599363026,5.102119766557338e-05,4.970272482201971e-05,1.9676130535582882e-07,0.00015940803541103003,-0.6167620331733003,1.5731748652154731,0.00014311848973005335,1.4288368004587745e-06,-0.9282054245285544,1.56731838280266,2,0.05133764151244077,0.014215442945063658,0.07420238101723844,0.01061129374080717,10,0.15019970833407179,0.5133764151244078,0.027576443183433663,0.027576443183433663,0.032696841289473075,0.00016298401957859506,6.549494783123676e-05,2.889152227251507e-07,0.00016298401957859506,-0.5579801066615027,1.7639339457714225,0.0512107282464319,0.0001665907673487053,6.049787718262842e-05,1.9218435388533786e-06,-0.9091635089865576,1.5758283191949576
3.5167729542894856e-05,3,0.002160323652027184,0.7339399950981517,0.6443049629805631,0.010623544174771349,0.6103326203539553,0.006116047450824803,0.08025765805679907,0.00013382349376033073,1.3932503648453702,6.891224790393574,0.002593301876214151,3.1263016329692615e-07,2.6413510376160724e-06,1.9028062584033588e-07,7.778737044498317e-06,-0.26011802241586823,1.442474924343463,0.0048919682095780745,6.41304359800608e-07,3.0443409271648616e-06,6.41304359800608e-07,-0.5509684570062171,1.3521150565506517,6.990272686485826e-05,2,-0.5176910371874358,0.005334417842109562,0.0036360691465742593,1.0545043688179343,1.1935324463092971,0.007042667642522203,6.320608386212265e-06,4.4217914729546e-06,1.845129250553904e-06,4.063833845905195e-07,6.320608386212265e-06,-0.6361440600096685,1.1987153116936078,0.007659590624751182,2.665683692417569e-06,7.716056884521841e-06,9.237551485558371e-07,3.491690899880923e-05,-0.09792768418005925,1.6372499594503267,2,0.08108063627501237,0.015065204375468395,0.9285714285714286,0.013298942509494089,0.012283641516848711,0.003427421628049466,1.8614207003478112e-06,8.771610628604116e-07,5.7768587115483886e-08,2.4292056117444214e-06,-0.3056921038676721,9.379234293627933e-07,5.674255110248956e-06,5.90151824723487e-06,8.314212469369491e-07,1.9557750727937422e-05,-0.364114137602618,0.3124623699943249,0.05603488925582541,0.23458088911382996,0.032125500414579206,0.021910887517912207,0.8300720688494385,0.8300720688494385,3,0.7501065457398844,3.1246236999432497,9.410624862054034e-07,4.02685202996633e-10,0.03801294585867523,1.7959893120348465,0.009865959558488787,3.0020090936981615e-06,3.514821365717037e-06,6.754990744081136e-08,9.645728227507381e-06,-0.25075136572698997,1.6528480045713663,3,0.05512500354143176,0.014215442945063658,0.07420238101723844,0.010827896286017507,10,0.15017979419912758,0.5512500354143177,0.02417047014855045,0.02417047014855045,0.01018885036520545,3.491814466080536e-06,4.865285070910534e-05,5.1320495461869154e-05,1.9676130535582882e-07,0.00015940803541103003,-0.902010866464874,1.5931830259320954,1.0564682170327392e-05,1.8594319491956628e-06,-1.2123962111279805,1.6371585682000127,3,0.05512500354143176,0.014215442945063658,0.07420238101723844,0.010827896286017507,10,0.15017979419912758,0.5512500354143177,0.02417047014855045,0.02417047014855045,0.01102634104617822,8.948496507679168e-06,6.319946045095258e-05,2.889152227251507e-07,0.00016298401957859506,-0.8573657909338556,1.8139223893348242,0.017839298457021535,1.38750344665565e-05,5.9520677325359976e-05,1.9218435388533786e-06,-1.1918750314897082,1.6520281288751821
2.275594280330818e-05,2,0.002141121726569338,0.7348831354890178,0.6483001354775673,0.010360545357693799,0.6129251655788382,0.00501141423728615,0.06920348874355553,0.0001560750467254583,1.3957215021714464,6.915916354832925,0.02001739699548492,5.060621639844506e-07,2.016485309254594e-06,1.9028062584033588e-07,6.102195958963904e-06,-0.5405610304497034,1.259839806852541,0.011369885835012283,6.246675850675621e-07,2.315222972697462e-06,6.246675850675621e-07,-0.5598348962148871,1.349795611060932,4.34521993624775e-05,2,-0.5149500582690828,0.0048989107960287995,0.0038316852820178566,1.0483602828143075,1.1884404150550734,0.012223525127777406,2.932997490377027e-06,4.5026707404477825e-06,1.7583289802305978e-06,4.063833845905195e-07,6.320608386212265e-06,-0.8525120415235532,1.1707154411244933,0.011521248799409743,1.7476973112066177e-06,7.545932629701549e-06,9.237551485558371e-07,3.491690899880923e-05,-0.3341428769270712,1.76844997746883,2,0.08168843559283953,0.01558115775097188,0.9333333333333333,0.015199546116405255,0.01224049199461535,0.01676263546549103,2.150896740913019e-06,9.104005650897582e-07,5.7768587115483886e-08,2.4292056117444214e-06,-0.4818769660176091,6.080570868023028e-08,4.520755210618423e-06,5.756905597810615e-06,6.080570868023028e-08,1.9557750727937422e-05,-0.41977920669599716,0.32502450184069176,0.051024095878515974,0.25436138671864506,0.030873968461085272,0.022920282273575215,0.828000091483243,0.828000091483243,2,0.7605505778596529,3.2502450184069165,6.225787805226909e-07,4.02685202996633e-10,0.28179580573300966,1.9370135993838722,0.0043339273401832015,4.0349344613431695e-07,3.2877458297417844e-06,6.754990744081136e-08,9.645728227507381e-06,-0.550294796288644,1.8521502238808483,2,0.05913656930642218,0.04872816789811059,0.07420238101723844,0.010973886295655582,10,0.13837970092924806,0.5913656930642218,0.011444039333229017,0.011444039333229017,0.008933007148238718,3.055109011916561e-07,4.822734856997894e-05,5.170053650298028e-05,1.9676130535582882e-07,0.00015940803541103003,-0.8742850499216015,1.6185688938872687,2.648037780685132e-06,1.8594319491956628e-06,-1.2844958070212469,1.570356813395093,2,0.05913656930642218,0.04872816789811059,0.07420238101723844,0.010973886295655582,10,0.13837970092924806,0.5913656930642218,0.011444039333229017,0.011444039333229017,0.008174162298756272,7.707050242933757e-07,6.281710448102974e-05,2.889152227251507e-07,0.00016298401957859506,-0.82399279040455,1.8365877888929927,0.009418333524846898,2.8684978314454623e-06,6.0040285239172086e-05,1.9218435388533786e-06,-1.265679374595046,1.5894259084548197
3.6400955965594205e-05,3,0.0021043188441976276,0.7361128391787648,0.6519516614027367,0.010260435072762192,0.61556157712208,0.006585212547815434,0.07941913259069566,0.0001262568212080099,1.4023342758418962,6.940322502907508,0.005354206091440694,4.612384851133164e-06,2.17682029025482e-06,1.9028062584033588e-07,6.102195958963904e-06,-0.4607795606733701,1.1986662711930707,0.020096090050127458,1.3066303240743276e-06,2.3153208548794647e-06,6.246675850675621e-07,-0.45229071194029197,1.2007175401415404,4.550467419707228e-05,2,-0.5120135491652819,0.0050944409814766166,0.003982645912736795,1.0399550449904233,1.191679698377581,0.017558348471932855,1.7880055038529122e-05,5.716350623510769e-06,4.400027020350798e-06,4.063833845905195e-07,1.7880055038529122e-05,-0.8136273609915683,1.1407810989076128,0.008999966452359365,2.4675364583776126e-05,6.521778188198239e-06,9.237551485558371e-07,2.4675364583776126e-05,-0.22360564809329597,1.6759036290167597,2,0.08142684842337897,0.0152973997300256,0.9375,0.01441688961332652,0.012892045237761355,0.002452934603494432,1.903638949477709e-06,9.076730419249853e-07,5.7768587115483886e-08,2.4292056117444214e-06,-0.0020209979567818335,3.836056134859694e-06,4.363113697536744e-06,5.751910703897112e-06,6.080570868023028e-08,1.9557750727937422e-05,-0.2799309348084395,0.33611776362805335,0.05006868957472098,0.25436138671864506,0.029405098402080256,0.023004289513100806,0.827625613163522,0.827625613163522,2,0.7943635642793409,3.3611776362805337,1.2149803412337791e-06,4.02685202996633e-10,0.2838393370608978,1.9346273950620652,0.01295669127764392,3.718782811371899e-06,2.43347329595545e-06,6.754990744081136e-08,7.251835060220542e-06,-0.44731149340777226,1.7866703297201583,2,0.05963336731765625,0.04872816789811059,0.07420238101723844,0.00518108793568916,10,0.1391205855515329,0.5963336731765625,0.02169882742805851,0.02169882742805851,0.016078311532745086,1.4629507402630219e-05,3.374949576913896e-05,3.6607434128043705e-05,1.9676130535582882e-07,0.0001161522599363026,-0.8640581991316942,1.6091695144616256,3.3237963780512375e-05,1.8594319491956628e-06,-0.7337775060635002,1.966467248387338,2,0.05963336731765625,0.04872816789811059,0.07420238101723844,0.00518108793568916,10,0.1391205855515329,0.5963336731765625,0.02169882742805851,0.02169882742805851,0.019634185265518873,3.8882007372692326e-05,5.488775221493647e-05,2.889152227251507e-07,0.00016298401957859506,-0.8293256941169809,1.8412152504552768,0.019386030882933836,4.6222964746018437e-05,6.0006135365813015e-05,1.9218435388533786e-06,-0.7074534506994323,1.976326050328026
4.379738869676113e-05,3,0.0020537679064563013,0.7362328340315771,0.6546577349613923,0.010373151134839604,0.6170109868774404,0.0071869720813934335,0.0743127271760865,0.00010362872417114923,1.4082678581007135,6.954452844964847,0.010315081995533368,1.2119272551501213e-05,3.605982275537173e-06,1.9028062584033588e-07,1.2119272551501213e-05,-0.10500895424834153,1.551731445788587,0.011764285778966916,6.130775326635223e-07,2.118512873854639e-06,6.130775326635223e-07,-0.18712525668987084,1.469797085136533,3.8246852387385026e-05,3,-0.5104927615306037,0.005195847348690175,0.004031575302632536,1.0360610876648042,1.1848747920208529,0.01745641262264931,3.1215364084869165e-06,5.537790320168762e-06,4.464994715035311e-06,4.063833845905195e-07,1.7880055038529122e-05,-0.51512080114195,1.5978036762918433,0.013638048873978532,3.0026567557560087e-06,6.515446454767627e-06,9.237551485558371e-07,2.4675364583776126e-05,0.06290484781272547,1.9490835025368962,2,0.08427035511768687,0.016386024474447626,0.8823529411764706,0.012538500993491375,0.0125901469252474,0.014279858605215643,4.069324401865863e-06,1.2185467077873828e-06,5.7768587115483886e-08,4.069324401865863e-06,-0.10899464073368496,1.3010466086366204e-06,4.307450094243059e-06,5.778519301425629e-06,6.080570868023028e-08,1.9557750727937422e-05,0.021545439987238835,0.3524077623041218,0.05282537759723701,0.25436138671864506,0.03460183529078704,0.02178547670677128,0.8251767106007311,0.8251767106007311,2,0.844296275510026,3.5240776230412183,2.731785387266282e-07,1.9056537035754853e-08,0.5133394761315943,2.0919412291118538,0.010911363551968416,4.845912830163872e-06,2.3384332011311266e-06,6.754990744081136e-08,7.251835060220542e-06,-0.8109318564082593,1.9153598732907655,2,0.06162140207305784,0.04872816789811059,0.07420238101723844,0.005417751154920626,10,0.1463502779619474,0.6162140207305784,0.016701276727051684,0.016701276727051684,0.03201512147269575,2.972076185394611e-05,3.670189582399799e-05,3.4934682452419054e-05,3.055109011916561e-07,0.0001161522599363026,-1.1753690785069075,1.6073342345291117,5.237101688438033e-05,2.283422930919942e-06,-1.043166066091148,2.0067911429204797,2,0.06162140207305784,0.04872816789811059,0.07420238101723844,0.005417751154920626,10,0.1463502779619474,0.6162140207305784,0.016701276727051684,0.016701276727051684,0.032706232233009204,2.7394742293059358e-05,5.759833492196989e-05,7.707050242933757e-07,0.00016298401957859506,-1.141628428511757,1.862380327937391,0.030251160655130848,6.187134219756098e-05,5.648707230356216e-05,1.9218435388533786e-06,-1.0179047916625412,2.022595148862172
4.033801233610138e-05,3,0.0022038595395433513,0.7373657370807862,0.6577657332583644,0.009244465563423456,0.6192732827119096,0.0069009078348650135,0.07620487915000618,8.193110224362895e-05,1.4097813973075044,6.975657351695753,0.006323010854735691,5.223031597715333e-06,3.5711792298922604e-06,1.9028062584033588e-07,1.2119272551501213e-05,-0.2554272062721993,1.5035829341146676,0.017285974713862146,2.5586298714881425e-06,2.2062903638888864e-06,6.130775326635223e-07,-0.247700198875336,1.4563116415887944,5.528985503639055e-05,3,-0.508081018568799,0.006086802675816694,0.004500340725426975,1.0330992615777987,1.1958546056360426,0.01669346676894956,9.775372961985963e-07,5.59490571132957e-06,4.402200891349537e-06,9.775372961985963e-07,1.7880055038529122e-05,-0.701102381574018,1.5060356847913974,0.016299696867814857,4.837338564404962e-06,6.5888685283281015e-06,9.237551485558371e-07,2.4675364583776126e-05,0.012805414035609603,1.950609556876894,2,0.08471128584500169,0.016601728973696623,0.8888888888888888,0.01180927422380585,0.012599469114082188,0.014484893178052908,1.607151528655917e-07,1.239758267721074e-06,5.7768587115483886e-08,4.069324401865863e-06,-0.26048717449319053,4.266262203374646e-07,4.0308436763858795e-06,5.890380690816362e-06,6.080570868023028e-08,1.9557750727937422e-05,-0.04612793948124314,0.37094826086215354,0.04741955218038779,0.29255600680494287,0.033420825538473115,0.022986165362608283,0.8272777187945052,0.8272777187945052,2,0.856658391926192,3.7094826086215353,4.388494898621708e-07,1.9056537035754853e-08,0.42470749826464294,2.090120275277004,0.012136476446168346,3.285743448484644e-06,2.2678802289719997e-06,6.754990744081136e-08,7.251835060220542e-06,-0.8503086369973951,1.8953812299431603,2,0.06338943476133942,0.052736276736088016,0.07420238101723844,0.0052816282432691115,10,0.14663544736181694,0.633894347613394,0.007563407360431484,0.007563407360431484,0.018754453126340647,4.157181695305633e-06,3.697138545511406e-05,3.467120189388661e-05,3.055109011916561e-07,0.0001161522599363026,-1.413339608771293,1.4035989580581054,2.9424375741975275e-05,2.648037780685132e-06,-1.155207566408645,1.934558627819296,2,0.06338943476133942,0.052736276736088016,0.07420238101723844,0.0052816282432691115,10,0.14663544736181694,0.633894347613394,0.007563407360431484,0.007563407360431484,0.0184177068949516,4.236135636683454e-06,5.732710765500537e-05,7.707050242933757e-07,0.00016298401957859506,-1.3819520623010553,1.7515362470378446,0.02215262430307037,3.3070344779750784e-05,5.344732426250817e-05,2.8684978314454623e-06,-1.137582331862025,1.9494095755257859
3.606620566136348e-05,2,0.002280522684916988,0.7375936752176122,0.6604031627942643,0.0072022567969598945,0.6206802407545247,0.006545404525426328,0.07610111046745549,3.4930072309445215e-05,1.410386512960735,6.989984190059383,0.0043334582432794306,1.0883377331708781e-07,3.5792627236680606e-06,1.0883377331708781e-07,1.2119272551501213e-05,0.17755238929002143,1.4488011535822316,0.00436838142170596,3.7042808769655475e-07,2.172084808441111e-06,3.7042808769655475e-07,0.25458208716901154,1.383251726718906,4.338674556406611e-05,3,-0.5057147521582743,0.006132279227096771,0.004475514245865976,1.0266528038768035,1.1967039269413813,0.006310826286619022,1.6500683852361879e-07,4.991425678812258e-06,4.682624706116636e-06,1.6500683852361879e-07,1.7880055038529122e-05,-0.33975310154515165,1.5832242647581753,0.004962377937179879,1.358694954859772e-06,6.2549783256064174e-06,9.237551485558371e-07,2.4675364583776126e-05,0.43989084324298505,1.75797439245333,2,0.08636567276224257,0.018026853145742164,0.8421052631578947,0.013022730413731897,0.012156126581573723,0.005632811075914927,2.7363861457260794e-07,1.2176516724661259e-06,8.89807511920605e-08,4.069324401865863e-06,0.2035090279921281,4.609121704642227e-06,4.363354442070848e-06,5.8193603188314805e-06,6.080570868023028e-08,1.9557750727937422e-05,0.36198791801262203,0.38357027177241687,0.04127365493601557,0.30566738517084496,0.031700389168981956,0.023207259430386682,0.828497593674535,0.828497593674535,2,0.8804584627245807,3.8357027177241685,1.6588126988656826e-07,1.9056537035754853e-08,0.9084829482390372,1.930389558644993,0.003895356185752137,1.5292335601766988e-06,2.1722235749292357e-06,6.754990744081136e-08,7.251835060220542e-06,-0.42712317093134394,1.8069485666381297,2,0.06366796973008235,0.052736276736088016,0.07420238101723844,0.005134777262805276,10,0.14691595425203208,0.6366796973008234,0.020322745017645416,0.020322745017645416,0.009375466827627126,2.5383010461070214e-06,3.1264733131902724e-05,3.516906076261469e-05,3.055109011916561e-07,0.0001161522599363026,-1.0770173614091194,1.5009250885036136,2.389961855614395e-06,2.389961855614395e-06,-0.7700684593931654,1.9521760730271775,2,0.06366796973008235,0.052736276736088016,0.07420238101723844,0.005134777262805276,10,0.14691595425203208,0.6366796973008234,0.020322745017645416,0.020322745017645416,0.01106534156762523,8.313616208232877e-06,4.860088892790908e-05,7.707050242933757e-07,0.00016298401957859506,-1.0484344424349727,1.8008066440617625,0.01494733535554363,4.096834694826382e-06,5.7079354736500184e-05,2.8684978314454623e-06,-0.749729192950053,1.9680640937247647
4.4743627719812776e-05,2,0.002203600983924315,0.7381746441395232,0.6625179362607916,0.0074557998283149,0.6220884962242954,0.007254632714933877,0.07343508521071718,2.057213476891703e-05,1.4158528544845752,7.003462902001574,0.009645811131169175,1.450326434753675e-07,3.6194900558921017e-06,1.0883377331708781e-07,1.2119272551501213e-05,0.16064424158001664,1.4600024409484702,0.0068846913050760565,2.134418053461841e-08,2.055223679913446e-06,2.134418053461841e-08,0.057720814093883764,1.5426164174325394,5.3800600099783816e-05,3,-0.5045466001059911,0.004934164868855373,0.003513769779663236,1.0250209872455895,1.1961378650153143,0.004087511855824503,2.5191805160571663e-06,4.628535668765446e-06,4.719396097905445e-06,1.6500683852361879e-07,1.7880055038529122e-05,-0.39594080325905817,1.6048885375117299,0.0039214120062204625,1.1173032844955977e-07,5.814238079254299e-06,1.1173032844955977e-07,2.4675364583776126e-05,0.28057506298438817,1.8725379738432337,3,0.08739123826562986,0.018479935691148447,0.8,0.013651551827585456,0.011744303396689373,0.00893521062743155,4.00744832178369e-07,1.1863849074593711e-06,1.607151528655917e-07,4.069324401865863e-06,0.14028993659793934,2.5622205583498114e-07,4.30583452296065e-06,5.856709350276302e-06,6.080570868023028e-08,1.9557750727937422e-05,0.1723398639165276,0.3957637240936107,0.03379092837495075,0.35339627070693885,0.03127183057991243,0.02358310439555385,0.8303796789351245,0.8303796789351245,3,0.8679991782244019,3.9576372409361067,1.2871005353830958e-07,1.9056537035754853e-08,0.9667343385548733,1.8952395058048337,0.0034663154676946293,5.592879337828407e-07,1.5942327833379451e-06,6.754990744081136e-08,4.845912830163872e-06,-0.47874302535519053,1.8049321968665226,2,0.06281158241735114,0.052736276736088016,0.07420238101723844,0.005160703728150371,10,0.1454770410821004,0.6281158241735114,0.02249630778464151,0.02249630778464151,0.00804639211674673,2.9889533636319775e-07,2.7642974279324603e-05,3.628878504721484e-05,2.9889533636319775e-07,0.0001161522599363026,-1.3759493432191572,1.4276946910082917,1.2376923552433762e-07,1.2376923552433762e-07,-0.9801094208900555,1.9702878643238422,2,0.06281158241735114,0.052736276736088016,0.07420238101723844,0.005160703728150371,10,0.1454770410821004,0.6281158241735114,0.02249630778464151,0.02249630778464151,0.00865625245048431,3.4067428507046184e-07,4.573187131838927e-05,3.4067428507046184e-07,0.00016298401957859506,-1.52958239143318,1.4168714256704322,0.008214911298383018,5.458003804420862e-07,6.0349347483290196e-05,5.458003804420862e-07,-0.9910219378626131,1.97077464588871
3.935162878476725e-05,2,0.002410120786748192,0.7384457576198178,0.6639686817065229,0.006698174243798367,0.6230560234101652,0.0067780339556723895,0.07029739183455441,1.7909328493417147e-05,1.4159558690411855,7.012072196631704,0.014874314799625218,2.632300516700852e-06,3.5961525728093276e-06,1.0883377331708781e-07,1.2119272551501213e-05,0.3601675163800937,1.5556126674599622,0.01578234727836946,7.161216038073341e-07,1.9326271125404706e-06,2.134418053461841e-08,0.007558744505782544,1.5074432818366987,5.1461729863748616e-05,3,-0.5031483333938662,0.004704050209013727,0.0035663291364355,1.0235794141789123,1.1913197554587116,0.004198505903335116,4.383025517982616e-06,4.5893751133504085e-06,4.719646079585836e-06,1.6500683852361879e-07,1.7880055038529122e-05,-0.07798882139841586,1.7535074412263085,0.014169868582663055,2.3676826561687027e-06,5.958630830015584e-06,1.1173032844955977e-07,2.4675364583776126e-05,0.224389782420264,1.8397442608894168,2,0.09077535467851834,0.020268558646516704,0.7619047619047619,0.014527686236671028,0.01157168692358729,0.01842574718527065,1.2060791043485023e-07,1.2179289354793506e-06,1.2060791043485023e-07,4.069324401865863e-06,0.3798404363302999,7.20855643078508e-07,4.1880900113310874e-06,5.915468376911009e-06,6.080570868023028e-08,1.9557750727937422e-05,0.15208026100039806,0.39777115801191304,0.0317739011842352,0.35339627070693885,0.03183308728217569,0.024039851618005443,0.8275660371247924,0.8275660371247924,3,0.8649626641829237,3.9777115801191307,1.958256234847518e-06,1.9056537035754853e-08,0.9310653460477847,1.8651317151178894,0.014745410179514246,2.0548090641562285e-06,1.4666297364061165e-06,2.3514941171694641e-07,4.845912830163872e-06,-0.4988380394839126,1.779278923233172,2,0.06057538855392923,0.05184044238301927,0.07139438690014295,0.005235426771939517,10,0.13874498271220678,0.6057538855392923,0.024199620228760654,0.024199620228760654,0.022812056328903423,5.14308866629611e-05,2.9343905150369194e-05,3.6959089344249646e-05,2.9889533636319775e-07,0.0001161522599363026,-1.03719337218597,1.4819892638521461,7.313354173015499e-05,1.2376923552433762e-07,-0.6342179219240212,1.8792464032197103,2,0.06057538855392923,0.05184044238301927,0.07139438690014295,0.005235426771939517,10,0.13874498271220678,0.6057538855392923,0.024199620228760654,0.024199620228760654,0.0257619499200277,7.594538065050374e-05,4.6223310706193265e-05,3.4067428507046184e-07,0.00016298401957859506,-1.1902123364046733,1.4865771491936282,0.03269997349850635,8.961067229998468e-05,5.7629645954867036e-05,5.458003804420862e-07,-0.6481840448942383,1.8859024366516588
3.8521833245346154e-05,2,0.0022597992603893926,0.7405442008740094,0.6644242313377923,0.006674164796696951,0.6243223401002226,0.00657973854722095,0.08356796872755712,1.808997413723656e-05,1.4199719358041014,7.024842161059008,0.014691227387397383,4.474385973559082e-06,3.506002535524224e-06,1.0883377331708781e-07,1.2119272551501213e-05,0.15076222385389024,1.8370536946661227,0.019546633617446813,4.27518175342315e-07,1.3704171846970604e-06,2.134418053461841e-08,-0.21034479396962466,1.5616836230539628,5.48774012341893e-05,3,-0.5006155485090694,0.005399282947159567,0.003685386993444723,1.0172399033073314,1.2025915079071288,0.006624258959683491,7.529753214918566e-06,4.9691377673886e-06,4.787685692751887e-06,1.6500683852361879e-07,1.7880055038529122e-05,-0.0840415177602096,1.7591183017563077,0.02015572040082306,2.600150968175967e-06,5.97137846889663e-06,1.1173032844955977e-07,2.4675364583776126e-05,-0.2532519848326479,1.681327663463847,2,0.0934321251692127,0.01505131616540316,0.7727272727272727,0.015255032158865107,0.013160248671506364,0.015461959194675317,4.117951315722118e-06,1.4431001480527266e-06,1.2060791043485023e-07,4.117951315722118e-06,0.39471300286493205,9.137012749405868e-06,3.146016213477933e-06,3.56838687510845e-06,6.080570868023028e-08,1.017449187994094e-05,-0.27405022911398624,0.3984565440307951,0.0323287668749024,0.35339627070693885,0.030511039382755352,0.02238468424869378,0.8267969520454376,0.8267969520454376,3,0.8692423172069379,3.984565440307951,2.419902384391404e-06,1.9056537035754853e-08,0.5125891104134616,1.8553770109232266,0.017012321931582804,3.7193243372414503e-06,1.3834487620046132e-06,4.0349344613431695e-07,4.845912830163872e-06,-0.860469745678752,1.57816130691002,1,0.06001261943238171,0.05184044238301927,0.07139438690014295,0.005525018490174206,10,0.13534352334812907,0.600126194323817,0.012682407500063775,0.012682407500063775,0.029262565577145152,4.2282797120395074e-05,2.6500791642128316e-05,3.469127511990253e-05,2.9889533636319775e-07,0.0001161522599363026,-1.0156051659015752,1.4614257478159984,4.828957738209026e-05,1.2376923552433762e-07,-0.5769234216931719,1.815294010832532,1,0.06001261943238171,0.05184044238301927,0.07139438690014295,0.005525018490174206,10,0.13534352334812907,0.600126194323817,0.012682407500063775,0.012682407500063775,0.03183805544892661,5.880610248548796e-05,3.866218800422978e-05,3.4067428507046184e-07,0.00016298401957859506,-1.168281619789194,1.4666358784757239,0.03484759777544229,5.8389370240144396e-05,4.868424948046237e-05,5.458003804420862e-07,-0.5910080676155316,1.8232161112353484
2.2687817250093006e-05,2,0.002507361036750057,0.7420490972382827,0.6661792246415039,0.005046675428164724,0.6259563899310426,0.0049168769934375385,0.07589928401035873,1.7512326416146195e-05,1.4214834182772735,7.041141609398933,0.005597110385905036,1.4844719220952801e-06,3.5355065832574317e-06,1.0883377331708781e-07,1.2119272551501213e-05,-0.17453385125342746,1.7392887850937797,0.011502387664799373,2.233552130370853e-06,9.513273850845838e-07,2.134418053461841e-08,0.039696596001469284,1.7663805331594138,3.94208300118482e-05,3,-0.4987375629802343,0.005916104188154114,0.0033343945518414107,1.0137224958987852,1.1929547341181173,0.006262270408852523,6.194399931340605e-08,4.58916447065993e-06,5.006292311838128e-06,6.194399931340605e-08,1.7880055038529122e-05,0.10101416567283979,1.9762597804524975,0.008232408531338747,1.4216520244129566e-06,4.478865183962824e-06,1.1173032844955977e-07,2.4675364583776126e-05,-0.06890227466960366,1.8625901897080892,3,0.09630252942478824,0.013391641337111078,0.7391304347826086,0.015468665923746234,0.013383328387004172,0.007904240397088345,5.431332727415761e-07,1.4649364611721708e-06,1.2060791043485023e-07,4.117951315722118e-06,0.4702452953329542,4.891201591092756e-06,2.6176871845931145e-06,2.796224867299064e-06,6.080570868023028e-08,9.137012749405868e-06,0.12316452187644984,0.4052138418754675,0.029105454119168574,0.360202207577497,0.024439127556965052,0.019669194548470274,0.826086692376587,0.826086692376587,3,0.8884510985905635,4.052138418754675,2.862374969423471e-08,2.862374969423471e-08,0.18906528766053277,2.1115359381719774,0.005633234288368958,3.833927765542247e-07,1.5133672496110069e-06,3.833927765542247e-07,4.845912830163872e-06,-0.6039311805877562,1.9300728359747277,2,0.06039159695003561,0.05184044238301927,0.07139438690014295,0.0043129384474160795,10,0.13603975304888677,0.603915969500356,0.01160685756360369,0.01160685756360369,0.009447178111876738,4.891974997324737e-07,1.4934485398471302e-05,1.826545525234583e-05,2.9889533636319775e-07,5.14308866629611e-05,-0.9453908367444347,1.550952347918089,5.64801413734032e-07,1.2376923552433762e-07,-0.33280099693682663,2.065521076508431,2,0.06039159695003561,0.05184044238301927,0.07139438690014295,0.0043129384474160795,10,0.13603975304888677,0.603915969500356,0.01160685756360369,0.01160685756360369,0.009028972681809654,4.6761289756013793e-07,2.2410547336126282e-05,3.4067428507046184e-07,7.594538065050374e-05,-0.9901814083991274,1.7387946413788529,0.011736932397720586,5.556635689664471e-07,3.0061724633596185e-05,5.458003804420862e-07,-0.3413887244229874,2.081440282233323
8.08932078382977e-06,1,0.0025689171233634436,0.7438795893966883,0.6674940932009559,0.002107920907328137,0.6275707742394726,0.0029498007453732447,0.08541389404633781,2.4430027138995984e-05,1.4152898944079777,7.056868412988221,0.010754365198009189,1.1201423376346676e-06,3.4782666957552834e-06,1.0883377331708781e-07,1.2119272551501213e-05,0.13158955075501372,1.8231391675045903,0.010266451179929968,5.399666458746268e-06,1.4271635949791497e-06,2.134418053461841e-08,0.03428256590548191,1.7723548792001653,3.381257397362741e-05,3,-0.4968539127119168,0.0059217689276362725,0.003331995572405236,1.0043049177692545,1.2032925889438075,0.009954747383382919,2.6191073553390374e-06,4.219014367572608e-06,5.001427227626763e-06,6.194399931340605e-08,1.7880055038529122e-05,0.37798578944175265,1.879712902073973,0.010800302056088711,3.952506009539235e-06,4.6075474156749905e-06,1.1173032844955977e-07,2.4675364583776126e-05,0.09632350478990652,1.7997161006105866,2,0.09559902381014893,0.014670729500678785,0.75,0.018709594804363877,0.01357100009514468,0.012465600480432043,1.8839546894889035e-06,1.465415314485933e-06,1.2060791043485023e-07,4.117951315722118e-06,0.20066234420848153,6.318756123288897e-06,3.1557704539857242e-06,2.9354676638077202e-06,6.080570868023028e-08,9.137012749405868e-06,0.031088849651144956,0.41267668791698975,0.027990380491501855,0.360202207577497,0.02514467575381505,0.019405755914879558,0.8330016475469029,0.8330016475469029,3,0.8917356751058539,4.126766879169898,2.3736607671560114e-07,2.862374969423471e-08,0.44037054564683575,1.9451194549079303,0.011870522961220995,1.1731452287242365e-08,1.644755359941254e-06,1.1731452287242365e-08,4.845912830163872e-06,-0.38192176562319796,1.8574838814323318,2,0.060846426028923074,0.05184044238301927,0.07139438690014295,0.0042594723655834344,10,0.1361427152521044,0.6084642602892307,0.016136974517883984,0.016136974517883984,0.009889360958148437,9.728840490577931e-07,1.468259235676903e-05,1.8438073784652405e-05,2.9889533636319775e-07,5.14308866629611e-05,-0.9494866917446168,1.5545653838725173,1.3065817902620041e-05,1.2376923552433762e-07,-0.0838090988267823,1.885044561208636,2,0.060846426028923074,0.05184044238301927,0.07139438690014295,0.0042594723655834344,10,0.1361427152521044,0.6084642602892307,0.016136974517883984,0.016136974517883984,0.009026153764760972,1.4448409171188764e-06,2.1660181777070256e-05,3.4067428507046184e-07,7.594538065050374e-05,-0.987601468834875,1.7365653476986707,0.010307322406274685,1.9337674806577246e-05,2.979198769814383e-05,5.458003804420862e-07,-0.07979259176490672,1.9000318470676372
6.122856558270098e-06,1,0.00237443506894149,0.7447527572653093,0.6670561698880426,0.0027998222066346946,0.6277209866461533,0.0027013329718572703,0.08231440055889783,2.1068134643142798e-05,1.4151263270491374,7.05904463576676,0.008820214064773764,1.6213299379481673e-06,3.4058612031310854e-06,1.0883377331708781e-07,1.2119272551501213e-05,0.47068649837568327,1.9088614516955518,0.011773255781702548,5.024110320454065e-06,1.8671078685178e-06,2.134418053461841e-08,0.22461657297688972,1.8331574748661925,2.136024309946274e-05,2,-0.49568779467092305,0.00638690349502799,0.0029520325021082784,1.00070021191252,1.1944855122629223,0.003840741118569117,3.0798556329196024e-06,4.233700181826865e-06,4.997843831247276e-06,6.194399931340605e-08,1.7880055038529122e-05,0.8271668540658442,1.8726438480628036,0.010069141877949411,4.308777461506803e-06,4.863655430705009e-06,1.1173032844955977e-07,2.4675364583776126e-05,0.6147935430202602,1.7688785433338567,2,0.09597264157151489,0.01475993488665046,0.72,0.019786718180369138,0.01431353322984734,0.020602559576862467,3.2549211938837553e-06,1.5450145383257437e-06,1.2060791043485023e-07,4.117951315722118e-06,0.533752864790555,7.210697025769734e-06,3.870759585694674e-06,2.9651514665504773e-06,2.5622205583498114e-07,9.137012749405868e-06,0.24517668803079093,0.4207643737361016,0.02287713129356594,0.3738655328570095,0.024519835976225562,0.02006410109262187,0.8264260812365326,0.8264260812365326,4,0.8987431912678601,4.207643737361016,1.0938714451295722e-06,2.862374969423471e-08,-0.049134887526634065,1.9910303809165923,0.012278318627941832,2.4440139056546063e-06,1.5516221548881054e-06,1.1731452287242365e-08,4.845912830163872e-06,-0.3563970542567255,1.8218610181850703,2,0.060650826834466945,0.05184044238301927,0.07139438690014295,0.003924674510949132,10,0.13655763093161355,0.6065082683446694,0.008206466361066922,0.008206466361066922,0.00855133524093297,3.5577554381547753e-06,1.500781681046534e-05,1.8208869994361257e-05,2.9889533636319775e-07,5.14308866629611e-05,-0.8116966491996596,1.7458103374254137,1.4373851756460877e-05,1.2376923552433762e-07,0.23845929991796605,2.1125402336174854,2,0.060650826834466945,0.05184044238301927,0.07139438690014295,0.003924674510949132,10,0.13655763093161355,0.6065082683446694,0.008206466361066922,0.008206466361066922,0.008068018911795748,1.2294194030854758e-05,2.2812530677726393e-05,3.4067428507046184e-07,7.594538065050374e-05,-1.3411524409220865,1.7441961717971795,0.017517845737103566,1.7658617723260665e-05,2.8672163962656785e-05,5.458003804420862e-07,0.2555865195480795,2.127517373674464
6.552786758859576e-06,2,0.002372621896276608,0.744705467012116,0.6660712501340587,0.003809428256910402,0.6270306000389401,0.002686214634338565,0.08879542759860437,3.221069478703706e-05,1.4165540040604883,7.053883585730874,0.009458623724309261,1.0341323611630858e-06,3.4426387920691043e-06,1.0883377331708781e-07,1.2119272551501213e-05,0.8381077442222035,1.9353175207335067,0.007184949812227226,1.5001369642144203e-06,1.8864585325318092e-06,2.134418053461841e-08,0.14344678620410312,1.9334078884942334,2.4287024167470908e-05,2,-0.49602850100928564,0.006095550872573735,0.0028215455628316805,1.003189027096732,1.1858174661262997,0.01102503405434956,6.473267315140325e-07,2.5104273511253557e-06,2.161638516845313e-06,6.194399931340605e-08,7.529753214918566e-06,0.6718257623287107,2.110875540412393,0.009140887257294252,5.659334057195602e-06,2.9620523780469568e-06,1.1173032844955977e-07,5.659334057195602e-06,1.0183027268630396,1.7763749420931978,2,0.0904775571336652,0.021871337799078242,0.7307692307692307,0.025655420379584765,0.016961645985561585,0.010328603490252984,3.2405164182428685e-07,1.5933368845441698e-06,1.2060791043485023e-07,4.117951315722118e-06,-0.019634145766812106,1.618742545757872e-05,5.105896517966578e-06,4.736714617236058e-06,2.5622205583498114e-07,1.618742545757872e-05,0.03824237290686185,0.4256453228726917,0.01887534970161097,0.3738655328570095,0.023430186664045626,0.020490843751281063,0.8285371532659649,0.8285371532659649,3,0.8955037256210959,4.256453228726917,1.112710387765856e-06,2.862374969423471e-08,-0.13712876039432847,2.09080817523142,0.0056181606675061975,2.0470409058799805e-06,1.472996068805477e-06,1.1731452287242365e-08,4.845912830163872e-06,0.05724695666233219,2.0518837012832556,2,0.06036650543529125,0.05184044238301927,0.07139438690014295,0.004013956974955089,10,0.13658933840660348,0.6036650543529125,0.02054841756227921,0.02054841756227921,0.016880931088240493,5.824059820416829e-05,1.9368925890619147e-05,2.2348080476079258e-05,2.9889533636319775e-07,5.824059820416829e-05,-0.8190169856393652,1.7521829792154016,2.2224379420871397e-06,1.2376923552433762e-07,-0.14086971292438227,1.9105835805267473,2,0.06036650543529125,0.05184044238301927,0.07139438690014295,0.004013956974955089,10,0.13658933840660348,0.6036650543529125,0.02054841756227921,0.02054841756227921,0.014039067913494364,5.570174458386715e-05,2.449450439884388e-05,3.4067428507046184e-07,7.594538065050374e-05,-1.2696845313652576,1.7116781071832705,0.011985281855661197,3.960088323483209e-06,2.9533496113165167e-05,5.458003804420862e-07,-0.1220938119303211,1.9252748747406603
6.848252508788916e-06,2,0.0025222881966395073,0.7454418855482757,0.665128440698306,0.004501242786154256,0.6268035472963462,0.0028230472208754832,0.09110500689520673,4.307542124614384e-05,1.416268583624974,7.052851631232908,0.002498044422057838,7.712984181311452e-07,1.6541408655401246e-06,1.0883377331708781e-07,5.223031597715333e-06,0.7709264070752821,1.8746500968674122,0.004053801387054112,5.450847209760784e-07,1.8796592513630649e-06,2.134418053461841e-08,-0.22371117647143138,1.8228721334074458,1.9045227966606094e-05,2,-0.4957252342704036,0.005451577795329043,0.003126384137228513,1.001705547106188,1.1845955874763108,0.005668249051287546,8.516883715461898e-07,2.2834425474312832e-06,2.2043037559827746e-06,6.194399931340605e-08,7.529753214918566e-06,0.4816432252001855,1.9810220853598715,0.00564569732794854,1.0523262429753152e-06,2.7670193267688873e-06,1.1173032844955977e-07,5.659334057195602e-06,0.8090577594021646,1.6390871888095901,3,0.08599428092206517,0.02336225438160104,0.7407407407407407,0.026667228605834415,0.016043890155255845,0.002606872204406201,4.0615641942948357e-07,1.369291938716027e-06,1.2060791043485023e-07,4.117951315722118e-06,0.34750518286383186,1.0559539344797545e-06,5.081387250550891e-06,4.756929668457339e-06,2.5622205583498114e-07,1.618742545757872e-05,-0.18892377625076975,0.42751800307938465,0.020511009149066818,0.3738655328570095,0.020421917734148483,0.0180280225009003,0.8276843219979172,0.8276843219979172,3,0.904500660959591,4.275180030793846,5.243046390140669e-08,2.862374969423471e-08,-0.5124257118720165,1.8275261484276417,0.0045425941160365845,1.869682013996624e-06,1.1512276300764125e-06,1.1731452287242365e-08,3.7193243372414503e-06,0.4345061765764971,1.7627240734638363,2,0.05890081123050737,0.05184044238301927,0.06640849478092638,0.003515419088932639,10,0.12912491531544396,0.5890081123050737,0.016777139604353453,0.016777139604353453,0.006204876916958506,1.1547759776395042e-05,1.7551625682864042e-05,2.2170591649247298e-05,2.9889533636319775e-07,5.824059820416829e-05,-0.8515727530969686,1.7870321972366112,2.9369816768165444e-05,1.2376923552433762e-07,0.4310260403337497,1.9165788592843347,2,0.05890081123050737,0.05184044238301927,0.06640849478092638,0.003515419088932639,10,0.12912491531544396,0.5890081123050737,0.016777139604353453,0.016777139604353453,0.0076818807257997695,2.487857770951724e-05,2.4242887940489666e-05,3.4067428507046184e-07,7.594538065050374e-05,-1.2859181927714942,1.7256184494700264,0.01725879589639698,3.6172929654724925e-05,2.7608902001208236e-05,5.458003804420862e-07,0.4494489738371176,1.9196573293962351
7.744208213442318e-06,2,0.002541492280650304,0.7453098211549432,0.6643672256249566,0.004562434788003581,0.6262766165881871,0.0029350242241261266,0.08249638595017472,4.146808264158307e-05,1.41659834215768,7.048385233899499,0.006285784963771075,2.2222801994319344e-06,1.2365925961239967e-06,1.0883377331708781e-07,4.474385973559082e-06,0.7533604855355642,1.8867295525303716,0.009955848737005517,3.6267711741165126e-08,1.6274230353883672e-06,2.134418053461841e-08,-0.1212251365681162,1.850233811881675,2.2450061120524786e-05,2,-0.49660597504401655,0.00426757028283401,0.0024653339336666944,1.0039821046910782,1.183813041638859,0.011320337586900995,5.7857689985559595e-06,2.76426571766702e-06,2.3840835413444033e-06,6.194399931340605e-08,7.529753214918566e-06,0.5997315722001824,1.9374748335259817,0.00711536661920123,1.3011398561372804e-06,2.413399455942119e-06,1.1173032844955977e-07,5.659334057195602e-06,0.8773560906382558,1.6065226606425247,2,0.08640866026108157,0.02355012888338013,0.75,0.029891534959143262,0.015262996091782681,0.006675910644075935,2.0072062732330934e-07,1.366455411796088e-06,1.2060791043485023e-07,4.117951315722118e-06,0.37426894828571067,1.4351756283464824e-05,6.473900256863626e-06,5.20735840649567e-06,2.5622205583498114e-07,1.618742545757872e-05,-0.2044574192657894,0.421198082757932,0.025007130924353457,0.3738655328570095,0.027545028132644617,0.023809740118965857,0.8230313315288273,0.8230313315288273,2,0.9074257230651124,4.21198082757932,3.113530133798208e-07,2.862374969423471e-08,-0.6735376747183577,1.8401556515657642,0.005451409222783741,1.911445277014858e-06,1.0412997764507133e-06,1.1731452287242365e-08,3.7193243372414503e-06,0.31833436965945944,1.8285880775349603,2,0.05661128005052897,0.04351318298114239,0.06481404382143655,0.004167804251909237,10,0.12902962105481136,0.5661128005052897,0.03679996550125786,0.03679996550125786,0.027001828757129122,0.00012056344821436306,2.9192252334769783e-05,3.740632821303284e-05,2.9889533636319775e-07,0.00012056344821436306,-0.6678655328453902,1.8360067356327672,7.943545605041037e-05,1.2376923552433762e-07,0.5292500834255478,1.89711123322006,2,0.05661128005052897,0.04351318298114239,0.06481404382143655,0.004167804251909237,10,0.12902962105481136,0.5661128005052897,0.03679996550125786,0.03679996550125786,0.03059356939368099,0.00016676115285288632,4.049538966210995e-05,3.4067428507046184e-07,0.00016676115285288632,-1.0712360441218447,1.8013393853594486,0.035603062053140656,0.000107651101736261,3.6922233648490756e-05,5.458003804420862e-07,0.5547135385835202,1.8955205317006842
8.947804119210208e-06,3,0.0026499776609256796,0.7453552561331176,0.6637609010235835,0.004718133844160457,0.6259115615459241,0.003243063742588547,0.08261870626293055,3.8980229049889145e-05,1.4159090986749636,7.045580785783506,0.006823421321916076,2.027387390912758e-06,1.141518438364622e-06,1.450326434753675e-07,4.474385973559082e-06,0.8473635385926951,1.965253293249875,0.0046323927688181,7.697556618401128e-08,1.598077783237113e-06,2.134418053461841e-08,-0.05899847094907353,1.9392219194301474,3.0385621409252662e-05,2,-0.497442801208764,0.004223655673968585,0.00247561373808146,1.0055500485573292,1.1856567733511396,0.01279421959741284,6.37903980733448e-07,2.8115554318880024e-06,2.336267272078925e-06,6.194399931340605e-08,7.529753214918566e-06,0.7276687050883742,2.0399083374826503,0.013038407588373203,8.154066976426297e-07,2.359070630220405e-06,1.1173032844955977e-07,5.659334057195602e-06,0.4477252472149866,1.9197176827515172,3,0.08674975918823553,0.023893096903715782,0.7241379310344828,0.02981825454728082,0.015340866129267248,0.011845701328344121,1.771066052548472e-07,1.3729560816256874e-06,1.2060791043485023e-07,4.117951315722118e-06,0.47863579031952613,4.874923826876041e-07,6.061737324668165e-06,5.493875800356461e-06,2.5622205583498114e-07,1.618742545757872e-05,-0.3507844466165776,0.4186429889685835,0.026391093960534587,0.3738655328570095,0.027111803386471407,0.02396397830717228,0.8240498213724479,0.8240498213724479,3,0.9052971555009973,4.186429889685835,8.117633885068144e-07,2.862374969423471e-08,-1.194670985242796,1.613781842847698,0.00998325423505084,3.966770890132072e-06,1.2484842779754135e-06,1.1731452287242365e-08,3.966770890132072e-06,-0.04202286511298925,1.988976959247296,2,0.05616308290511066,0.04351318298114239,0.06481404382143655,0.00481699519731778,10,0.1266596259093425,0.5616308290511066,0.028784634136991616,0.028784634136991616,0.008802201015731396,2.3802439699069104e-06,2.9176446627149767e-05,3.741761894998999e-05,2.9889533636319775e-07,0.00012056344821436306,-1.0225445719415867,1.8497668627843664,5.047947734746001e-06,1.2376923552433762e-07,0.21840910300110564,2.0356018824653708,2,0.05616308290511066,0.04351318298114239,0.06481404382143655,0.00481699519731778,10,0.1266596259093425,0.5616308290511066,0.028784634136991616,0.028784634136991616,0.007307961572467831,3.3156223888416187e-06,3.9995590280170824e-05,3.4067428507046184e-07,0.00016676115285288632,-0.8614280447102205,2.095338237371234,0.006542491786425705,8.408803411324176e-06,3.659659441325752e-05,5.458003804420862e-07,0.2491258051183455,2.0264277699645183
8.927284655524088e-06,2,0.0030240005992870646,0.7458660153687258,0.6632460893209513,0.003901633564783068,0.6257592262241585,0.002983558066268415,0.08369079459312201,3.171057062318664e-05,1.4158970457523679,7.045560523448385,0.01772592193514936,2.485188179315163e-07,1.1272719263960974e-06,2.485188179315163e-07,4.474385973559082e-06,0.8745082661054674,1.942969703848245,0.024070007105243617,8.062095250461844e-07,1.6765643176882693e-06,3.6267711741165126e-08,0.09761205209962998,1.8356100054882263,3.142020894514004e-05,2,-0.4972866576417362,0.005216625405744041,0.0034748241436633877,1.0057556234208778,1.1919841458203801,0.016331780088614217,3.814968506995015e-06,2.941134230981787e-06,2.352337044770876e-06,6.194399931340605e-08,7.529753214918566e-06,0.7536877500359972,2.0158638983894743,0.013536562602559537,2.248760296665174e-05,4.596657894040623e-06,8.154066976426297e-07,2.248760296665174e-05,0.5792852418564538,1.806933531626423,3,0.08749471569528555,0.02440740334809343,0.7,0.029414396967384748,0.015934366781804786,0.027415607908714112,5.397613099296016e-07,1.3660572374273967e-06,1.2060791043485023e-07,4.117951315722118e-06,0.514855797435736,2.8664954866214896e-06,6.322764667746815e-06,5.269259181574058e-06,4.874923826876041e-07,1.618742545757872e-05,-0.1990635693814793,0.4171157306045412,0.026270084396749972,0.3738655328570095,0.028139638811777536,0.02337071346056828,0.8226329202675399,0.8226329202675399,2,0.8995365687098861,4.171157306045412,4.666775293152547e-07,2.862374969423471e-08,-1.4117486601417433,1.573950528864429,0.004808720101311014,1.0625795705243634e-05,2.8259707907848267e-06,1.1731452287242365e-08,1.0625795705243634e-05,-0.027391679805110803,1.9850550253618962,3,0.057566997955331656,0.04351318298114239,0.07493742909254626,0.004993600906997534,10,0.136442143889468,0.5756699795533166,0.038560947680057134,0.038560947680057134,0.012777316169678653,4.823115386232295e-06,2.962886863213668e-05,3.7091652694559696e-05,4.891974997324737e-07,0.00012056344821436306,-1.023440012168873,1.8504173126172565,4.717983631487707e-06,5.64801413734032e-07,0.1285885394818178,2.152152905484749,3,0.057566997955331656,0.04351318298114239,0.07493742909254626,0.004993600906997534,10,0.136442143889468,0.5756699795533166,0.038560947680057134,0.038560947680057134,0.010880753737687834,3.6761715646410907e-06,4.0329140008127894e-05,4.6761289756013793e-07,0.00016676115285288632,-0.8693756588289944,2.101342676185204,0.013721747277953812,4.428789758754323e-06,3.6256162922775714e-05,5.556635689664471e-07,0.15063275873806542,2.1578364639237813
3.403536561189713e-05,2,0.0038514608461935767,0.7482880744036366,0.6647935365406973,0.006912076137862499,0.6276456804213881,0.005841050437061835,0.07904350998620391,1.704021503690869e-05,1.4286338445627862,7.065408054721669,0.027622513117909808,3.986299775168628e-06,1.2926629545005905e-06,2.485188179315163e-07,4.474385973559082e-06,0.5743991861468792,1.9803666099887123,0.017746940330982956,5.667675632196932e-06,2.171719720527229e-06,3.6267711741165126e-08,-0.09668571399822071,1.848350996935503,5.074652244445341e-05,2,-0.49577548263882887,0.00599966304801815,0.0037285430091482307,1.0078765131739593,1.1874313714313038,0.01903549155666214,2.557311132619283e-06,2.758562792445454e-06,2.3036892608949933e-06,6.194399931340605e-08,7.529753214918566e-06,0.37102727594477825,2.0790282966610882,0.01597703898760804,5.384665869390471e-06,4.8983562153628e-06,8.154066976426297e-07,2.248760296665174e-05,0.29136087494907736,1.9331871155816,2,0.08721126286738591,0.024086228561486213,0.7,0.028385987632435085,0.017048664219015627,0.01941066254572622,6.588722057274106e-07,1.334404348919804e-06,1.771066052548472e-07,4.117951315722118e-06,0.1719795722524115,1.9262437818417155e-06,6.443303481623137e-06,5.152219311607935e-06,4.874923826876041e-07,1.618742545757872e-05,-0.4590952473308937,0.42130925269166386,0.022037392373319555,0.376567169084437,0.02311314415778789,0.022721297579810538,0.8164148747933782,0.8164148747933782,3,0.9017109762486996,4.213092526916638,2.5250856099549746e-06,2.862374969423471e-08,-1.8600757210498926,0.9520999358451606,0.021293290086015933,1.0379605356374759e-05,3.579167713186362e-06,1.1731452287242365e-08,1.0625795705243634e-05,-0.4215501376557196,1.9945211712243631,2,0.06117519171109934,0.04351318298114239,0.08792237994069609,0.005130050628729154,10,0.15245870411066947,0.6117519171109934,0.025143773312488404,0.025143773312488404,0.02427453921650183,1.1578495652921192e-07,2.4497358461493493e-05,3.726966212303413e-05,1.1578495652921192e-07,0.00012056344821436306,-1.2461118683256873,1.7588881164353096,2.6592181427454142e-06,5.64801413734032e-07,-0.029485094501468988,2.183090605523383,2,0.06117519171109934,0.04351318298114239,0.08792237994069609,0.005130050628729154,10,0.15245870411066947,0.6117519171109934,0.025143773312488404,0.025143773312488404,0.023816122138368943,6.374012482288758e-07,3.2798342067900406e-05,4.6761289756013793e-07,0.00016676115285288632,-1.0572553524355972,2.0415672154573543,0.023932097943107734,5.700984542034775e-06,3.202015642114723e-05,5.556635689664471e-07,-0.004305500221774205,2.188539375955754
3.711230055441277e-05,3,0.00416180386775637,0.7484392214189881,0.6655471706009564,0.007408815436485562,0.6280152428887238,0.006027397422102981,0.07754309827848016,2.0218648501186042e-05,1.4295204861228765,7.069931960099722,0.013753647677661577,4.277999620239136e-07,1.0297721084405517e-06,2.485188179315163e-07,3.986299775168628e-06,1.1038744979047,1.6075414427988246,0.01763195521090037,2.9162366110057977e-07,2.1581302691030557e-06,3.6267711741165126e-08,0.2615735333461158,1.8745183196805482,4.95695991785135e-05,2,-0.49586145359930034,0.005767058100579125,0.0035949951316692746,1.0081005444483353,1.187006007593604,0.009780289470879448,7.688863044957089e-07,2.082476101403168e-06,1.7231791679562813e-06,6.194399931340605e-08,5.7857689985559595e-06,0.689787613096772,1.9726635016165743,0.00791488596849824,5.063287602824076e-06,5.14466987882761e-06,8.154066976426297e-07,2.248760296665174e-05,0.6270311622304565,1.8261137285059592,3,0.09178092480788375,0.024844565978053342,0.6666666666666666,0.024131899830600795,0.017539010596836258,0.013812142723421737,4.6931436372395806e-07,9.258707484713834e-07,1.771066052548472e-07,3.2549211938837553e-06,0.49545142039444795,1.1678830962414033e-06,5.646390516306689e-06,5.288448980838575e-06,4.874923826876041e-07,1.618742545757872e-05,-0.11936093513836998,0.41924848644294366,0.022324865530783645,0.376567169084437,0.018642844361906014,0.020575075017012442,0.8227148534357211,0.8227148534357211,3,0.896965341098034,4.192484864429437,1.1164655310090974e-07,2.862374969423471e-08,-1.6507319574019146,1.2345159550791012,0.0075752215030345125,1.5488675528659484e-06,3.638901996719708e-06,1.1731452287242365e-08,1.0625795705243634e-05,-0.1819860646056656,1.9879496781800936,2,0.06301857635479449,0.04351318298114239,0.08792237994069609,0.005165516696223871,10,0.1582441324075973,0.630185763547945,0.0279581699125927,0.0279581699125927,0.009583051598359666,8.321500416326611e-07,2.035229375361725e-05,3.7366002990141095e-05,1.1578495652921192e-07,0.00012056344821436306,-0.9130186622457577,1.837561011922317,2.6673872359968477e-06,5.64801413734032e-07,0.3603936831220035,2.0737162048893616,2,0.06301857635479449,0.04351318298114239,0.08792237994069609,0.005165516696223871,10,0.1582441324075973,0.630185763547945,0.0279581699125927,0.0279581699125927,0.009246009189537585,1.043969386422405e-06,2.702212875799385e-05,4.6761289756013793e-07,0.00016676115285288632,-0.7332439166402593,2.057858158560934,0.0075757372829464535,4.394139978648419e-06,3.066520318351848e-05,5.556635689664471e-07,0.38368133637823787,2.0763219728189544
3.8378180956867543e-05,3,0.004141953422305242,0.749141839234361,0.6656891405188163,0.007480020304312525,0.6284190131309104,0.006111331543459417,0.0815057629854884,1.5206623069016821e-05,1.4301265745444551,7.074154898765887,0.014916365922289848,1.362023758342679e-07,1.1075664186035772e-06,1.362023758342679e-07,3.986299775168628e-06,1.361904992551334,1.430239429732334,0.0029217234327203853,2.11766097772069e-06,2.1465411538380394e-06,3.6267711741165126e-08,0.020748870602316994,1.7159767018340653,5.331618213043054e-05,2,-0.49535836019213875,0.005184501871256031,0.003984000290004402,1.007320656425795,1.1984984622392538,0.01271558357458417,6.883176288035093e-07,2.1451134643521787e-06,1.6587753894834314e-06,6.37903980733448e-07,5.7857689985559595e-06,0.49074070180085716,1.810641598655103,0.016508970324277214,8.957992928011204e-06,5.898303969187435e-06,8.154066976426297e-07,2.248760296665174e-05,0.43577514595069555,1.7164897625814524,3,0.09141743550770721,0.024733420427492072,0.6666666666666666,0.023007325705090714,0.017468586194224586,0.014170989982094179,2.2679132572968942e-07,9.409528846720814e-07,1.771066052548472e-07,3.2549211938837553e-06,0.24431397916283126,2.5567669310378067e-06,5.412947050301194e-06,5.36756398468619e-06,4.874923826876041e-07,1.618742545757872e-05,-0.22745091858474858,0.4194410728537575,0.0223471747146453,0.376567169084437,0.019592352149045828,0.020209523846437292,0.8264514155534718,0.8264514155534718,2,0.8969940423985341,4.194410728537575,6.286716931419425e-07,5.243046390140669e-08,-1.284216876914448,1.365019065374083,0.01821792921263053,2.835136717001765e-07,3.6476209494868573e-06,1.1731452287242365e-08,1.0625795705243634e-05,-0.4303064992397735,1.7170014950710766,2,0.06467887128660073,0.04351318298114239,0.08792237994069609,0.005182601674806355,10,0.15903823987523677,0.6467887128660074,0.034571921679598105,0.034571921679598105,0.010006770029820623,8.783576250023416e-07,2.0391209766144242e-05,3.734549269400834e-05,1.1578495652921192e-07,0.00012056344821436306,-0.7946151489394127,2.0061756304652443,7.752374013123174e-07,7.752374013123174e-07,0.3281792252952379,2.038474320542852,2,0.06467887128660073,0.04351318298114239,0.08792237994069609,0.005182601674806355,10,0.15903823987523677,0.6467887128660074,0.034571921679598105,0.034571921679598105,0.010823844635845317,6.066311055399453e-06,2.7581998573777783e-05,6.374012482288758e-07,0.00016676115285288632,-1.2724124895452678,1.9034004528684059,0.01632598234983091,1.5491905223960098e-06,3.06009072587332e-05,1.5491905223960098e-06,0.35411019363755925,2.0435229633112595
3.8972235019119406e-05,2,0.004074045440769897,0.7490148608869461,0.6651216537587065,0.0076915179691812085,0.6280335074805098,0.006118325310679319,0.08981897817328843,1.8680898108218258e-05,1.4293411048236633,7.070682573228262,0.023305098773132128,2.2901999224826326e-06,1.1374950049489357e-06,1.362023758342679e-07,3.986299775168628e-06,1.416791652832892,1.4637002365206055,0.01923084448470185,2.139981955792342e-06,1.820572703542647e-06,3.6267711741165126e-08,0.5168485339065532,1.79209659887862,5.0198840352663225e-05,2,-0.4961299369573438,0.005552037173641966,0.004075667314531581,1.0092673236525456,1.2050150647429885,0.021854111934003752,9.936692868735477e-07,1.9825696575056298e-06,1.6838143164040977e-06,6.37903980733448e-07,5.7857689985559595e-06,0.625505743421854,1.8884601196067967,0.010411340112461387,3.9141946426541396e-05,9.417248010887651e-06,8.154066976426297e-07,3.9141946426541396e-05,0.11541362524903201,2.0143469959491154,4,0.09335411738403085,0.023465293392626305,0.6666666666666666,0.020707154528590573,0.01737403835596843,0.02603256413396805,3.486530382342971e-07,8.76952662342537e-07,1.771066052548472e-07,3.2549211938837553e-06,0.5596413345492209,6.2029721217898164e-06,5.401368650151287e-06,5.365722134441704e-06,4.874923826876041e-07,1.618742545757872e-05,0.23533778952161793,0.414695763358692,0.02209110716826281,0.376567169084437,0.020325305830646873,0.02038037167370555,0.8359682993855782,0.8359682993855782,2,0.8825897813911168,4.14695763358692,3.396050606369197e-06,5.243046390140669e-08,-1.2203717483522978,1.4467435635645378,0.01208386048326516,3.0330196707951725e-05,8.650349444900777e-06,2.835136717001765e-07,3.0330196707951725e-05,-0.3083426915820741,1.7850568630639088,1,0.061431847699808015,0.027646602851519944,0.08792237994069609,0.011876639990822386,10,0.16566039850599779,0.6143184769980803,0.016570599661944962,0.016570599661944962,0.01455167467963698,6.969321881198888e-05,2.7263243242437348e-05,3.940587078963116e-05,1.1578495652921192e-07,0.00012056344821436306,-0.4887157054473521,1.9806290247182303,1.2789955600778133e-05,7.752374013123174e-07,0.36795619526416,2.0278261017271775,1,0.061431847699808015,0.027646602851519944,0.08792237994069609,0.011876639990822386,10,0.16566039850599779,0.6143184769980803,0.016570599661944962,0.016570599661944962,0.008897346439855559,5.552610744872339e-05,3.299012522693823e-05,6.374012482288758e-07,0.00016676115285288632,-0.8027197404436421,2.11574894969981,0.03024263420586199,2.9092522043251484e-05,3.06900705837182e-05,1.5491905223960098e-06,0.37676650301063314,2.037579757235873
3.8616259244980834e-05,2,0.004170958321112051,0.7499042466282165,0.6662436364545327,0.007855448110158083,0.6291490367651338,0.006246349704242806,0.07998843101333919,1.9902261397359643e-05,1.4315214139046613,7.0807394154137455,0.01848250008688799,2.2968529243539665e-06,1.1638409796089738e-06,1.362023758342679e-07,3.986299775168628e-06,1.0948354346698526,1.5486173537105756,0.009176069277574785,1.3766518593464007e-06,1.4558268574318803e-06,3.6267711741165126e-08,0.0795506200325002,1.9838073497547057,5.018757865107281e-05,2,-0.4961851525270432,0.005085731574432334,0.004269787210606308,1.0093384757096087,1.1976923735996259,0.012573995882371259,1.7185416882579056e-06,1.8464382630394597e-06,1.644161282003254e-06,6.37903980733448e-07,5.7857689985559595e-06,0.18846173363305238,1.8352332544437748,0.004363497719304632,4.653373610842472e-06,9.451707625821218e-06,8.154066976426297e-07,3.9141946426541396e-05,0.14433417410338817,2.0549495273168357,3,0.09362458406606636,0.023569149607870026,0.6333333333333333,0.01904093933430248,0.016784795901093337,0.015809237047219177,3.903562052153841e-06,1.0693288267893755e-06,1.771066052548472e-07,3.903562052153841e-06,0.2412062845972879,5.070827238215005e-07,4.731007219956463e-06,5.514492373077504e-06,4.874923826876041e-07,1.618742545757872e-05,0.30344284179174336,0.4040986784693036,0.03065173239304913,0.3351082168747304,0.026177081224969943,0.022279548742903943,0.8377852237806509,0.8377852237806509,2,0.8858645167414256,4.040986784693036,1.1412219653744738e-06,5.243046390140669e-08,-1.2689229933078257,1.4941119889779653,0.008777373411725901,2.4513937687866655e-06,8.650000221619286e-06,2.835136717001765e-07,3.0330196707951725e-05,-0.3390005623497145,1.829813731893403,2,0.05837536195475205,0.021810251199846694,0.08792237994069609,0.011974373687829333,10,0.16827596276373796,0.5837536195475206,0.018350957922482092,0.018350957922482092,0.015461131211661627,0.00011149153940247093,3.8056621638868964e-05,4.571182787505749e-05,1.1578495652921192e-07,0.00012056344821436306,-0.6537298371655667,1.8204474076225643,7.860785692670736e-05,7.752374013123174e-07,0.03056585520185907,1.814737363591514,2,0.05837536195475205,0.021810251199846694,0.08792237994069609,0.011974373687829333,10,0.16827596276373796,0.5837536195475206,0.018350957922482092,0.018350957922482092,0.019188650049849487,0.0001734864741759201,4.910935324144477e-05,6.374012482288758e-07,0.0001734864741759201,-0.48283090659143013,2.0027408629907737,0.02936419343083462,9.039420814597672e-05,3.682794482234246e-05,1.5491905223960098e-06,0.029517423285364802,1.8232802314506513
5.092215906652747e-05,2,0.005192680469215614,0.7489631732643888,0.6657591200706465,0.00845963114823614,0.6283701210996411,0.007247435371464046,0.08422985779918701,1.7089586408613486e-05,1.431765992702201,7.073611466675176,0.028296987533634098,2.3631151839290672e-06,1.1738554002011029e-06,1.362023758342679e-07,3.986299775168628e-06,1.055047365328642,1.5133766158684272,0.02611742809133717,7.805703553810226e-08,1.3136188645642487e-06,3.6267711741165126e-08,0.5523151372870028,1.860862137305422,5.54348845844517e-05,2,-0.49654500026785825,0.005390363745547999,0.004435138415072524,1.0106097953339335,1.207154495684663,0.019615276897692383,5.871136211319179e-06,2.3688192110199743e-06,1.9764657794686287e-06,6.37903980733448e-07,5.871136211319179e-06,0.6464814729898246,1.5034792376425392,0.012199436509218453,4.967050860502884e-06,9.382479306151947e-06,8.154066976426297e-07,3.9141946426541396e-05,-0.0065063512561078785,1.8990020602968398,3,0.09487849811790108,0.020983494611903217,0.6333333333333333,0.01805749196450328,0.014546521124650318,0.027889586197288388,4.664498405102743e-06,1.5781397364002058e-06,1.771066052548472e-07,4.664498405102743e-06,0.7445993667717057,2.1743570202929478e-05,5.28662169449154e-06,6.776333575750758e-06,4.874923826876041e-07,2.1743570202929478e-05,0.8190209369114234,0.3896169178136543,0.045415091259215744,0.28567602236041334,0.030061756991230752,0.02260658484517888,0.8374603570218868,0.8374603570218868,3,0.8999668734707524,3.896169178136543,3.124863586012522e-07,5.243046390140669e-08,-0.9023096887924922,1.5115173016988792,0.013655617916294048,9.744997043171962e-06,8.557817921045346e-06,2.835136717001765e-07,3.0330196707951725e-05,-0.546248674793708,1.533804510388296,2,0.05512078570283554,0.021810251199846694,0.08792237994069609,0.012159275383480998,9,0.16123622454973002,0.5512078570283554,0.0012047483834579653,0.0012047483834579653,0.03876665457859943,9.242767055453233e-05,4.147532887390536e-05,4.829871068196421e-05,1.1578495652921192e-07,0.00012056344821436306,-0.35253207536933706,1.758950768003486,8.039032081393551e-05,7.752374013123174e-07,0.11817800190053615,1.7946781714052578,2,0.05512078570283554,0.021810251199846694,0.08792237994069609,0.012159275383480998,9,0.16123622454973002,0.5512078570283554,0.0012047483834579653,0.0012047483834579653,0.044716495099939454,0.00017356296315040504,6.089547509809856e-05,6.374012482288758e-07,0.00017356296315040504,-0.255136662723079,1.976782977462005,0.05023607641980114,0.00013201852363592292,4.675896369240907e-05,1.5491905223960098e-06,0.1133124647727066,1.8053144311965388
9.739596359883733e-05,2,0.0049434090002708694,0.746659649131555,0.6643156009311394,0.010639145905693344,0.6264407992854932,0.010120219826935256,0.08250495696194327,1.0156344434930022e-05,1.4362685560311443,7.054876250313471,0.01769021405859083,7.308852331543025e-06,2.0100479619798215e-06,1.362023758342679e-07,7.308852331543025e-06,1.081189119216876,1.5348421413235418,0.02056971209311894,4.032325449596043e-06,1.662342937426245e-06,3.6267711741165126e-08,0.8975411094732536,1.8025695215455866,7.711685064166592e-05,3,-0.49753742935426876,0.006022945091143528,0.004231070627403973,1.0152187201808482,1.1850452327032914,0.013327645886273748,2.77095228222554e-06,2.5607456020879097e-06,1.911958090573549e-06,6.37903980733448e-07,5.871136211319179e-06,0.32211122385962887,1.7214198486982009,0.014158542618952354,2.3399156247285836e-06,9.511238244327274e-06,8.154066976426297e-07,3.9141946426541396e-05,0.1727722487959184,2.062045867469191,3,0.09562783570915909,0.019762054114130363,0.6333333333333333,0.017552915503926552,0.014687241608364635,0.015623790949297842,3.9383713252670887e-07,1.5787320624767634e-06,1.771066052548472e-07,4.664498405102743e-06,0.7969728736031598,4.264326273743415e-06,5.607458928417905e-06,6.6430726341310974e-06,4.874923826876041e-07,2.1743570202929478e-05,1.0610591731826398,0.3786479031865687,0.041853401877046344,0.28567602236041334,0.03357450301979438,0.023875837523481356,0.8300458946145499,0.8300458946145499,2,0.8507927355225684,3.7864790318656865,7.471907478062575e-08,7.471907478062575e-08,-1.1041955145079316,1.61896143061545,0.016791402411616852,6.983109851524263e-08,8.68830208618842e-06,6.983109851524263e-08,3.0330196707951725e-05,-0.32707290538881995,1.8215823905871855,2,0.051170796079483924,0.01723754861878807,0.08792237994069609,0.011919501493502386,9,0.15373166005996858,0.5117079607948394,0.014711177656494545,0.014711177656494545,0.03618816206048647,0.0001744719461781901,5.776774751408487e-05,6.12092038064769e-05,1.1578495652921192e-07,0.0001744719461781901,-0.32461915637421707,1.7202130172375363,6.658280991499769e-05,7.752374013123174e-07,0.12792730449827538,1.8106343341079842,2,0.051170796079483924,0.01723754861878807,0.08792237994069609,0.011919501493502386,9,0.15373166005996858,0.5117079607948394,0.014711177656494545,0.014711177656494545,0.041077708766437446,0.0002333308390794499,8.174070123509183e-05,6.374012482288758e-07,0.0002333308390794499,-0.24534979405792864,1.964189102849419,0.05392195704882793,0.00011814878828386784,5.1922809477650575e-05,1.5491905223960098e-06,0.12375880078570885,1.822225313958027
0.0001191930550085979,2,0.004614417720228253,0.7451363661111772,0.6634355425753774,0.011257953720640448,0.6250897130616445,0.011285034462029822,0.07606413930401723,1.3684011361466363e-05,1.433448160337618,7.042859543432773,0.025236798083979346,1.4212483742688432e-05,4.088890310646194e-06,1.362023758342679e-07,1.4212483742688432e-05,1.0937894540224264,1.5212903027493057,0.006407948502976923,1.0792638194801443e-05,2.737979985732273e-06,7.697556618401128e-08,0.7901121728979429,1.8350957340362428,8.585227902958438e-05,3,-0.4981149052092205,0.006437898322602198,0.0038559731460004734,1.0161583987327512,1.2023434509788553,0.011613176102100092,2.2530425649271564e-06,2.207472958725029e-06,1.5811934431600135e-06,6.37903980733448e-07,5.871136211319179e-06,0.37661960876261746,1.7318942521089415,0.013975447736559118,3.647666386207427e-06,9.745890897334289e-06,8.154066976426297e-07,3.9141946426541396e-05,0.14348240592083442,2.0605343859510032,3,0.0962279721159703,0.01994285556106311,0.6,0.01740371431947977,0.01445804908035062,0.023729227229052168,1.342469837989724e-05,3.962118774536859e-06,1.771066052548472e-07,1.342469837989724e-05,0.7433878475875704,1.149676587094911e-05,5.321959887166334e-06,6.31435066517314e-06,4.874923826876041e-07,2.1743570202929478e-05,1.0518065034751525,0.3743464597071654,0.044001469441508706,0.28567602236041334,0.026906931872111954,0.019917304410744407,0.8389942307065703,0.8389942307065703,3,0.8451704793544719,3.743464597071654,1.6451819280861075e-06,7.471907478062575e-08,-0.886173769835991,1.6905048851363627,0.016403552113582156,3.228469439179661e-07,8.796144220181386e-06,6.983109851524263e-08,3.0330196707951725e-05,-0.2011790877309923,1.7987079243369022,2,0.048137612193434744,0.01318134412065055,0.08792237994069609,0.012210145560367484,9,0.15140690384246625,0.4813761219343474,0.0065443368406500335,0.0065443368406500335,0.015641800149347428,8.29518620383909e-06,4.6540921313032475e-05,5.891475565331575e-05,1.1578495652921192e-07,0.0001744719461781901,-0.3095261657735324,1.7292639527310358,3.9114330992258286e-06,7.752374013123174e-07,0.09897994225076044,1.8052683843988724,2,0.048137612193434744,0.01318134412065055,0.08792237994069609,0.012210145560367484,9,0.15140690384246625,0.4813761219343474,0.0065443368406500335,0.0065443368406500335,0.014733411090425377,9.569335810431101e-06,6.60215195308463e-05,6.374012482288758e-07,0.0002333308390794499,-0.2246961908812078,1.9731603171358612,0.013410367310622517,3.072475251378871e-06,4.9781555888050506e-05,1.5491905223960098e-06,0.09142930796807404,1.8165077703428718
0.00013219588786714045,2,0.004377802399797831,0.7446987407274744,0.6620670797919757,0.012386853095041386,0.6241180368849464,0.011937763901126266,0.09192708025991803,2.319093488546886e-05,1.4340745901539684,7.0338291025972515,0.01177461229406121,1.9499192594354946e-06,4.091801738167865e-06,1.362023758342679e-07,1.4212483742688432e-05,1.0562452044994366,1.480859575620555,0.016461557152936377,1.974658733838191e-06,2.927748302497691e-06,7.805703553810226e-08,0.3604079524722317,1.7860099536048244,8.266408271600305e-05,2,-0.49787966606503337,0.006561066107050884,0.0037773639369368364,1.0148909212157715,1.2080207182774116,0.010829969021488249,2.1307174821720747e-05,4.274400042823759e-06,5.870391092727655e-06,6.883176288035093e-07,2.1307174821720747e-05,-0.09588198683211706,1.6212013005764756,0.008147147498810393,3.4019305291650606e-06,1.0004543280486532e-05,2.3399156247285836e-06,3.9141946426541396e-05,0.25155779409251056,1.9289835813098248,4,0.09584791461904182,0.019670417398076564,0.5666666666666667,0.01642352041574009,0.015028900765487987,0.013919592553571383,1.7895382392303276e-06,3.8973707769673125e-06,2.2679132572968942e-07,1.342469837989724e-05,0.6472995133703501,5.4229239361398534e-08,5.278633572833714e-06,6.348766664940136e-06,5.4229239361398534e-08,2.1743570202929478e-05,1.0387853946404078,0.36608350682066837,0.047314151231921085,0.28567602236041334,0.027536839493274935,0.019681420633448157,0.8356974070378029,0.8356974070378029,2,0.8412592228812571,3.6608350682066835,1.1927160119402343e-06,7.471907478062575e-08,-0.7447380218938549,1.5809551447914636,0.011381836869466554,8.335010667685369e-06,8.744349257612527e-06,6.983109851524263e-08,3.0330196707951725e-05,-0.07965681068078788,1.6752121621591542,2,0.04364955681474421,0.01318134412065055,0.08792237994069609,0.01245448454070388,9,0.1548013148603375,0.43649556814744206,0.002338801582877692,0.002338801582877692,0.025909916170581478,3.195953200846227e-07,4.633485644805024e-05,5.907224835974667e-05,1.1578495652921192e-07,0.0001744719461781901,-0.02182673704508296,1.5380230170346674,8.35620603296908e-06,7.752374013123174e-07,0.2831288057643197,1.6644364696854297,2,0.04364955681474421,0.01318134412065055,0.08792237994069609,0.01245448454070388,9,0.1548013148603375,0.43649556814744206,0.002338801582877692,0.002338801582877692,0.026114321818264757,1.80939927126363e-07,6.570805128467476e-05,1.80939927126363e-07,0.0002333308390794499,-0.4962537466885638,1.705082487980918,0.01709192740722943,1.1289428457882302e-05,4.960756472404003e-05,1.5491905223960098e-06,0.2653063345090574,1.6900591126796636
0.00012806545925132443,1,0.004388954273005562,0.7445189471771039,0.66058123439045,0.012504852678722716,0.6233071175621012,0.01175912477600709,0.09675131310467344,4.130944477493996e-05,1.4318358918362648,7.0255009078377695,0.02502923749914382,7.379618176882512e-07,4.055115594372297e-06,1.362023758342679e-07,1.4212483742688432e-05,0.9649589031220678,1.603651784987352,0.01766516758292729,5.798645582304336e-07,2.9051138058161153e-06,7.805703553810226e-08,0.22365809558881683,1.8917664758816457,8.041368189476062e-05,2,-0.49828142880761994,0.005924064220277014,0.003182179850771512,1.0156461306440212,1.2166658471333822,0.009939408883896888,2.237544360025255e-05,6.130447552149513e-06,7.985001520218009e-06,6.883176288035093e-07,2.237544360025255e-05,-0.13563237785369664,1.647618938504564,0.019207317894030993,1.1042068268844003e-05,8.859989810705757e-06,2.3399156247285836e-06,3.9141946426541396e-05,0.10803580651242713,2.025062975769206,3,0.09367041102971033,0.019461939616344574,0.5666666666666667,0.018220966508143126,0.014577365036788277,0.027695370795525347,4.681872103622121e-08,3.926655092649193e-06,4.681872103622121e-08,1.342469837989724e-05,0.581726058363333,1.0127703646843301e-05,6.004754388855894e-06,6.445858652651667e-06,5.4229239361398534e-08,2.1743570202929478e-05,0.9160839133891298,0.35677781298472133,0.04644667373631967,0.28567602236041334,0.026494098543824958,0.020364928786029763,0.8338990195974025,0.8338990195974025,3,0.8203792045040382,3.5677781298472135,6.74965389703249e-06,7.471907478062575e-08,-0.5182374484139504,1.5326298831068172,0.018129094879075422,1.2267455444093222e-05,8.818293902663932e-06,6.983109851524263e-08,3.0330196707951725e-05,-0.20866357500350344,1.7501635136793297,2,0.038875563658832275,0.01318134412065055,0.08792237994069609,0.012383028982789639,9,0.13999282446584654,0.3887556365883227,0.02757103795848226,0.02757103795848226,0.01836146985924934,7.522040493306977e-06,4.6604748958757714e-05,5.8887848389490266e-05,1.1578495652921192e-07,0.0001744719461781901,0.19589090006795778,1.3300544669408996,3.5157148090299213e-06,7.752374013123174e-07,0.41184991993228587,1.4408871703237451,2,0.038875563658832275,0.01318134412065055,0.08792237994069609,0.012383028982789639,9,0.13999282446584654,0.3887556365883227,0.02757103795848226,0.02757103795848226,0.020809509119737505,7.917787036992373e-06,6.61322128319099e-05,1.80939927126363e-07,0.0002333308390794499,-0.35573030680538137,1.5888888801968781,0.02893459199054182,2.7123053017443e-06,4.973319001963736e-05,1.5491905223960098e-06,0.40163412979229046,1.4527178845480906
8.694211022676249e-05,2,0.004569748383161552,0.7430369176544321,0.6576545867905409,0.010318659921017014,0.621102930409088,0.009797484452383595,0.09348969075857672,4.595122959827583e-05,1.4227969443920752,7.003457522224864,0.01777889447021295,7.640912587170608e-07,4.1365133061970486e-06,1.362023758342679e-07,1.4212483742688432e-05,1.0918930782615877,1.4874995772839394,0.004857710178809495,1.297734996745488e-07,2.3513235925638773e-06,7.805703553810226e-08,0.46104573447274555,1.8604847196306034,6.294482238195195e-05,2,-0.49897601136450387,0.005631244405979685,0.002847215562790911,1.0138709697983184,1.2303293801470827,0.016688193543931706,5.479754955585972e-07,5.929513988443444e-06,8.096884834296755e-06,5.479754955585972e-07,2.237544360025255e-05,0.10348048679024294,1.5768340915673416,0.011987705134000005,9.816487168763012e-06,9.303171940643012e-06,2.3399156247285836e-06,3.9141946426541396e-05,0.2652600062391509,1.9276232487793068,4,0.09046701170861376,0.01856501638561245,0.5666666666666667,0.01806899559122077,0.01471242764063309,0.019790352069324047,3.670526527777551e-07,3.941972579687291e-06,4.681872103622121e-08,1.342469837989724e-05,0.7389832946673607,5.682928413797294e-07,5.868959294809696e-06,6.54390861801747e-06,5.4229239361398534e-08,2.1743570202929478e-05,1.1653792476808442,0.34437266717243475,0.0455840532686426,0.28567602236041334,0.028899264722989138,0.018869209078679536,0.8456835300749256,0.8456835300749256,3,0.8013832067892885,3.443726671724347,1.0069865998153442e-07,7.471907478062575e-08,-0.2977324625109791,1.441409564563223,0.015352711469716866,5.722912595590554e-06,8.780682476451218e-06,6.983109851524263e-08,3.0330196707951725e-05,-0.016750500780205273,1.6166932981734787,3,0.03252937336147076,0.01318134412065055,0.08324789025838811,0.012538662517169322,9,0.12508503971131085,0.3252937336147077,0.019824932172500143,0.019824932172500143,0.028626424742781226,0.00012224627141527617,5.881779760463241e-05,6.0618988322728034e-05,3.195953200846227e-07,0.0001744719461781901,0.3986233942826127,1.203643115885754,0.0001126732426034117,7.752374013123174e-07,0.5627782973210549,1.3435662377107322,3,0.03252937336147076,0.01318134412065055,0.08324789025838811,0.012538662517169322,9,0.12508503971131085,0.3252937336147077,0.019824932172500143,0.019824932172500143,0.03746859026800972,0.0002502036763835417,9.108884034544117e-05,1.80939927126363e-07,0.0002502036763835417,-0.18371179085187977,1.5765149069329523,0.03444870267711069,0.000181106107497986,6.359937840708388e-05,1.5491905223960098e-06,0.5541085728251728,1.3608427728402746
7.319002898787645e-05,2,0.004512933873219083,0.7419625948148465,0.6549952923072677,0.009219813732353274,0.6192689040567633,0.009156037258283165,0.09339281471535821,4.371052288762579e-05,1.417413004605636,6.984789435610571,0.007955550575668083,9.753694616514565e-07,4.102291339814525e-06,1.362023758342679e-07,1.4212483742688432e-05,1.1017801053031495,1.4952951593730162,0.009859410679615037,4.970341247919634e-07,2.371864638933016e-06,7.805703553810226e-08,0.45571028674341046,1.8561072357512876,5.5781308042430275e-05,2,-0.5006187171323992,0.006579367616991105,0.004296088699019846,1.019490631650858,1.217923006991838,0.01441285648703872,1.1471020632290794e-06,5.967335564316782e-06,8.073540247083291e-06,5.479754955585972e-07,2.237544360025255e-05,0.11936360761061379,1.5910353605028313,0.017383410642198453,3.656151229658834e-06,9.162458303326487e-06,2.3399156247285836e-06,3.9141946426541396e-05,0.36913754227229656,2.019222153195921,3,0.08860281100948145,0.016710232240765482,0.5666666666666667,0.01940819421318498,0.013864444327553486,0.014335763456748593,8.020174777544894e-07,3.92552712299609e-06,4.681872103622121e-08,1.342469837989724e-05,0.7599063611326121,7.332316111860117e-06,6.485402596371567e-06,6.359785156107797e-06,5.4229239361398534e-08,2.1743570202929478e-05,1.1831654871053396,0.32984926900193956,0.04648232392994862,0.26164682932347944,0.031017517081197717,0.017657505394318627,0.8342358558974592,0.8342358558974592,3,0.7811633678492543,3.298492690019396,1.034861391598892e-06,7.471907478062575e-08,-0.132558624409356,1.6354467346347852,0.01222263928922337,2.2493842216904727e-06,8.73874925613999e-06,6.983109851524263e-08,3.0330196707951725e-05,0.1909534538044067,1.8326103866968202,3,0.028340832396771154,0.01318134412065055,0.07312900123068945,0.012629597862582326,9,0.1005986460859675,0.28340832396771154,0.023739160029561335,0.023739160029561335,0.028212783517901407,2.734571335750897e-06,5.9008039734044236e-05,6.043943123281231e-05,3.195953200846227e-07,0.0001744719461781901,0.3657570388899217,1.190903120848199,1.558649724801199e-05,7.752374013123174e-07,0.5724943099935536,1.3507690513988675,3,0.028340832396771154,0.01318134412065055,0.07312900123068945,0.012629597862582326,9,0.1005986460859675,0.28340832396771154,0.023739160029561335,0.023739160029561335,0.031205335385347102,1.0760259153576896e-05,9.206046932215663e-05,1.80939927126363e-07,0.0002502036763835417,-0.20876929054891305,1.5621635613921996,0.02135712072847781,1.6181943161782825e-05,6.270944524677558e-05,1.5491905223960098e-06,0.5612902770047149,1.3660630194276324
5.769038718188208e-05,2,0.004176172515101431,0.7415615478186197,0.6534461470713973,0.007741019053781357,0.6181893530601918,0.008241284660303088,0.09298674538192397,4.303292117636765e-05,1.4139931475504828,6.975038474450084,0.022217546520103333,1.293591311684377e-06,4.026933510405293e-06,7.379618176882512e-07,1.4212483742688432e-05,0.8301920010799588,1.641541081070155,0.012704129590743225,3.5423399926500742e-06,2.514332540425954e-06,7.805703553810226e-08,0.3425216912491799,1.9070095055523912,4.1820801221813006e-05,2,-0.5017648991969118,0.00707589132037395,0.003764822798111692,1.0204284449116114,1.2218433976396363,0.009309419132649915,2.121509255362336e-05,8.020013056798765e-06,9.023922291181328e-06,5.479754955585972e-07,2.237544360025255e-05,-0.15728146284558592,1.6304440471236377,0.01307907199613861,4.858166552085567e-07,8.315240676046222e-06,4.858166552085567e-07,3.9141946426541396e-05,0.12360521111730875,2.1239540611088357,4,0.08832640129466512,0.016585459749293444,0.5666666666666667,0.017820403228868947,0.014699408352804704,0.020759211774341278,2.853538517152544e-07,3.922029288454289e-06,4.681872103622121e-08,1.342469837989724e-05,0.5962483732646763,2.4800302524765602e-06,6.477728928515443e-06,6.364565286718439e-06,5.4229239361398534e-08,2.1743570202929478e-05,0.9858194360020797,0.3114495327439858,0.04223175462408408,0.23889775068226207,0.03169099472198252,0.017194795330690005,0.8321660688067967,0.8321660688067967,4,0.7381089976741455,3.1144953274398572,1.37544723764999e-06,7.471907478062575e-08,-0.43568035275441036,1.7086128414278767,0.013566373178905527,1.9751773593038242e-06,8.619208004682273e-06,6.983109851524263e-08,3.0330196707951725e-05,-0.05395448171966153,1.9390381967493016,3,0.02493326899142624,0.01318134412065055,0.04136248061139192,0.012866030049991579,9,0.07009844724261625,0.24933268991426244,0.04182836370609455,0.04182836370609455,0.021915747258797448,2.8379537371207094e-06,5.920399934525607e-05,6.025353358481953e-05,3.195953200846227e-07,0.0001744719461781901,0.16420741537588035,0.9662233320557321,2.7582922249203226e-06,2.7582922249203226e-06,0.29571543509296416,1.2183577689594403,3,0.02493326899142624,0.01318134412065055,0.04136248061139192,0.012866030049991579,9,0.07009844724261625,0.24933268991426244,0.04182836370609455,0.04182836370609455,0.0217236041095499,4.116629785266432e-06,9.186550119514333e-05,1.80939927126363e-07,0.0002502036763835417,0.14156971075297478,1.2236249428600887,0.014573428617844983,3.325916771493916e-06,6.254999070416828e-05,2.7123053017443e-06,0.27685384076382047,1.2198677727803646
7.524803746591512e-05,2,0.0043512677428915675,0.7424977005748415,0.6541352198545398,0.008536493929123768,0.6190057263151945,0.00932611353203072,0.09228977790408088,4.4424197523380756e-05,1.4174556973327526,6.983164602146907,0.022353080591681028,5.331621690149493e-07,4.109841160346036e-06,5.331621690149493e-07,1.4212483742688432e-05,0.4723772428891978,1.6183711667731138,0.019945366856227664,6.375213697600489e-07,2.3640864818227247e-06,7.805703553810226e-08,-0.1852268240842369,1.821795209115579,4.169317346407644e-05,2,-0.5017804137500766,0.006564353356969083,0.003920153073968584,1.0204208825926062,1.2197487485260483,0.013253583579094914,1.3073906606258406e-05,9.228036788737254e-06,8.808466694264274e-06,5.479754955585972e-07,2.237544360025255e-05,-0.5616132984544512,1.4637731574618975,0.01329554424171967,5.514755321874911e-07,4.456193586610832e-06,4.858166552085567e-07,1.1042068268844003e-05,0.2179865615477777,1.9975719419400233,4,0.08688621580504857,0.017309330605253203,0.5666666666666667,0.01898417900366919,0.014579294834474935,0.023512233477201987,4.1950569206858094e-07,3.918013001657003e-06,4.681872103622121e-08,1.342469837989724e-05,0.2125758501772185,5.318980533016798e-06,6.389329769638142e-06,6.373899711458755e-06,5.4229239361398534e-08,2.1743570202929478e-05,0.46756170840559347,0.29852095932778316,0.03375423539054244,0.23889775068226207,0.031491307976253526,0.017243911036814323,0.8285369129772766,0.8285369129772766,3,0.6818235212428457,2.9852095932778315,2.7318272214286994e-07,7.471907478062575e-08,-0.7816393537533163,1.759412095096044,0.011641282588661142,6.848904412919424e-08,4.196128639142316e-06,6.848904412919424e-08,1.2267455444093222e-05,-0.43415193088913184,2.0233548970734536,3,0.030138817044606907,0.01318134412065055,0.0797020833833266,0.011533808028802064,9,0.1061856238009106,0.3013881704460691,0.04046211258832633,0.04046211258832633,0.015558284136654022,9.367528458626689e-05,6.160220592268388e-05,6.109469283647754e-05,3.195953200846227e-07,0.0001744719461781901,-0.1534708154084211,1.2197845334185433,5.654270000891128e-06,2.7582922249203226e-06,0.24737550735274388,1.2384493561547238,3,0.030138817044606907,0.01318134412065055,0.0797020833833266,0.011533808028802064,9,0.1061856238009106,0.3013881704460691,0.04046211258832633,0.04046211258832633,0.01207039401626356,7.324362403538702e-05,9.363725285380968e-05,1.80939927126363e-07,0.0002502036763835417,-0.3147042759621567,1.2144077199736325,0.01604805376838691,1.333608258442263e-05,6.346853355323281e-05,2.7123053017443e-06,0.26016563675695686,1.2254435652721662
7.009857807778622e-05,2,0.004662201612937105,0.7429776578247089,0.6532660467317388,0.006918897199041319,0.6186083668640839,0.0087053489422921,0.09347973474002169,3.821020278169068e-05,1.416204851503575,6.981218522782239,0.010557463060300188,2.7420250022152718e-06,4.101748733609571e-06,5.331621690149493e-07,1.4212483742688432e-05,0.6638901588247421,1.5749761089073346,0.017241170741519308,9.313854190257289e-07,2.3195598377906575e-06,7.805703553810226e-08,0.09591929056894605,1.6147171386564865,5.11170400456049e-05,1,-0.5011968716450622,0.007163410015148386,0.0034972211210072966,1.0205957307249915,1.221549218549806,0.014214252526232,1.1018829733504204e-06,9.166370917246504e-06,8.862813816219798e-06,5.479754955585972e-07,2.237544360025255e-05,-0.5442563519636293,1.452921513843618,0.0075006135672506915,2.103196903724004e-06,4.201175915898985e-06,4.858166552085567e-07,1.1042068268844003e-05,-0.10910334056273222,1.745725446042849,4,0.08522840993761313,0.016371604077316856,0.5666666666666667,0.018766558625850284,0.014614784779458389,0.01567784432713073,9.585357343390974e-07,3.920371616132276e-06,4.681872103622121e-08,1.342469837989724e-05,0.2840503733754415,3.2214156213883616e-06,6.660763059394827e-06,6.172228647353574e-06,5.4229239361398534e-08,2.1743570202929478e-05,0.22769229720547518,0.29518929254249554,0.031550837349363495,0.23889775068226207,0.029201684917234745,0.01471677806863409,0.8318445930393713,0.8318445930393713,3,0.6624441281136868,2.9518929254249553,4.088325566446449e-07,7.471907478062575e-08,-0.6985982224420904,1.6739522258876207,0.0066139168641047045,3.2354879515097524e-07,4.337110871540932e-06,6.848904412919424e-08,1.2267455444093222e-05,-0.2348414216458075,1.8391858021066578,4,0.035786917789564096,0.01318134412065055,0.0797020833833266,0.011737463839475663,9,0.13061195153921917,0.357869177895641,0.03149914177459068,0.03149914177459068,0.03217366790855882,1.61321840976809e-05,5.206627039220487e-05,5.9995709474203024e-05,3.195953200846227e-07,0.0001744719461781901,-0.45069004933642737,1.387458700900072,3.242035914331636e-05,2.7582922249203226e-06,-0.010973316950008315,1.5504760554068335,4,0.035786917789564096,0.01318134412065055,0.0797020833833266,0.011737463839475663,9,0.13061195153921917,0.357869177895641,0.03149914177459068,0.03149914177459068,0.034821137473183494,3.821198469719981e-05,8.010980390593764e-05,1.80939927126363e-07,0.0002502036763835417,-0.5991393938242771,1.3760483404850576,0.031175288307041756,4.835915602946433e-05,6.251293918983516e-05,2.7123053017443e-06,0.011319369683298941,1.5357766272963136
8.135014970403565e-05,2,0.0038092377329406258,0.7444705790858992,0.6546606817053306,0.00810974380535431,0.619955571486531,0.009252654915530262,0.08521272067517327,3.7219582169105015e-05,1.4200906840852043,6.9956563039561495,0.013516197671221506,3.6089614018455666e-07,4.1899318917971995e-06,3.6089614018455666e-07,1.4212483742688432e-05,0.3967440943704289,1.5116257192815588,0.014107710726138633,3.616920898090055e-06,2.673446224045853e-06,1.297734996745488e-07,-0.0905070222507384,1.4639360347102053,7.20584520212101e-05,2,-0.4991266175723584,0.006825385883704354,0.0034545131259007297,1.0194549793429788,1.2177359330698427,0.016033925172299138,1.3858911736427873e-06,8.717846413478864e-06,9.127761162401464e-06,5.479754955585972e-07,2.237544360025255e-05,-0.8315754432648635,1.2962070103600796,0.013108768198167295,1.2222083093714573e-05,4.926679139220154e-06,4.858166552085567e-07,1.2222083093714573e-05,-0.20039490518272834,1.6895511344308711,4,0.08727741845421669,0.013425407452734236,0.5666666666666667,0.015059744241811262,0.010535412284211317,0.015329294060735235,7.94984707524696e-07,3.859890708026948e-06,4.681872103622121e-08,1.342469837989724e-05,0.25958974859544603,9.352282425074847e-07,4.579928863352628e-06,3.7809526953965536e-06,5.4229239361398534e-08,1.149676587094911e-05,0.06859943150857771,0.30091359751494096,0.03437223624655568,0.23889775068226207,0.028371217772104308,0.013754602529133785,0.8289757796744949,0.8289757796744949,2,0.6684259893798334,3.009135975149409,1.1459555773152514e-07,7.471907478062575e-08,-1.0044618302325146,1.6479856114431037,0.005435817742861255,1.166440243732894e-05,4.615847816692909e-06,6.848904412919424e-08,1.2267455444093222e-05,-0.26858119303462713,1.8206326388187641,3,0.044830754593997615,0.01318134412065055,0.11270649514132555,0.013608270383045849,10,0.1656393905148819,0.4483075459399762,0.007007892646729741,0.007007892646729741,0.028532843347021213,7.164471733502056e-05,4.99879750702537e-05,5.891174025634145e-05,3.195953200846227e-07,0.0001744719461781901,-0.7685662750353062,1.4637836423672048,3.267661962160064e-05,2.7582922249203226e-06,0.27866801992554835,1.7952291561044926,3,0.044830754593997615,0.01318134412065055,0.11270649514132555,0.013608270383045849,10,0.1656393905148819,0.4483075459399762,0.007007892646729741,0.007007892646729741,0.03004292793083732,6.584664220935017e-05,6.933817181183217e-05,1.80939927126363e-07,0.0002502036763835417,-0.9158063616985193,1.4397492798324145,0.021586508905501355,2.8114848883535746e-05,5.689032056832724e-05,2.7123053017443e-06,0.28323736997965204,1.7530129642936005
9.01413128105485e-05,2,0.0037677364523433527,0.7478406426321167,0.6584627867371774,0.010500229895922966,0.6237002228209068,0.009925839899083893,0.07818454210564907,4.521159539864352e-05,1.4312294040322988,7.03151714684647,0.019836246511487955,3.154417020207485e-07,4.006665622817044e-06,3.154417020207485e-07,1.4212483742688432e-05,0.06716912318637047,1.3816603216246877,0.011311335927230402,2.0141549776904273e-06,2.4716291768552912e-06,1.297734996745488e-07,-0.49636157144848025,1.3467046252708745,5.909951761180541e-05,2,-0.4966385768819744,0.006407599266024244,0.003600626447030302,1.0118779911331601,1.2040353238613357,0.014081214677660995,1.2972956412328545e-06,8.570480749379597e-06,9.233862116926138e-06,5.479754955585972e-07,2.237544360025255e-05,-0.7828957525615904,1.2514840180893319,0.007646717405570512,7.691504640918012e-06,5.461838040839098e-06,4.858166552085567e-07,1.2222083093714573e-05,-0.2776703286816766,1.5644793179464853,3,0.08779939113724922,0.012659531209705192,0.6,0.014345611300103122,0.011004052850391686,0.021373796015271024,9.8420695996623e-07,3.840436461205126e-06,4.681872103622121e-08,1.342469837989724e-05,-0.07734388976802457,3.3286192876566834e-06,4.486358164743954e-06,3.799140017840141e-06,5.4229239361398534e-08,1.149676587094911e-05,-0.4168887008486545,0.2950951897655098,0.03148145917541923,0.23889775068226207,0.028358019476705777,0.013726411717683525,0.8315870129258255,0.8315870129258255,2,0.6652980419293544,2.9509518976550977,2.653820950074865e-08,2.653820950074865e-08,-1.0075869376744773,1.6515001191420473,0.00663221668041392,8.944015566730088e-07,4.5463880839150474e-06,6.848904412919424e-08,1.2267455444093222e-05,-0.31657464316330197,1.7421067289929304,3,0.04860426625232108,0.01318134412065055,0.11270649514132555,0.01897633751437053,10,0.16826030163542774,0.4860426625232108,0.02371895305262184,0.02371895305262184,0.023231129963607232,0.00010915215268401791,4.345599572083648e-05,4.720530129975423e-05,3.195953200846227e-07,0.00012224627141527617,-0.41968947683521607,1.3967774377029816,3.406681633295122e-05,2.7582922249203226e-06,0.10711552362186731,1.5849671274094916,3,0.04860426625232108,0.01318134412065055,0.11270649514132555,0.01897633751437053,10,0.16826030163542774,0.4860426625232108,0.02371895305262184,0.02371895305262184,0.021360263902924063,0.00011115713525213392,5.712080142910057e-05,1.80939927126363e-07,0.0002502036763835417,-0.8135832822781858,1.339625611127661,0.01506315767322968,4.622106975726322e-05,5.1135253459613084e-05,2.7123053017443e-06,0.1271761635853614,1.5527084096355541
9.126921773339369e-05,3,0.004059824663216585,0.7510294157089484,0.6612874961623978,0.012012249816202572,0.6268087663599471,0.009948041569511176,0.07970477582013158,3.671039592324377e-05,1.4355073921288017,7.0615845593567315,0.005094159018671744,6.092949914491146e-06,1.669049861094519e-06,3.154417020207485e-07,6.092949914491146e-06,0.39457693416457296,1.583339176657319,0.011829689721928927,1.257711811218388e-06,1.5181365384969859e-06,1.297734996745488e-07,-0.4815535541244679,1.35020762809199,7.270295048216965e-05,2,-0.4935611112233883,0.006997024234226312,0.003744250240047436,1.0100788378223715,1.2029329874159027,0.018583343305968024,4.5813635494154475e-05,1.2926540042302328e-05,1.4177560158357014e-05,5.479754955585972e-07,4.5813635494154475e-05,-1.048851758781558,1.130967430674211,0.010729646815899083,4.611375649702816e-06,5.558208967188636e-06,4.858166552085567e-07,1.2222083093714573e-05,-0.4418874876812689,1.6001040697305646,3,0.08296631014438563,0.01432141341290993,0.6,0.011877105440967534,0.007323270806316553,0.004004358220871429,1.114802555556023e-06,4.777688426379683e-07,4.681872103622121e-08,1.7895382392303276e-06,0.22388255470960194,1.0608471074137976e-06,3.442766288390423e-06,3.09890494375519e-06,5.4229239361398534e-08,1.0127703646843301e-05,-0.41564013774382075,0.29099782306818056,0.028758106197910728,0.23889775068226207,0.028098491897530907,0.01409254498626305,0.8229313427600615,0.8229313427600615,2,0.6519042901652048,2.909978230681806,1.3249175228042428e-06,2.653820950074865e-08,-1.2731595900703394,1.5774054224669358,0.01463682478319645,1.9167723824190992e-05,6.109915999800525e-06,6.848904412919424e-08,1.9167723824190992e-05,-0.5379846973463549,1.8220353736514872,4,0.05475663650673203,0.01511499373732649,0.11270649514132555,0.018447505076453007,10,0.16491753641447504,0.5475663650673203,0.0207677507463756,0.0207677507463756,0.02427546940540851,1.5761877601225103e-06,4.278409587646481e-05,4.77457076635511e-05,3.195953200846227e-07,0.00012224627141527617,-0.6740708342072176,1.3844015413527408,3.190575786030786e-06,2.7582922249203226e-06,-0.029787031135173104,1.6207816683062324,4,0.05475663650673203,0.01511499373732649,0.11270649514132555,0.018447505076453007,10,0.16491753641447504,0.5475663650673203,0.0207677507463756,0.0207677507463756,0.022938174065755747,7.485471756807833e-06,5.691241502373826e-05,1.80939927126363e-07,0.0002502036763835417,-1.0120724181197356,1.2405810459356919,0.010810049280276403,3.3434005622397414e-06,5.111820227942068e-05,2.7123053017443e-06,0.01406787272467891,1.5793209528248848
0.00012180628001244291,2,0.004393720113385393,0.7547563850798535,0.6655077204014058,0.013299326201515315,0.6310740910527393,0.011657910374957055,0.08699453157888815,3.674441688849775e-05,1.4460778127540501,7.101320527406297,0.024185731587403336,1.4813525638003279e-06,1.6644809474183821e-06,3.154417020207485e-07,6.092949914491146e-06,0.026278099507701814,1.4744923225995366,0.02571458072899032,7.870900658492253e-07,1.3993796716980893e-06,1.297734996745488e-07,-0.5269657311291958,1.3863585971952113,7.213407299316179e-05,3,-0.49135949259730227,0.006936988483138384,0.0037855154780965282,1.0021818895860528,1.200144121535629,0.014165384411449112,1.2585932039842365e-06,1.0921681880528674e-05,1.4267948353094906e-05,5.479754955585972e-07,4.5813635494154475e-05,-0.6114644142154562,1.5225226303874073,0.011686504793306374,2.155831756864439e-06,5.433599089958575e-06,4.858166552085567e-07,1.2222083093714573e-05,-0.5306254833217132,1.6890055018245167,2,0.07977263627901258,0.01161273288054271,0.6333333333333333,0.013516512568458067,0.007078870151734941,0.024534550817460823,2.5408218730082102e-06,6.590259914939151e-07,4.681872103622121e-08,2.5408218730082102e-06,-0.14405853801921448,8.269595580181527e-08,3.4456129600344646e-06,3.0958024287122857e-06,8.269595580181527e-08,1.0127703646843301e-05,-0.4971254395609533,0.29134166827807456,0.029009825492238784,0.23889775068226207,0.027948286776497317,0.01415441308014996,0.8205656812784601,0.8205656812784601,2,0.6538690573277004,2.9134166827807455,4.699341841777023e-07,2.653820950074865e-08,-1.4130873742753107,1.641034315270715,0.0068032355829855465,4.123426854082269e-07,6.301046303758368e-06,6.848904412919424e-08,1.9167723824190992e-05,-0.6550500961658777,1.9029158274840332,3,0.05748045106620268,0.024460476967081056,0.11270649514132555,0.01788341900576906,10,0.16769929944803535,0.5748045106620268,0.02613963098649441,0.02613963098649441,0.021725720622935325,1.5195697071252535e-05,4.4271706051581604e-05,4.661789581666501e-05,1.5761877601225103e-06,0.00012224627141527617,-0.9568195585502437,1.4660197316677352,4.9645351421953905e-05,2.7582922249203226e-06,-0.3096548330633094,1.8535154461473966,3,0.05748045106620268,0.024460476967081056,0.11270649514132555,0.01788341900576906,10,0.16769929944803535,0.5748045106620268,0.02613963098649441,0.02613963098649441,0.0313964782242136,0.0001133908310315322,6.823340413417884e-05,4.116629785266432e-06,0.0002502036763835417,-1.2868618975561497,1.2684404532301705,0.03601311177861138,9.94137045396384e-05,5.373148390997759e-05,2.7123053017443e-06,-0.25954970560702906,1.81662663424345
0.00011329445536395202,2,0.0058812706658512995,0.7553449584370393,0.6671766873328724,0.012644334794478239,0.6320655556870938,0.011282386039111188,0.08594737736186642,3.1038043067058e-05,1.4471229086143722,7.112608228849558,0.026533873397038627,3.0439044038552006e-06,1.6982128818536073e-06,3.154417020207485e-07,6.092949914491146e-06,0.40987465390260447,1.5204828066430573,0.03381633466041927,1.3037963701773154e-06,1.4717728528927774e-06,1.297734996745488e-07,-0.1541090530396684,1.4878017640320862,6.943574468423402e-05,3,-0.4910670309779624,0.007584367869772407,0.004157979026669272,1.0011784724220227,1.195491635907388,0.01442913805499344,4.71182419234951e-06,9.155319939738371e-06,1.3827208076767842e-05,5.479754955585972e-07,4.5813635494154475e-05,-0.255805477917252,1.7015005120971554,0.01274935218831123,5.1566501096199014e-05,9.486042372694075e-06,4.858166552085567e-07,5.1566501096199014e-05,-0.11695829768256058,1.8143598559344025,3,0.07928088722072398,0.011452430603227731,0.6666666666666666,0.011700280434106198,0.00684373624633417,0.021243884132830966,1.7199353605717244e-06,6.509312107672632e-07,2.853538517152544e-07,2.5408218730082102e-06,0.21168126897678147,9.04776070308931e-06,3.3376186656590656e-06,2.871533083359994e-06,8.269595580181527e-08,9.04776070308931e-06,-0.1041827714612094,0.28462119437522737,0.02954043967474796,0.23889775068226207,0.033277258442484796,0.015828258838224855,0.817879713947491,0.817879713947491,2,0.6508048332375852,2.846211943752274,8.15281335159548e-06,2.653820950074865e-08,-1.7419604184314181,1.6204593672025387,0.013997479329154773,2.2799817694652396e-06,5.925531698240358e-06,6.848904412919424e-08,1.9167723824190992e-05,-0.1633825511251005,2.16479669968622,4,0.05683957599200103,0.020788746791410517,0.11270649514132555,0.017579521055270622,10,0.1685497008875854,0.5683957599200103,0.02129095341026388,0.02129095341026388,0.02328098122027921,4.6501386143907804e-05,4.816964061664169e-05,4.49830820638921e-05,1.5761877601225103e-06,0.00012224627141527617,-0.8606541183124143,1.5424391248042857,8.11734815918252e-05,2.7582922249203226e-06,-0.135610690225438,1.7950759138594556,4,0.05683957599200103,0.020788746791410517,0.11270649514132555,0.017579521055270622,10,0.1685497008875854,0.5683957599200103,0.02129095341026388,0.02129095341026388,0.021194882090986716,7.494792173898012e-05,7.493641760437761e-05,4.116629785266432e-06,0.0002502036763835417,-1.1028790620946638,1.409890337800043,0.01698192841617416,6.217623217939893e-05,5.207464041399081e-05,3.325916771493916e-06,-0.09102373134332575,1.7502246698329318
0.00010177496863567424,3,0.005599829172398701,0.7569187780308744,0.6693510574714767,0.011866737794417917,0.633797963420696,0.010732584759357976,0.08748418531088231,2.7892428733658713e-05,1.4507017275368308,7.131349177511755,0.008512939968047533,9.490051854960457e-06,2.828109617024429e-06,3.154417020207485e-07,9.490051854960457e-06,0.30147637651005016,1.5660584554808534,0.011020513319917916,4.6617478864200434e-07,1.5054129817895228e-06,4.6617478864200434e-07,-0.45954325424728226,1.4750769542797975,7.122077459487166e-05,3,-0.4907610851671693,0.007597852061225474,0.0041587522671268995,1.0012645041373172,1.20352821622809,0.007565525507370439,5.260550816397876e-06,9.6265774718223e-06,1.3604333293146905e-05,1.1018829733504204e-06,4.5813635494154475e-05,-0.506419879498804,1.7263205521435356,0.011541245570515815,1.5911987541701779e-06,8.663513531234792e-06,4.858166552085567e-07,5.1566501096199014e-05,-0.2529265287399162,1.8694998669909038,2,0.07857686595955463,0.011518243406757023,0.7,0.01191255263698693,0.006643046895384561,0.0036341233976356895,8.129163713404463e-07,6.207054706468352e-07,2.853538517152544e-07,2.5408218730082102e-06,0.09009012281490884,2.573790829574956e-06,3.5381684644785882e-06,2.7380483507856567e-06,8.269595580181527e-08,9.04776070308931e-06,-0.36350359386930375,0.2816093658473546,0.03018841398020403,0.23889775068226207,0.031481285661955474,0.017327206898609632,0.8210269173785569,0.8210269173785569,2,0.6419345048169723,2.8160936584735463,2.2949388715884381e-07,2.653820950074865e-08,-1.9103738924991653,1.5058820615440733,0.013517930798608335,3.2301436272773616e-07,6.032363559366019e-06,6.848904412919424e-08,1.9167723824190992e-05,-0.27011011702883836,2.196162362627815,3,0.056125533011338755,0.017320047160458256,0.11270649514132555,0.017496439356543048,10,0.16695937761913957,0.5612553301133876,0.019553136907667468,0.019553136907667468,0.015499551223631763,9.369802497931832e-07,3.603871150009339e-05,3.9378622731393464e-05,9.369802497931832e-07,0.00010915215268401791,-1.123136786731149,1.5079378895338975,1.4063148832779063e-06,1.4063148832779063e-06,-0.3542671993269118,1.855466073098611,3,0.056125533011338755,0.017320047160458256,0.11270649514132555,0.017496439356543048,10,0.16695937761913957,0.5612553301133876,0.019553136907667468,0.019553136907667468,0.01568376615850096,1.8631162822768519e-06,5.0102361594251126e-05,1.8631162822768519e-06,0.0001133908310315322,-1.3792326120290572,1.3424553674529076,0.010970237462024102,2.4552646783964847e-06,3.009012882015972e-05,2.4552646783964847e-06,-0.31847631828306905,1.8190403680210834
6.26762670104435e-05,3,0.005823783701094441,0.7592094083922322,0.6724414094071487,0.009435556122733672,0.6364355207452423,0.008666279996457022,0.08539559897221816,2.4331513163603826e-05,1.4515632947524062,7.1582540889969035,0.007545453810498459,3.2939059565495646e-06,2.777302986107591e-06,3.154417020207485e-07,9.490051854960457e-06,-0.0001809646785388197,1.4326160638025658,0.002832966453167973,1.8439641556726383e-06,1.6401059848775906e-06,4.6617478864200434e-07,-0.7149473084553054,1.2364779353122712,4.6205827709126454e-05,3,-0.4889314487479816,0.006074161452830751,0.003414550886675971,0.9950382031088398,1.1948772823638303,0.00698436536630324,4.297658516625981e-06,9.94163311716199e-06,1.3439799540691678e-05,1.1018829733504204e-06,4.5813635494154475e-05,-0.8626591920422424,1.6175716564017226,0.006742602353658042,4.926562934075312e-07,8.34716403760966e-06,4.858166552085567e-07,5.1566501096199014e-05,-0.3828493030539276,1.7063620978891034,2,0.07806899099584794,0.010747260977540325,0.7,0.012108698934449574,0.006799387651783735,0.010736208208561436,3.039954910818321e-06,8.532463844934524e-07,2.853538517152544e-07,3.039954910818321e-06,-0.2140792801750398,1.8686984150480019e-06,2.991806694797377e-06,2.4571436619482322e-06,8.269595580181527e-08,9.04776070308931e-06,-0.7980393894014576,0.2853500557358088,0.029798118550823215,0.23889775068226207,0.03221331082190427,0.01740793455485007,0.821370580353504,0.821370580353504,2,0.648928688410974,2.853500557358088,5.928864101493718e-07,2.653820950074865e-08,-1.8615220425151282,1.646832098831468,0.013680803660864613,2.2567188694556284e-06,6.0321589031284e-06,6.848904412919424e-08,1.9167723824190992e-05,-0.38511646272523886,2.0515246360559707,3,0.05385048627264847,0.017320047160458256,0.11270649514132555,0.018634958006942683,10,0.16940245465327003,0.5385048627264847,0.029041153245456752,0.029041153245456752,0.020776662696275098,4.598119597362e-05,4.0363373963880295e-05,3.782779331837565e-05,9.369802497931832e-07,0.00010915215268401791,-1.4513691838525509,1.4347558013343407,2.4402465237715815e-05,1.4063148832779063e-06,-0.20502180927905683,2.0569408468648067,3,0.05385048627264847,0.017320047160458256,0.11270649514132555,0.018634958006942683,10,0.16940245465327003,0.5385048627264847,0.029041153245456752,0.029041153245456752,0.02132519394084888,5.815881800842827e-05,5.484221747973626e-05,1.8631162822768519e-06,0.0001133908310315322,-1.711914160696351,1.2233076746413105,0.022953277463682094,3.561479408624583e-05,2.9610593326527232e-05,2.4552646783964847e-06,-0.17064419348151705,2.0170005229336136
3.8497622262472114e-05,2,0.005987842877486556,0.7604900971145322,0.6745630795048929,0.007328700347209425,0.6381471782786571,0.00690014836126908,0.08457693162748159,2.0237060431493048e-05,1.4507030487395123,7.175265883097126,0.003828803226753196,5.054267482840708e-07,2.8314277404180937e-06,3.154417020207485e-07,9.490051854960457e-06,0.3447126483117679,1.5066984816784579,0.010018414226259183,1.1873622976528517e-07,1.2977456085891116e-06,1.1873622976528517e-07,-0.5847138680540487,1.2664498099345762,3.0469754304358005e-05,3,-0.48762290324611185,0.0055956968250729655,0.0038405125226717786,0.9905732623149005,1.1913385653397899,0.0028326507304534876,1.7709979844414186e-07,7.837833841644071e-06,1.315400177242605e-05,1.7709979844414186e-07,4.5813635494154475e-05,-0.7625022817767868,1.5977433199006694,0.006106925818636177,4.886089293707417e-06,8.787191301459548e-06,4.926562934075312e-07,5.1566501096199014e-05,-0.10980201644048852,1.6653259226090602,2,0.07723162880779208,0.009702245116038665,0.7333333333333333,0.01243818615879872,0.006427677951803761,0.005351490016371619,3.090190846462314e-07,8.505487274462781e-07,3.090190846462314e-07,3.039954910818321e-06,0.13418011669661353,1.5528932704601158e-06,2.8990929965957326e-06,2.491950002949595e-06,8.269595580181527e-08,9.04776070308931e-06,-0.6157809336041163,0.29121802773300337,0.02554729098924085,0.2520676473544172,0.03008602871316393,0.019596691852946074,0.8183897007555866,0.8183897007555866,3,0.6462404130053704,2.912180277330034,7.648179990037892e-08,2.653820950074865e-08,-1.778243411982442,1.648498061053408,0.002442013117791433,6.170256771453786e-07,6.0898053622539755e-06,6.848904412919424e-08,1.9167723824190992e-05,0.024868154256351784,2.1017693171338534,2,0.05251667100667905,0.017320047160458256,0.11270649514132555,0.01819166261184017,10,0.16936338640566287,0.5251667100667905,0.02552492670104156,0.02552492670104156,0.006446171886677857,9.67783274333589e-07,4.017635691760158e-05,3.801700293579817e-05,9.369802497931832e-07,0.00010915215268401791,-1.4582093530479052,1.425763983741328,1.6472430811047938e-06,1.4063148832779063e-06,-0.19150421289527514,2.056484706393916,2,0.05251667100667905,0.017320047160458256,0.11270649514132555,0.01819166261184017,10,0.16936338640566287,0.5251667100667905,0.02552492670104156,0.02552492670104156,0.007042578511842651,1.0162326021165064e-06,5.453217776142127e-05,1.0162326021165064e-06,0.0001133908310315322,-1.7058762584115357,1.2336839676461888,0.00282590479435587,2.7679219685356516e-06,2.9669256778575514e-05,2.4552646783964847e-06,-0.13200456344616546,2.0171149542752835
4.039427838889559e-05,2,0.0057609544020701935,0.7616417712657293,0.6758660079906327,0.006951257991503209,0.6391563286720632,0.007008334278041925,0.09077723455865427,1.8518171146574084e-05,1.4531964744671766,7.1875388962818105,0.010423553370597085,1.6148247832239745e-05,4.788150881369361e-06,3.154417020207485e-07,1.6148247832239745e-05,0.35654987714455977,1.4962629161241205,0.021843607217126162,6.354591898680617e-06,1.8694526614811683e-06,1.1873622976528517e-07,-0.43478463401545603,1.1419889978895108,3.671005185416356e-05,2,-0.4851004351834852,0.0068096193858297235,0.004684258352502971,0.9857147229595645,1.2122348548448323,0.011460422063012272,1.410251024397715e-05,7.940694205415944e-06,1.3198490581029091e-05,1.7709979844414186e-07,4.5813635494154475e-05,-0.7102842229753312,1.5731771771639285,0.02015776313961632,1.0552668533604511e-05,9.78731060160125e-06,4.926562934075312e-07,5.1566501096199014e-05,-0.022874476904322406,1.5787320468595247,2,0.07628653798158526,0.01059595324530037,0.7333333333333333,0.012545914796949706,0.0066055038924693246,0.0037468488912745005,1.3939300473096693e-06,8.020246466392399e-07,3.090190846462314e-07,3.039954910818321e-06,0.06799359286346292,1.4187087078548428e-06,2.5090658140795365e-06,2.3856365627315175e-06,8.269595580181527e-08,9.04776070308931e-06,-0.48618751596774634,0.29400058847794364,0.02403874376787879,0.2520676473544172,0.027899963869395954,0.02105569710847531,0.8226741732823758,0.8226741732823758,3,0.6491580913324237,2.9400058847794357,1.6826691378449992e-06,2.653820950074865e-08,-1.592428690975209,1.6509016180424334,0.018977492045451322,2.462240130372455e-07,6.079136553668283e-06,2.462240130372455e-07,1.9167723824190992e-05,0.19490437613526645,1.946869492891856,3,0.046426074728003086,0.017320047160458256,0.11270649514132555,0.017531044444913067,10,0.16971306837892408,0.4642607472800309,0.020173276261534756,0.020173276261534756,0.020015061432232528,1.1584712832379706e-06,3.09246755872987e-05,3.501035444766207e-05,9.369802497931832e-07,0.00010915215268401791,-1.2632772789482218,1.4092589046042001,1.9280935649457557e-06,1.4063148832779063e-06,-0.19179707173348942,2.0565260797406646,3,0.046426074728003086,0.017320047160458256,0.11270649514132555,0.017531044444913067,10,0.16971306837892408,0.4642607472800309,0.020173276261534756,0.020173276261534756,0.020477248168918636,8.299981338062733e-07,4.729081517126319e-05,8.299981338062733e-07,0.0001133908310315322,-1.571906484821699,1.2299240011968575,0.014917473265895565,2.1178945554203358e-06,3.063262716383293e-05,2.1178945554203358e-06,-0.16514284603686816,2.0210631032485153
3.56103149016003e-05,3,0.00593522785685886,0.762596393737129,0.6778721052291345,0.0059895113837874735,0.6406642663747637,0.006685520468000548,0.08296498706899957,1.2267500615559655e-05,1.4536517519001948,7.202342494831319,0.013036352261617321,4.845607334815704e-07,4.91017987150847e-06,3.154417020207485e-07,1.6148247832239745e-05,0.17968842346015584,1.4949052969358445,0.011040701907437072,7.615477986160046e-07,1.8524688994401962e-06,1.1873622976528517e-07,-0.1738403835311598,1.481118923950691,3.3617544983692066e-05,3,-0.4843750994631482,0.007158582815464632,0.004831068124517413,0.9848104431817368,1.2052898436524841,0.009995182917488188,1.5323507576154002e-05,9.362856665696301e-06,1.3151093755806599e-05,1.7709979844414186e-07,4.5813635494154475e-05,-0.4383725525661669,1.6665042753378145,0.01724641159913152,8.274709132104665e-06,1.0404461824439316e-05,4.926562934075312e-07,5.1566501096199014e-05,0.1433944915940908,1.6438625370310584,3,0.07370491318798122,0.010743516265799693,0.7666666666666667,0.011101097980323837,0.007358897025115223,0.008020117406330482,8.936547806836503e-07,8.055566674538989e-07,3.090190846462314e-07,3.039954910818321e-06,0.022714475069171347,1.7244972094084574e-07,2.2041692240347857e-06,2.468508280459013e-06,8.269595580181527e-08,9.04776070308931e-06,-0.7981747280724254,0.2948868131543588,0.02446914041206793,0.2520676473544172,0.026003627800870833,0.021046423845296095,0.8249909754555111,0.8249909754555111,3,0.6497692415762162,2.948868131543587,1.0885348960452479e-06,2.653820950074865e-08,-1.2812030204372529,1.8128764126675379,0.027389111012458767,7.79207430607312e-06,6.062632764102116e-06,2.462240130372455e-07,1.9167723824190992e-05,0.4360375232989336,1.917881352010998,3,0.04170277755687078,0.017320047160458256,0.11270649514132555,0.016752070904077064,10,0.15690246619007708,0.41702777556870785,0.029718287697160894,0.029718287697160894,0.019415116862120996,8.722714949274477e-07,2.9398684327023358e-05,3.5942025373517424e-05,8.722714949274477e-07,0.00010915215268401791,-0.7798459612827994,1.6943431659268404,2.1947624297499453e-06,1.4063148832779063e-06,0.26219839374414233,1.9140681712970697,3,0.04170277755687078,0.017320047160458256,0.11270649514132555,0.016752070904077064,10,0.15690246619007708,0.41702777556870785,0.029718287697160894,0.029718287697160894,0.020519337024579754,4.662965604921719e-06,4.393591326203539e-05,8.299981338062733e-07,0.0001133908310315322,-1.1547073922846913,1.4861768618252915,0.01849770086551926,7.925542493812809e-06,3.1012320895755905e-05,2.1178945554203358e-06,0.2815025819521619,1.8706755416736447
2.983399784140901e-05,2,0.005686116265553538,0.7640131347340653,0.6803654851192961,0.006274528404668608,0.6427840299862748,0.006205498217019314,0.07444633174292081,2.164813223743314e-05,1.4590475807277823,7.221893099266806,0.016816220933664278,2.5754538789155168e-06,4.783885289303445e-06,3.154417020207485e-07,1.6148247832239745e-05,0.15943040675452952,1.5044998826454443,0.020227965231206166,1.1420090221894365e-06,1.6049777118501344e-06,1.1873622976528517e-07,-0.20558261629489233,1.4736726023754725,5.476849656660637e-05,3,-0.482799554903642,0.008008791654633673,0.005238184762156958,0.9827730384204827,1.2041915796217917,0.020627732631450985,1.8877756381857476e-06,9.413045112150597e-06,1.312147986640613e-05,1.7709979844414186e-07,4.5813635494154475e-05,-0.4196683578712898,1.6569115519456663,0.0167112484892036,3.1678078001422986e-05,1.2350061315210157e-05,4.926562934075312e-07,5.1566501096199014e-05,0.09898158257041778,1.6410922026453596,3,0.0733703900152735,0.010747698529875477,0.7666666666666667,0.010904588726256345,0.0073526814069998165,0.021987930577678443,1.2741144825579559e-06,7.844735769372992e-07,3.090190846462314e-07,3.039954910818321e-06,-0.22198064177523036,1.6161690416487482e-06,2.2722633039489118e-06,2.4418127747564953e-06,8.269595580181527e-08,9.04776070308931e-06,-0.8328135904720732,0.2932170058208524,0.021527282802776295,0.2520676473544172,0.023447595790949433,0.02060187691905927,0.823698092261691,0.823698092261691,3,0.6409820224684416,2.9321700582085244,6.233662725158567e-07,2.653820950074865e-08,-1.2701461442968842,1.807324584555138,0.00804694193963819,1.8689043507732612e-06,5.61101646702987e-06,2.462240130372455e-07,1.9167723824190992e-05,0.2853154251159796,1.9589707913860852,3,0.03424483765059186,0.017320047160458256,0.07470504666476005,0.01635140826656619,10,0.11088401898450122,0.34244837650591864,0.0251843954499007,0.0251843954499007,0.016076066530333367,7.856915507146497e-06,2.3019904144235946e-05,3.345253953331304e-05,8.722714949274477e-07,0.00010915215268401791,-0.7484220448281761,1.6640256887486133,1.1048896277590072e-05,1.4063148832779063e-06,-0.24587057867684542,1.7914518308447676,3,0.03424483765059186,0.017320047160458256,0.07470504666476005,0.01635140826656619,10,0.11088401898450122,0.34244837650591864,0.0251843954499007,0.0251843954499007,0.01636178845252147,1.1391112464338206e-05,3.849036028753419e-05,8.299981338062733e-07,0.0001133908310315322,-1.129091350747575,1.4626521363986253,0.013863302692054583,1.171547224344894e-05,3.1447117699765386e-05,2.1178945554203358e-06,-0.208477872563065,1.7809986836809035
3.083750505270744e-05,3,0.005578363083363443,0.7650162424643125,0.6804989891927926,0.00630970389451351,0.6432585929280857,0.006328664831017247,0.08688057867315568,1.8952550381634525e-05,1.459168499987964,7.227576158285526,0.013202492773705466,6.178714833586273e-06,4.610476019450364e-06,4.845607334815704e-07,1.6148247832239745e-05,0.48011963229764587,1.5951765893878862,0.005536248662306364,4.021143665244159e-06,1.8056765806055073e-06,1.1873622976528517e-07,-0.25947573779075306,1.5434683673481981,9.988287364408972e-05,3,-0.4799029751087274,0.008671055752364492,0.00501406597400701,0.9855119944111561,1.2257630801782822,0.013508394050694938,7.3398015406705135e-06,1.0017295702094364e-05,1.287056370374865e-05,1.7709979844414186e-07,4.5813635494154475e-05,-0.13233660212929407,1.6531819188815087,0.016128352142191483,4.949892555787354e-06,1.207590010669709e-05,4.926562934075312e-07,5.1566501096199014e-05,-0.23429597565872032,1.5557693884307364,4,0.07388666152950213,0.010745980710927342,0.7666666666666667,0.010942480521329795,0.007318229333740882,0.01552647591742636,6.958770626709236e-07,8.045735892302772e-07,3.090190846462314e-07,3.039954910818321e-06,0.09933093905635881,1.5545650599098433e-06,2.0948578811742275e-06,2.4229934427175623e-06,8.269595580181527e-08,9.04776070308931e-06,-0.8610832091942164,0.2985560997060054,0.025201857330530642,0.2520676473544172,0.018926982583130608,0.017295984997912312,0.8316210035727447,0.8316210035727447,3,0.6614225514172414,2.985560997060053,4.569958733674448e-07,7.648179990037892e-08,-0.9803529987984042,1.7581118299274408,0.017013619875387687,6.624540737815528e-07,5.62256189719819e-06,2.462240130372455e-07,1.9167723824190992e-05,-0.019384722403438893,1.8426523306925473,3,0.03320741554956021,0.017320047160458256,0.07470504666476005,0.009259299429555558,10,0.10889953218195902,0.33207415549560215,0.02183574864691884,0.02183574864691884,0.019992381038888302,1.439960888752794e-06,1.2248684964709432e-05,1.754269676684808e-05,8.722714949274477e-07,4.6501386143907804e-05,-0.8960003523927703,1.5766004043655484,3.4683606299374985e-06,1.4063148832779063e-06,-0.5217363561746031,1.7269930251077388,3,0.03320741554956021,0.017320047160458256,0.07470504666476005,0.009259299429555558,10,0.10889953218195902,0.33207415549560215,0.02183574864691884,0.02183574864691884,0.018913503792250902,4.2395146617583735e-06,2.7798598228496637e-05,8.299981338062733e-07,0.0001133908310315322,-1.0283651732869745,1.4535080449592606,0.008308950952568948,3.3402913902227073e-06,3.150847504621596e-05,2.1178945554203358e-06,-0.49156347494369435,1.7028393654415606
3.254198615935431e-05,3,0.005448493268160941,0.7662059899225271,0.6810300340409134,0.006468842557632211,0.6442190354703616,0.0066153114330655535,0.08629180192107,1.6517569622040056e-05,1.4623242946461033,7.236180119817202,0.014770754014571726,8.776132960824671e-06,4.7464528334913195e-06,4.845607334815704e-07,1.6148247832239745e-05,-0.0014538001618344509,1.5542236996637784,0.02151433160807535,3.938958448013897e-06,2.073801244285058e-06,1.1873622976528517e-07,-0.5535887899160625,1.7506033800660439,0.00010675116628003722,3,-0.4792563156719497,0.008812117912866397,0.005084135089551378,0.9847964841358859,1.207093082546946,0.021610212938621517,1.39063674591232e-06,5.574995827270148e-06,5.022102358390747e-06,1.7709979844414186e-07,1.5323507576154002e-05,-0.22245229697608387,1.7577529956740088,0.01889374810410817,1.8007602007208507e-06,1.1794838561798895e-05,4.926562934075312e-07,5.1566501096199014e-05,0.2211580994161229,1.7642139958074878,3,0.07509162123987359,0.009318400560187953,0.7666666666666667,0.010253792325186969,0.007281325684094955,0.020230155664928133,7.442710427105655e-07,8.242032699358694e-07,3.090190846462314e-07,3.039954910818321e-06,-0.31987286537005954,1.5150626655331025e-06,2.140279436986158e-06,2.4073912284675914e-06,8.269595580181527e-08,9.04776070308931e-06,-1.0867151815017848,0.3019610386929874,0.026434319307280525,0.2520676473544172,0.019399624008374344,0.01703461101290484,0.8239726015145217,0.8239726015145217,3,0.6686066461856127,3.019610386929874,1.2345498620656828e-06,7.648179990037892e-08,-0.4871795258586779,2.063165192100144,0.01766293819729924,1.017423153580558e-06,2.1482178927515543e-06,2.462240130372455e-07,7.79207430607312e-06,0.47799814867318713,1.8641089737265877,2,0.030058668267327664,0.017320047160458256,0.04459844419170623,0.00932825158107728,10,0.0819298543470138,0.30058668267327665,0.025836046253931322,0.025836046253931322,0.018113428455649415,7.743559396100595e-06,1.2865422128307242e-05,1.7262828305504323e-05,8.722714949274477e-07,4.6501386143907804e-05,-0.44193314590347227,1.8880376872250837,1.7387436748054265e-05,1.4063148832779063e-06,-0.12441897171907672,1.9928430453899735,2,0.030058668267327664,0.017320047160458256,0.04459844419170623,0.00932825158107728,10,0.0819298543470138,0.30058668267327665,0.025836046253931322,0.025836046253931322,0.016501718645574794,1.2463502194462741e-05,2.8296401272262127e-05,8.299981338062733e-07,0.0001133908310315322,-0.6832743816292033,1.7388370001381892,0.011674475003198825,2.296597998769916e-05,3.082132107242958e-05,2.1178945554203358e-06,-0.11236320807972344,1.9778305595175671
2.719948678378452e-05,2,0.005225757648315839,0.7654144416260078,0.6809792437884157,0.006412855430228823,0.6437374481320389,0.005987674068841661,0.07958695113867276,1.8761822787247347e-05,1.4597481615776131,7.2319684270721165,0.012942448126025057,2.5755949473416405e-06,4.671535512910715e-06,4.845607334815704e-07,1.6148247832239745e-05,0.08184181969413329,1.5105795608343908,0.013383361333882508,5.346866074516996e-06,2.529778845151836e-06,1.1873622976528517e-07,-0.3424954753930375,1.7119454273667023,0.00010632354198182119,3,-0.47885930970798984,0.009061771385684304,0.004903684414116308,0.9836527422924884,1.1996379900388856,0.0076760089509473346,5.841587684035102e-06,6.033295275275235e-06,4.812010772565926e-06,1.7709979844414186e-07,1.5323507576154002e-05,-0.38034169431666387,1.5621499804805603,0.01768823059196238,1.3275130980330202e-06,1.1712006695915753e-05,4.926562934075312e-07,5.1566501096199014e-05,0.5921556941746482,1.5081746348180072,4,0.07427668595411577,0.009522542952083955,0.8,0.008309623612745955,0.007059599821626664,0.010676090421614243,1.0952707451520886e-06,7.217443794434174e-07,3.090190846462314e-07,3.039954910818321e-06,-0.17443884782021996,2.0345542981421397e-06,2.3354652712201907e-06,2.3098025498538085e-06,1.7244972094084574e-07,9.04776070308931e-06,-0.9311753843753456,0.3035719835872022,0.027586728788863212,0.2520676473544172,0.017605629915607025,0.0176569793307437,0.8208558544001691,0.8208558544001691,2,0.6774818146930772,3.0357198358720217,8.543153342159877e-07,7.648179990037892e-08,-0.045841394252639514,1.9976700762294464,0.011273732783006063,2.850185807532715e-07,2.156455806961857e-06,2.462240130372455e-07,7.79207430607312e-06,0.8599527953005073,1.5927809343264154,2,0.029889352278717363,0.017320047160458256,0.04459844419170623,0.005800636783059023,10,0.0811638802492832,0.2988935227871736,0.03213746093576231,0.03213746093576231,0.012378731366617919,7.719784127993372e-07,1.1423050262461921e-05,1.7607013502152575e-05,7.719784127993372e-07,4.6501386143907804e-05,0.050513265301584245,1.8925581435371586,1.604180742156691e-06,1.4063148832779063e-06,0.3344940626484543,1.7930493595466537,2,0.029889352278717363,0.017320047160458256,0.04459844419170623,0.005800636783059023,10,0.0811638802492832,0.2988935227871736,0.03213746093576231,0.03213746093576231,0.012692199600339377,1.503349906482979e-06,1.71076531597572e-05,8.299981338062733e-07,7.494792173898012e-05,-0.13711983599828498,1.8865807024216859,0.01698976129481768,3.5354900869150727e-06,1.874314904663347e-05,2.1178945554203358e-06,0.3400057697488009,1.781587495520721
2.2655952735015232e-05,2,0.0021786655334382864,0.7666722046281002,0.6839691713490287,0.007315242749280536,0.6463410701005255,0.006057533556538756,0.06862573177665976,4.052668175126615e-05,1.4614049384873578,7.253206879885644,0.015482904526182955,1.1669302001764833e-05,4.961315723965139e-06,4.845607334815704e-07,1.6148247832239745e-05,-0.23620736648563848,1.330924494961234,0.010311237141045081,1.1128053770711214e-05,3.512204585205225e-06,1.1873622976528517e-07,-0.5427478968120295,1.5451976126917732,0.00010376382677849383,3,-0.47549842832682715,0.00946911040950692,0.005345165172749543,0.9745885049815065,1.2065570236756187,0.01730465501885739,5.439032802298331e-07,5.616503184063267e-06,5.081382281743782e-06,1.7709979844414186e-07,1.5323507576154002e-05,-0.7218462468423741,1.3257770032500027,0.015875067781084877,3.2521579290700582e-06,6.880572379202858e-06,4.926562934075312e-07,3.1678078001422986e-05,0.3005357321354761,1.4346632814042304,4,0.0713177995028015,0.011432758066330906,0.8333333333333334,0.009567882105569803,0.007370201751888684,0.0029136569198308696,1.1797329348764317e-06,7.005548293145262e-07,3.090190846462314e-07,3.039954910818321e-06,-0.4824537224542455,1.1680562403623573e-05,2.598745441273617e-06,3.081146607401874e-06,1.7244972094084574e-07,1.1680562403623573e-05,-0.9777336560569833,0.3132449525063925,0.024631785714973646,0.26163101032664277,0.013274363161853963,0.009814817379120743,0.8276576313765656,0.8276576313765656,2,0.6886030397225464,3.132449525063925,7.841563319484833e-07,7.648179990037892e-08,0.19903487549810656,1.739210649318414,0.012851251819099985,5.026817558971904e-07,2.177345343126393e-06,2.462240130372455e-07,7.79207430607312e-06,0.5095928671209301,1.4315548840300198,2,0.0316108672748366,0.017320047160458256,0.04459844419170623,0.0032833346266986536,10,0.08553997932876226,0.31610867274836596,0.01868237448671428,0.01868237448671428,0.01727926779750973,6.450689474849392e-06,7.4179805955560805e-06,1.3167756596599097e-05,7.719784127993372e-07,4.598119597362e-05,-0.20548788545655888,1.9505210317004482,2.881113429061801e-05,1.4063148832779063e-06,0.24934409316358722,1.8251789665862261,2,0.0316108672748366,0.017320047160458256,0.04459844419170623,0.0032833346266986536,10,0.08553997932876226,0.31610867274836596,0.01868237448671428,0.01868237448671428,0.018068562640978867,3.486185962898967e-06,9.96147958214909e-06,8.299981338062733e-07,5.815881800842827e-05,-0.41631023913991394,1.9397887990012121,0.017008911278123748,2.4455963068121378e-05,1.1266799800086194e-05,2.1178945554203358e-06,0.2577723898765412,1.8156677577810527
1.873376452194958e-05,2,0.003197440875383912,0.767086182039564,0.6843253224475603,0.006934666706558821,0.647058871909984,0.005431443829618822,0.08806244844020428,4.110972948060794e-05,1.4608365314890124,7.2570575224356215,0.031156048392522052,2.900698595511654e-06,4.913926429097081e-06,4.845607334815704e-07,1.6148247832239745e-05,0.08712591237717435,1.524770565384268,0.034995591450945475,9.855622150193117e-06,4.451149321360336e-06,1.1873622976528517e-07,-0.05774867577983076,1.8198931929096303,9.685502201291438e-05,3,-0.4751268500109164,0.010879015642294033,0.006482916139129243,0.9733136306493714,1.1892891649365012,0.016874028797802497,7.677338552976709e-06,5.858181957721151e-06,5.116060134180858e-06,1.7709979844414186e-07,1.5323507576154002e-05,-0.3338265214963926,1.5076414518332333,0.024256587882601453,2.9529631746730288e-05,9.674415678458869e-06,4.926562934075312e-07,3.1678078001422986e-05,0.711549583953676,1.4165791093058362,4,0.06813038970206209,0.014244627100291314,0.8666666666666667,0.009796405454994953,0.007306450340450904,0.012368874142180353,1.5450930499663648e-06,7.004003126622636e-07,3.090190846462314e-07,3.039954910818321e-06,-0.12209602811175295,8.719458291366429e-07,2.4285609412297856e-06,3.1245196541279827e-06,1.7244972094084574e-07,1.1680562403623573e-05,-1.1430094954271293,0.321596871747449,0.019296759028263874,0.2930807386117759,0.012682740245542801,0.010191752782062065,0.8304279484028692,0.8304279484028692,2,0.6891072328722105,3.2159687174744893,6.742876484772101e-08,6.742876484772101e-08,0.568259729216741,1.7087383614680725,0.013452839781528765,6.220624982449461e-06,2.5328838958902795e-06,2.462240130372455e-07,7.79207430607312e-06,0.8875734557500907,1.3777704610974997,2,0.0340251128015127,0.01861201322448903,0.04459844419170623,0.003283843023052277,10,0.08841637942130211,0.34025112801512697,0.03260228382267538,0.03260228382267538,0.018954993036557708,1.0943791152725038e-05,8.418661685849265e-06,1.3016575917004257e-05,7.719784127993372e-07,4.598119597362e-05,0.29880645750645257,2.0441858765231666,2.8917243401448947e-05,1.604180742156691e-06,0.7202678091419171,1.8322540637888933,2,0.0340251128015127,0.01861201322448903,0.04459844419170623,0.003283843023052277,10,0.08841637942130211,0.34025112801512697,0.03260228382267538,0.03260228382267538,0.019011365141115802,7.011912696115047e-06,1.047635922353291e-05,8.299981338062733e-07,5.815881800842827e-05,0.037798245726275506,1.9798248259735498,0.02150256964631909,3.23283672253796e-05,1.2332321731980777e-05,2.1178945554203358e-06,0.7287157230298315,1.8103478417808876
2.117412902108016e-05,3,0.003140812777121237,0.7671991015205645,0.683802975687436,0.007562136532918763,0.6469241682918018,0.005601378496997472,0.09174826138346781,4.808932021945086e-05,1.4613717442928926,7.255010386040002,0.01735786641720307,3.6291868303608384e-06,4.89980953220363e-06,4.845607334815704e-07,1.6148247832239745e-05,0.305771342415347,1.55352170784946,0.027035706460153356,8.106750171425139e-07,4.347820407507324e-06,1.1873622976528517e-07,0.008879624812311169,1.8110808239355667,8.012647946688663e-05,4,-0.4735438776018805,0.01187700351424622,0.005604242737942269,0.9681792075283239,1.2223166112342756,0.022293768972113832,1.7293726362241583e-06,5.601353369680968e-06,5.250646976633188e-06,1.7709979844414186e-07,1.5323507576154002e-05,-0.03872875799162957,1.4490395185421758,0.020229735909442714,7.516117181424664e-07,9.700311220932362e-06,7.516117181424664e-07,3.1678078001422986e-05,0.5459102726179339,1.4374042206518844,4,0.06458704063112071,0.011912408430232906,0.9,0.009440466184792985,0.00695962204828318,0.019974676128992865,7.252931681582915e-07,3.5900920885608537e-07,3.090190846462314e-07,1.5450930499663648e-06,0.12105945998762994,8.957560217294797e-07,2.3312667018979335e-06,3.1554336290480037e-06,1.7244972094084574e-07,1.1680562403623573e-05,-0.8978670145559977,0.32242926834046776,0.018468112898485343,0.2930807386117759,0.012717719317304643,0.010276847741211419,0.8333799200439782,0.8333799200439782,2,0.6872107091592073,3.2242926834046775,1.1589407461781347e-06,6.742876484772101e-08,0.2915507838315422,1.5214702043229962,0.020171749053615694,1.6040431221250724e-06,2.5376182276415044e-06,2.462240130372455e-07,7.79207430607312e-06,0.6500477566305388,1.4098143519390867,1,0.034823393259431776,0.018796120596567056,0.04459844419170623,0.004121309427589166,10,0.08679902130953032,0.3482339325943178,0.023140430969639803,0.023140430969639803,0.02988655982661692,4.4572280441032355e-05,8.2777701325905e-06,1.2610527937833252e-05,7.719784127993372e-07,4.4572280441032355e-05,0.6064028803444674,1.8018561693160364,5.055726431717871e-05,1.604180742156691e-06,0.404328203902503,1.6574540790924788,1,0.034823393259431776,0.018796120596567056,0.04459844419170623,0.004121309427589166,10,0.08679902130953032,0.3482339325943178,0.023140430969639803,0.023140430969639803,0.029987352021843917,5.150480217853066e-05,9.810957640543147e-06,8.299981338062733e-07,5.150480217853066e-05,0.3428810781721288,1.7483297283091939,0.022537661488230627,7.187827869212807e-05,2.054986418785036e-05,2.1178945554203358e-06,0.4105967122415356,1.6440796061527179
1.581938217883413e-05,2,0.003098351213864644,0.7682259820323629,0.6838405301990826,0.007523066492956909,0.6476420536127016,0.004789607393486027,0.09447019162899939,5.923461737760421e-05,1.462469571873533,7.260332561157228,0.013837535827171604,3.8570434876382336e-07,4.912237517328532e-06,3.8570434876382336e-07,1.6148247832239745e-05,-0.056077015277675876,1.4872818727496007,0.012405996780345303,1.608247394047216e-06,4.496771523935516e-06,7.615477986160046e-07,-0.27236249051740014,1.9580931642099486,5.877471684075603e-05,3,-0.4716219937759828,0.012173288641548036,0.005028512395892324,0.9619560791919097,1.2137010898270806,0.019137286640964424,1.7227881639091198e-06,5.755922206227466e-06,5.1095475605018845e-06,5.439032802298331e-07,1.5323507576154002e-05,-0.1735635511433084,1.5565364333422487,0.013581032183633698,2.047689702330104e-06,9.41647126179463e-06,7.516117181424664e-07,3.1678078001422986e-05,0.2255595421475851,1.6688202996900665,3,0.06401868252149673,0.010964390067679273,0.9,0.011123487550879867,0.00799352857408511,0.015032421269851168,1.622574544747232e-07,3.881830703387184e-07,1.622574544747232e-07,1.5450930499663648e-06,-0.24194564146036165,1.7056813094343388e-05,3.881658684286261e-06,5.401539708638876e-06,1.7244972094084574e-07,1.7056813094343388e-05,-1.1461542335242039,0.3252354985161408,0.016506538554376334,0.2930807386117759,0.014396301389196125,0.009655718879950051,0.8290140852047053,0.8290140852047053,3,0.6924815988029913,3.252354985161408,3.6673546925784947e-07,6.742876484772101e-08,0.15748049384284374,1.7094783084327825,0.011034326269810412,3.397210584348896e-08,2.576992915530534e-06,3.397210584348896e-08,7.79207430607312e-06,0.1426151094992051,1.675948302426094,2,0.0346982232669418,0.018796120596567056,0.04459844419170623,0.004311014775407473,10,0.0868885879103635,0.34698223266941797,0.024033225432262384,0.024033225432262384,0.014847257262232813,4.614418726157306e-05,1.2795410531314449e-05,1.6633078606515145e-05,7.719784127993372e-07,4.614418726157306e-05,0.31592274381320073,2.0325190925563836,3.824057246781981e-05,1.604180742156691e-06,0.14843722073924798,1.9093976916991808,2,0.0346982232669418,0.018796120596567056,0.04459844419170623,0.004311014775407473,10,0.0868885879103635,0.34698223266941797,0.024033225432262384,0.024033225432262384,0.01920579410214094,7.345253901106858e-05,1.7054588281438357e-05,8.299981338062733e-07,7.345253901106858e-05,0.038280788302850643,1.9588504535239624,0.010918738817520339,6.054802655625501e-05,2.33075199561511e-05,2.1178945554203358e-06,0.13232162949409604,1.8978459358451678
1.618595033611403e-05,3,0.0031735753348497505,0.7687113600031087,0.6831147395260182,0.008210034395121652,0.6475942299970334,0.004823577529787885,0.10288892099675429,8.792003636137969e-05,1.4624725527128621,7.259130497645635,0.014153576211069338,8.609151674704262e-08,3.6395912391959568e-06,8.609151674704262e-08,1.1669302001764833e-05,0.2956027828305955,1.6497811974126286,0.008113275257476337,1.79264599621011e-06,4.040576933688466e-06,7.615477986160046e-07,-0.3910800177637482,2.0190837714108145,5.89137840589598e-05,3,-0.47168193089347926,0.01110813491548605,0.00538282382611612,0.9622448662403642,1.218462192202236,0.009398046708694208,6.4953035941370275e-06,4.995201541243452e-06,4.314730077233701e-06,5.439032802298331e-07,1.5323507576154002e-05,0.13121432704298092,1.6187113566234503,0.006018916757347026,1.1149813474129401e-06,8.472702543175473e-06,7.516117181424664e-07,3.1678078001422986e-05,0.06793457286107621,1.8635865716370807,4,0.06450686665822584,0.010991714658702943,0.9,0.01006694530452677,0.0068689773050314715,0.010976536651669665,1.8759988893437264e-07,4.2379968496816976e-07,1.622574544747232e-07,1.5450930499663648e-06,0.20923309937221024,1.4116014079430994e-05,5.151389221443876e-06,6.118170181008735e-06,1.7244972094084574e-07,1.7056813094343388e-05,-1.275804957815599,0.33096098578617855,0.014117128544936705,0.30737769413820953,0.016416212075074432,0.009484765040880352,0.8267477678243743,0.8267477678243743,2,0.6970837855739996,3.309609857861785,1.3526501716088297e-06,6.742876484772101e-08,0.21594300122460658,1.6878188752838297,0.007254103506867805,3.6333129057900426e-06,2.543531903222804e-06,3.397210584348896e-08,7.79207430607312e-06,0.005495112314688555,1.8054285748422316,1,0.03673780287625009,0.02446351459264632,0.04459844419170623,0.005054145767560072,10,0.09010001026748823,0.3673780287625009,0.017827830399260503,0.017827830399260503,0.008379137608536522,7.733256961831628e-06,1.3452889099173812e-05,1.6286427792277774e-05,7.719784127993372e-07,4.614418726157306e-05,0.13941263700586073,2.1683469774099735,1.3076907098458023e-05,1.604180742156691e-06,-0.023398246382746367,2.031938712952871,1,0.03673780287625009,0.02446351459264632,0.04459844419170623,0.005054145767560072,10,0.09010001026748823,0.3673780287625009,0.017827830399260503,0.017827830399260503,0.006906772393859288,7.912492946928807e-06,1.7762837762750608e-05,1.503349906482979e-06,7.345253901106858e-05,-0.06546457461865067,2.037190839752567,0.007939554299378643,1.439159140462324e-05,2.2425084020273076e-05,3.3402913902227073e-06,-0.0382597491996429,2.024383684550793
1.6661014430373077e-05,2,0.003169589552422488,0.7692591965194183,0.6822270200677386,0.00856065205671648,0.6474118983854928,0.004914592016601275,0.09732054681489233,9.891171084316322e-05,1.4620576162277308,7.257431082935786,0.009969125425978269,7.872572938614418e-08,3.679781320954787e-06,7.872572938614418e-08,1.1669302001764833e-05,0.3040134250303627,1.6453784579386626,0.011815950570180367,2.6882390408539618e-06,4.233246057912262e-06,8.106750171425139e-07,-0.636877582134374,1.7602442208266182,4.4151341570382335e-05,3,-0.4702984242945334,0.010405482860004001,0.005826576451956785,0.9573839899045173,1.21915321610732,0.005528389926737665,9.730647821343566e-06,4.435915565762411e-06,3.14311142486387e-06,5.439032802298331e-07,9.730647821343566e-06,-0.03585782270401982,1.5707113705087308,0.011568419147220812,6.694616985550595e-07,7.71217779982051e-06,6.694616985550595e-07,3.1678078001422986e-05,-0.04859976549542998,1.8044663040005007,3,0.06752224237462938,0.013578742230513285,0.9333333333333333,0.012402419733429842,0.007329947806764279,0.010669350074624526,1.5012851338158946e-06,4.670141612626534e-07,1.622574544747232e-07,1.5450930499663648e-06,0.25219947565038087,2.1354249216492766e-06,5.347686741514719e-06,5.985323204154902e-06,8.719458291366429e-07,1.7056813094343388e-05,-0.9483589404524198,0.33151012914288813,0.013405380532687675,0.30737769413820953,0.018077944553556602,0.010893011314543228,0.8265190004223476,0.8265190004223476,2,0.6962447318894776,3.3151012914288813,2.188236721232763e-06,6.742876484772101e-08,0.3534968251208101,1.800112703798978,0.011099918909508755,1.4975928503778861e-06,1.788732224255493e-06,3.397210584348896e-08,6.220624982449461e-06,-0.03515844123847388,1.7804780820549198,2,0.03662861532951812,0.02446351459264632,0.04459844419170623,0.0047991274124901,10,0.09000871814990852,0.3662861532951811,0.027218774430892934,0.027218774430892934,0.01657566576708083,3.558299258715664e-05,1.692396120839673e-05,1.6921771265269728e-05,7.719784127993372e-07,4.614418726157306e-05,-0.013757962925740852,2.061000397452641,8.075411547331693e-06,1.604180742156691e-06,-0.09390783573333503,1.9831779631095763,2,0.03662861532951812,0.02446351459264632,0.04459844419170623,0.0047991274124901,10,0.09000871814990852,0.3662861532951811,0.027218774430892934,0.027218774430892934,0.01683407926605022,4.1278585444667625e-05,2.1424399746725197e-05,1.503349906482979e-06,7.345253901106858e-05,-0.1534194142425065,1.9835304787905434,0.016799140473114756,1.3216070326319667e-05,2.2068313494936244e-05,3.3402913902227073e-06,-0.10439513901490657,1.9788908644623446
1.5084827875417811e-05,2,0.003216463912038047,0.7699823644596556,0.6806775862221232,0.00798235748347333,0.6471052429872779,0.004783589078883451,0.09717234960144938,8.818895441353317e-05,1.4610252183139987,7.253299753408893,0.007115609668416627,5.518757788350161e-07,3.799940704663674e-06,7.872572938614418e-08,1.1669302001764833e-05,0.18547154208021674,1.7487220219592778,0.014381435019352089,4.7376222010839807e-07,4.166421377704158e-06,4.7376222010839807e-07,-0.9440397751631396,1.8861285585871503,4.53895837542235e-05,3,-0.47004489207623806,0.009275508479353323,0.006063189570395181,0.9573791141023479,1.2225478103553604,0.007866505733337163,2.414688761068228e-06,4.488606878050658e-06,3.104127433799958e-06,5.439032802298331e-07,9.730647821343566e-06,-0.05520977052630458,1.5859024780635491,0.011635663024409269,3.634024582123485e-06,4.907772457890564e-06,6.694616985550595e-07,2.9529631746730288e-05,-0.2509528038063849,1.8985028300790727,4,0.06888139458000622,0.014575587165521325,0.9333333333333333,0.012008050877627708,0.007538118764280714,0.010198783751733805,4.1420561689533126e-08,5.151292167333165e-07,4.1420561689533126e-08,1.5450930499663648e-06,0.11923174258522166,7.657480851261435e-07,5.262644645862458e-06,6.04349695547302e-06,7.657480851261435e-07,1.7056813094343388e-05,-1.231033022800253,0.32900457360053437,0.016208298009038,0.30116544332626655,0.018019202859860244,0.010907965951762232,0.8253922310197244,0.8253922310197244,3,0.6974075327746317,3.290045736005344,6.357063246977907e-09,6.357063246977907e-09,0.6893334945310754,1.608687090404232,0.008329683756831378,5.133803799767098e-06,2.061049806900148e-06,3.397210584348896e-08,6.220624982449461e-06,-0.1658050156346386,1.885545857617845,2,0.03522219719505384,0.024062914733893503,0.04459844419170623,0.004796946463639682,10,0.08978131389000746,0.3522219719505384,0.020886620998904815,0.020886620998904815,0.0061536240626441484,9.034533829756946e-06,1.7041723040657777e-05,1.6862255174394614e-05,7.719784127993372e-07,4.614418726157306e-05,0.28244211631186145,1.93032740678808,1.6312784905399224e-06,1.604180742156691e-06,0.0790878816593717,1.874414031969092,2,0.03522219719505384,0.024062914733893503,0.04459844419170623,0.004796946463639682,10,0.08978131389000746,0.3522219719505384,0.020886620998904815,0.020886620998904815,0.005079476999272669,9.19361141075769e-06,2.120464964136715e-05,1.503349906482979e-06,7.345253901106858e-05,0.14456948115101081,1.8476502621569781,0.00481980289623073,1.7907965962180824e-06,2.2889010500747516e-05,1.7907965962180824e-06,0.056392705682320535,1.8744671382249327
1.7921399444533365e-05,2,0.003289739616598792,0.7700640868113392,0.6792637420568494,0.008707870456114541,0.6463873894672796,0.005257563722661018,0.1018362438427286,0.00010106832387551801,1.4601019659821186,7.246639144340943,0.011225834976862324,8.400066333482296e-07,3.7868390077917412e-06,7.872572938614418e-08,1.1669302001764833e-05,0.18011768678232937,1.742121399690322,0.005989884002750298,4.7010914639593485e-06,4.234416157575677e-06,4.7376222010839807e-07,-0.5407482063985937,1.9498691595319915,3.208202284518713e-05,2,-0.47118921863151736,0.008690067919788347,0.006252712422671257,0.95504729660358,1.2267414512627823,0.006952161031894942,1.3914226368663834e-05,5.14604936084999e-06,4.156281473245967e-06,5.439032802298331e-07,1.3914226368663834e-05,0.033238282533510466,1.672356399227497,0.003313141232673549,2.7923233870044018e-06,4.692015541012267e-06,6.694616985550595e-07,2.9529631746730288e-05,0.08533283548671258,1.9748030811929211,3,0.06615159628659607,0.015482201548350744,0.9333333333333333,0.01520831489440488,0.010029002439586402,0.004723629106006103,2.0531798595779945e-06,6.373431528346616e-07,4.1420561689533126e-08,2.0531798595779945e-06,0.10920924768140414,2.1726051972407745e-06,5.324448659595551e-06,6.008317957009774e-06,7.657480851261435e-07,1.7056813094343388e-05,-1.3000670782493242,0.32218988246693214,0.023431566845264627,0.27051552746798424,0.01984005044026832,0.011336250817045205,0.829094843777835,0.829094843777835,3,0.7052933585514334,3.221898824669322,2.5348021843162016e-07,6.357063246977907e-09,0.7482148117544543,1.5938536688332756,0.006694723180179452,3.2565721064230546e-07,2.086195556948148e-06,3.397210584348896e-08,6.220624982449461e-06,-0.06684473733864324,1.8827212028395879,2,0.032912050741587165,0.02149697965703952,0.043217573842434576,0.004927404167642007,10,0.08753519256348263,0.3291205074158716,0.010387875232098609,0.010387875232098609,0.026752337892247978,1.0469942686169435e-05,1.7944721220399442e-05,1.623260839582116e-05,7.719784127993372e-07,4.614418726157306e-05,0.40775997754852866,1.9095223801965615,9.834815414205097e-06,1.604180742156691e-06,0.2457306492029215,1.8128351425251714,2,0.032912050741587165,0.02149697965703952,0.043217573842434576,0.004927404167642007,10,0.08753519256348263,0.3291205074158716,0.010387875232098609,0.010387875232098609,0.027124251632801036,1.3934953509200357e-05,2.2174193526111343e-05,1.503349906482979e-06,7.345253901106858e-05,0.27232499455540116,1.8283874582555053,0.024464567257184537,1.299609213781559e-05,2.2153300073745172e-05,1.7907965962180824e-06,0.21575909216153938,1.8206637952485631
1.632286816375199e-05,3,0.0032539519744764355,0.7704167290996827,0.6779692186593584,0.008671324550288002,0.6458096221292624,0.005091728546214851,0.10276345877941451,0.00011063408294818428,1.4587941108632525,7.241929738795205,0.007586035876295092,6.402899954824315e-07,3.3379140835575423e-06,7.872572938614418e-08,1.1669302001764833e-05,0.3203950614866197,1.6095747500249058,0.0081262537544472,4.697449578707863e-06,4.310265270645074e-06,4.7376222010839807e-07,-0.42169227940976856,1.8262415481580183,3.4115926749872875e-05,2,-0.4707305812745384,0.00790204931340765,0.00628805660418808,0.9536520221772925,1.2279245323315229,0.005970516153031563,8.169753891595081e-07,5.088683225174709e-06,4.2113134015077594e-06,5.439032802298331e-07,1.3914226368663834e-05,0.2571973898757617,1.4372120361256768,0.004640805309188382,1.4844986771660478e-06,4.660389388656787e-06,6.694616985550595e-07,2.9529631746730288e-05,-0.23950173769094976,1.7135265679011495,4,0.06588717597839107,0.015460209030304,0.9666666666666667,0.016164521455135177,0.009703405795307847,0.009940587901632344,6.047845642176675e-07,6.426184772308398e-07,4.1420561689533126e-08,2.0531798595779945e-06,0.239475278736746,1.0187451285528312e-06,5.274816905897524e-06,6.041538503237269e-06,7.657480851261435e-07,1.7056813094343388e-05,-1.1559768973287956,0.31605955558424387,0.02885908290587087,0.26532518836004904,0.019155686189354586,0.011975398169741637,0.8277219955579388,0.8277219955579388,4,0.7051844284913273,3.1605955558424377,2.39914880989505e-07,6.357063246977907e-09,0.22224668077367546,1.6589024583726295,0.004339934939494058,2.540625114798142e-07,2.135075787070322e-06,3.397210584348896e-08,6.220624982449461e-06,-0.541299687791694,1.689337028087105,2,0.0304883262015745,0.018980328442307952,0.04146250242721926,0.0048330179646193135,10,0.08193391897901911,0.304883262015745,0.012205662135054585,0.012205662135054585,0.0017403435386452546,1.6169471029664437e-06,1.7332059991086025e-05,1.6714528771599216e-05,7.719784127993372e-07,4.614418726157306e-05,0.09880764931899895,1.7417311703446505,4.2853245038884214e-06,1.604180742156691e-06,-0.32709376707978893,1.7859147886690212,2,0.0304883262015745,0.018980328442307952,0.04146250242721926,0.0048330179646193135,10,0.08193391897901911,0.304883262015745,0.012205662135054585,0.012205662135054585,0.002088860859462995,9.202574836782978e-07,2.10198690550329e-05,9.202574836782978e-07,7.345253901106858e-05,-0.11256361168389314,1.7890063970166017,0.005184127918720608,3.955098519251632e-06,2.3110861638310425e-05,1.7907965962180824e-06,-0.3577559650793931,1.778581729300893
1.5336570394785315e-05,3,0.003166687607258499,0.7710883616186391,0.676143658605951,0.0083131166053625,0.6450412362309936,0.005013334626132067,0.10455887686230958,0.0001025272333103455,1.4569885517873862,7.236160101122951,0.006157791970215467,1.8726627782797264e-07,3.3971272912681643e-06,7.872572938614418e-08,1.1669302001764833e-05,0.5742049350837685,1.682884718149145,0.011591449471590886,5.10790928428356e-07,3.8266577560362104e-06,4.7376222010839807e-07,-0.4452694326020632,1.8184015525058526,3.222531849510098e-05,3,-0.4693541391551655,0.007504735848753852,0.006481852910179575,0.9538203806680915,1.2247080230536531,0.007489455132914826,4.685956561066699e-07,4.551384022381865e-06,4.4186315228321024e-06,4.685956561066699e-07,1.3914226368663834e-05,0.006922302530188551,1.5082186103328437,0.008161417901465923,2.1795379182182695e-06,4.745591870675312e-06,6.694616985550595e-07,2.9529631746730288e-05,-0.2893236429339054,1.6798235683315574,3,0.06486482131850023,0.015607511018459218,1.0,0.01692245580682103,0.008683140428445913,0.006798904154931058,1.606056940251443e-07,6.759237082541098e-07,4.1420561689533126e-08,2.0531798595779945e-06,0.4199433242220305,2.77201624692147e-06,5.348563100775457e-06,6.005932061052205e-06,7.657480851261435e-07,1.7056813094343388e-05,-1.2058771164143212,0.3088907380415677,0.03306724959238627,0.258455374763447,0.019491158248687312,0.011572772824027466,0.8345658696561379,0.8345658696561379,3,0.7013241822508945,3.0889073804156766,1.025381085257609e-07,6.357063246977907e-09,-0.10855218586077249,1.6731938728224802,0.007532809677849386,1.7516043531967737e-06,2.0649528773657134e-06,3.397210584348896e-08,6.220624982449461e-06,-0.6472176241033566,1.5981199760360632,2,0.028491750949837774,0.018980328442307952,0.04146250242721926,0.004900337720026947,10,0.077016777925746,0.28491750949837774,0.01606335717865237,0.01606335717865237,0.009251550121992663,1.8467780443262557e-06,1.743953995423872e-05,1.66108303712744e-05,1.6169471029664437e-06,4.614418726157306e-05,-0.05870525350726229,1.6026752404119378,3.2834213288174068e-06,1.6312784905399224e-06,-0.40872832487482497,1.7143037095934093,2,0.028491750949837774,0.018980328442307952,0.04146250242721926,0.004900337720026947,10,0.077016777925746,0.28491750949837774,0.01606335717865237,0.01606335717865237,0.011025526215518569,1.8106607489777977e-06,2.105060013928238e-05,9.202574836782978e-07,7.345253901106858e-05,-0.3266244766160111,1.5366605710247718,0.018331090647747638,4.0841492761127215e-06,2.3063029550229606e-05,1.7907965962180824e-06,-0.436780228747255,1.7077535709139244
3.794900103515694e-06,2,0.0032450007906382264,0.7712662778872282,0.6736801343477103,0.002944983459376048,0.6435782506248606,0.0024163629418639974,0.09504013704495773,2.6282111326730027e-05,1.4496583377186087,7.2247320611746915,0.00757955365086844,1.4014280915325294e-06,1.1711071380836269e-06,7.872572938614418e-08,3.6291868303608384e-06,0.5668314654063245,1.6893231193450193,0.010773741358102707,1.100307869758007e-06,2.8238831659408893e-06,4.7376222010839807e-07,-0.17629266016960093,2.037161555054721,2.5634133921862e-05,2,-0.4698847253225509,0.006040549694486608,0.005824499340246974,0.9532582776028995,1.2276056933042288,0.005297760067724354,1.0859800275895556e-06,4.605591697117838e-06,4.372216641179343e-06,4.685956561066699e-07,1.3914226368663834e-05,0.2939469802743582,1.5130662929812004,0.002236901742977221,5.99454238824493e-07,4.480321501650756e-06,5.99454238824493e-07,2.9529631746730288e-05,-0.47659560103216414,1.8080659704804285,3,0.06675062091158497,0.014973572401647229,1.0,0.01642840040141635,0.008803760855471585,0.006415281814408271,1.11001252791902e-06,6.724880431095888e-07,4.1420561689533126e-08,2.0531798595779945e-06,0.7769894735666873,3.3701291818418517e-07,4.214208152231518e-06,5.769454114457001e-06,3.3701291818418517e-07,1.7056813094343388e-05,-1.1084517862917045,0.3073719477266476,0.03151164865840218,0.258455374763447,0.02514118547644336,0.020292165776979076,0.8316931329503561,0.8316931329503561,3,0.6935432098413329,3.073719477266476,8.686533411084001e-07,6.357063246977907e-09,-0.008654239102278694,1.6664329140768246,0.004755320764253773,4.675772884838707e-06,2.1217353057624233e-06,3.397210584348896e-08,6.220624982449461e-06,-0.8573195018371192,1.6838277168498803,2,0.02783444707530644,0.018980328442307952,0.04146250242721926,0.004952101603397053,10,0.07533296072093555,0.27834447075306445,0.011603680946774886,0.011603680946774886,0.030753001044151813,0.00020197897454606438,3.699236846136022e-05,5.733246367857902e-05,1.6169471029664437e-06,0.00020197897454606438,-0.13090742561728147,1.6928858978192478,6.216427602123351e-05,1.6312784905399224e-06,-0.6090955770955515,1.8610625855561036,2,0.02783444707530644,0.018980328442307952,0.04146250242721926,0.004952101603397053,10,0.07533296072093555,0.27834447075306445,0.011603680946774886,0.011603680946774886,0.0340959669393538,0.00023785300309744477,4.448728185273696e-05,9.202574836782978e-07,0.00023785300309744477,-0.384029388130393,1.6085347002866537,0.04988297939363156,7.902392891517776e-05,2.8377054791590765e-05,1.7907965962180824e-06,-0.6339476698399865,1.8526403769368067
6.052369841243579e-06,2,0.002010792938280374,0.7720317679488795,0.673945051835248,0.0034292803441130803,0.6438990184411482,0.0028027804454397467,0.09306817418134239,1.9002666302447456e-05,1.4517314916755477,7.229884098920637,0.009282054041954755,3.645413472334921e-06,1.301559324294141e-06,7.872572938614418e-08,3.645413472334921e-06,0.2541361019539182,1.60888956272126,0.016398857734897913,2.795645196489334e-07,1.8662774028864706e-06,2.795645196489334e-07,-0.5134896760073702,1.7259377379515481,9.648906499983845e-06,2,-0.46793772674446854,0.004118926141915108,0.002416118500761801,0.9435844675870932,1.230626520428098,0.007835418242396957,8.376050272414835e-06,4.67546286906165e-06,4.425999241853973e-06,4.685956561066699e-07,1.3914226368663834e-05,0.12158066057290026,1.3936768603550522,0.004346486540425834,3.4264703155152486e-06,1.8700053585292514e-06,5.99454238824493e-07,3.634024582123485e-06,-0.7363201217194906,1.5267162800849485,3,0.07108873953276651,0.013521793074574288,1.0,0.017125203510058702,0.008438826038630621,0.011728776543427263,6.764758246425261e-07,6.263344074146317e-07,4.1420561689533126e-08,2.0531798595779945e-06,0.45786556068673195,3.864124607179459e-07,4.165654815389649e-06,5.799342513963576e-06,3.3701291818418517e-07,1.7056813094343388e-05,-0.7985453690676503,0.30486290785010467,0.029326902913773944,0.258455374763447,0.026131435038066225,0.019442952172622985,0.8283469133798274,0.8283469133798274,3,0.6798794187571049,3.048629078501047,5.904490497543583e-08,6.357063246977907e-09,-0.3255330755950957,1.5337079811679106,0.00623066064710565,8.432053296747079e-07,1.765450496126407e-06,3.397210584348896e-08,5.133803799767098e-06,-1.2382833839834224,1.2916317777692181,2,0.027545068629177327,0.018980328442307952,0.03919191668965001,0.0048263900679503145,10,0.07318578877542754,0.2754506862917733,0.012937610888630102,0.012937610888630102,0.00652057888595774,4.578307556977488e-06,3.6355820101785466e-05,5.76525844528449e-05,1.6169471029664437e-06,0.00020197897454606438,-0.5224576662591848,1.3570320979020543,5.10732746906339e-06,1.6312784905399224e-06,-0.9150179945779284,1.4761711926886485,2,0.027545068629177327,0.018980328442307952,0.03919191668965001,0.0048263900679503145,10,0.07318578877542754,0.2754506862917733,0.012937610888630102,0.012937610888630102,0.007657657965239506,2.6948247559203843e-05,4.648091533904584e-05,9.202574836782978e-07,0.00023785300309744477,-0.6250319534027933,1.3559299959943443,0.01952192871500918,5.223833043960747e-06,2.9250931475631154e-05,1.7907965962180824e-06,-0.9310567639645788,1.473057075057423
9.463921587165255e-06,2,0.0020148570545129156,0.7729442753165447,0.6755715181370945,0.005627225057032997,0.6453246722794951,0.0036335137873716016,0.08460867204165456,3.2641095306732085e-05,1.4561052820359603,7.242578967268197,0.012573939992862609,1.0802796642862109e-07,1.0296607528478482e-06,7.872572938614418e-08,3.645413472334921e-06,0.01641521026435422,1.5838440305167885,0.001891941900329392,3.7946714541680444e-07,1.8231566157139002e-06,2.795645196489334e-07,-0.3437694686363398,1.8535604091022155,9.90437317974155e-06,3,-0.46706804865211715,0.0030416056561843653,0.0011644251699761835,0.9422008146548594,1.2237396505008256,0.0073300045068469075,8.215071936257173e-07,4.584676324801807e-06,4.494283008566966e-06,4.685956561066699e-07,1.3914226368663834e-05,-0.14619146588679977,1.4558700161553069,0.009680277376619317,3.7341924451044593e-06,2.168263431225451e-06,5.99454238824493e-07,3.7341924451044593e-06,-0.9392830627357286,1.5989097586914127,3,0.07448450960885038,0.01387930756871313,1.0,0.01618285496496103,0.009143776424542439,0.009592666948633399,1.6270389985737083e-07,6.48415489216848e-07,4.1420561689533126e-08,2.0531798595779945e-06,0.1541741117268742,7.382110272696309e-07,4.1499003159436636e-06,5.808411027984055e-06,3.3701291818418517e-07,1.7056813094343388e-05,-0.9502568065560549,0.303004429263318,0.02969520778674986,0.258455374763447,0.025480873748310005,0.01914917740929296,0.8163415656722635,0.8163415656722635,3,0.682635977772364,3.03004429263318,2.8437352259750795e-06,6.357063246977907e-09,-0.5947270819436551,1.659556294284971,0.01190153379140505,2.1126907849071966e-06,1.761343921625015e-06,3.397210584348896e-08,5.133803799767098e-06,-1.4811826201565204,1.3757048288564653,2,0.029405571499655926,0.018980328442307952,0.04519984650846589,0.004085437308744966,10,0.08000579007788537,0.29405571499655925,0.016457304920033944,0.016457304920033944,0.009452391229128719,2.2611152247829853e-05,3.415970728246522e-05,5.771601294240745e-05,1.6169471029664437e-06,0.00020197897454606438,-0.5180261764882659,1.360352382604797,1.6724182924765322e-05,1.6312784905399224e-06,-0.7788567650532391,1.6065344423701677,2,0.029405571499655926,0.018980328442307952,0.04519984650846589,0.004085437308744966,10,0.08000579007788537,0.29405571499655925,0.016457304920033944,0.016457304920033944,0.01353236036379786,4.84041429637182e-05,4.617084941756459e-05,9.202574836782978e-07,0.00023785300309744477,-0.6234206470203848,1.357038959916881,0.011124842063130217,2.835904859666518e-05,2.515828293861897e-05,1.7907965962180824e-06,-0.7964011575075569,1.5974979825546332
1.3144660056190536e-05,2,0.00201905067799956,0.7730603966866482,0.6769397905046034,0.007080433642701397,0.6461020002725956,0.004258173831794772,0.08194868165494396,5.4020935087529456e-05,1.4593910373617942,7.250000935956258,0.012361572739137955,6.2055336004101e-07,1.0227701693258903e-06,7.872572938614418e-08,3.645413472334921e-06,0.16096628263822937,1.5117451455437922,0.003755772909251734,2.1253225562149225e-07,1.6835851018713277e-06,2.1253225562149225e-07,0.14615109311829286,1.8602457539971238,1.0086024833789235e-05,2,-0.46669011631919277,0.0028981548714478444,0.0012257798066957813,0.9417181234686843,1.2261519531416758,0.007792503511396237,5.298752946563787e-07,4.465385037876532e-06,4.5836066699509164e-06,4.685956561066699e-07,1.3914226368663834e-05,0.16795903512350194,1.3625650608360456,0.008252794313820916,8.802393612890721e-07,2.0515183971213475e-06,5.99454238824493e-07,3.7341924451044593e-06,-0.6087745784468863,1.6171224519613736,3,0.07625277034748966,0.015562525146179248,1.0,0.014555345627516456,0.009182245730178886,0.011508141408431606,1.265748954993104e-07,6.512698638461097e-07,4.1420561689533126e-08,2.0531798595779945e-06,0.41103708486764756,7.973149748361238e-07,2.5239505039929374e-06,3.944498571307043e-06,3.3701291818418517e-07,1.4116014079430994e-05,-1.0421594184345067,0.3005573066698509,0.02872138797360808,0.258455374763447,0.024892229741629617,0.019450144285744698,0.8187569009421279,0.8187569009421279,4,0.6712641682845311,3.005573066698509,2.447800934110374e-07,6.357063246977907e-09,-0.25189641677836044,1.5364627129078905,0.007959935217499346,5.701155473562938e-07,1.707214806403052e-06,2.540625114798142e-07,5.133803799767098e-06,-1.1253785541093744,1.4094997377075469,1,0.031570409872775325,0.018980328442307952,0.04611189832384033,0.00422471525498736,9,0.08007285675232065,0.3157040987277533,0.012406270817833964,0.012406270817833964,0.005337171318309498,4.7155625364301276e-07,2.9592444181672215e-05,5.839010732712682e-05,4.7155625364301276e-07,0.00020197897454606438,-0.06965175539630238,1.367611619037821,2.1804740888600026e-05,1.6312784905399224e-06,-0.4567885473304085,1.496338973374365,1,0.031570409872775325,0.018980328442307952,0.04611189832384033,0.00422471525498736,9,0.08007285675232065,0.3157040987277533,0.012406270817833964,0.012406270817833964,0.006167816779893476,1.154312678963874e-06,3.8941026784354125e-05,9.202574836782978e-07,0.00023785300309744477,-0.13980337633636783,1.4218459983818776,0.011964003236198948,2.3865254832620645e-05,2.1768524232719892e-05,1.7907965962180824e-06,-0.4741406855987364,1.495747548210008
1.327888175267418e-05,2,0.0019437233260863993,0.7727837318191214,0.6778265524204372,0.00701166203835062,0.6465824308426144,0.0042609637316423634,0.09125465316314929,5.045411454239698e-05,1.4592648779815711,7.253051421197793,0.022705850712066687,3.2252816660511964e-06,1.214380916908343e-06,7.872572938614418e-08,3.645413472334921e-06,0.15961494117454614,1.5095661542879546,0.022945401490536796,4.7236513101501303e-07,1.5515570153518178e-06,2.1253225562149225e-07,0.030408698211556028,2.016333094498972,6.384829614719219e-06,2,-0.4662894275810469,0.002875398466226414,0.0011960349021247943,0.9389407420579744,1.2210012522716487,0.01808684301528606,1.2772828426251741e-06,3.943582962725346e-06,4.619687795232273e-06,4.685956561066699e-07,1.3914226368663834e-05,-0.28273674764493306,1.4797454590066015,0.019009137414248582,2.3736009820388534e-06,2.177380360583939e-06,5.99454238824493e-07,3.7341924451044593e-06,-0.6034139325275963,1.6098435393037975,2,0.07612333665925988,0.01564147839520526,1.0,0.016453040054385526,0.010567150144103803,0.02351444331238904,6.026608334199689e-08,6.61592733119897e-07,4.1420561689533126e-08,2.0531798595779945e-06,0.44072743583975393,3.776153369845855e-07,1.1501106297482968e-06,8.33495441014934e-07,3.3701291818418517e-07,2.77201624692147e-06,-0.5413116144302663,0.293940009199227,0.02366896830578265,0.258455374763447,0.02412323683854346,0.019594190716288325,0.8185921974497943,0.8185921974497943,3,0.6502389379968456,2.9394000919922703,1.1793198792301188e-06,6.357063246977907e-09,-0.5334803812411745,1.7369820166693757,0.01238622306791296,5.1849393007494005e-06,1.9008843641216112e-06,2.540625114798142e-07,5.1849393007494005e-06,-1.1852938320672772,1.4677844438557708,1,0.03229418630638276,0.018980328442307952,0.046429681025724374,0.003461050103248991,8,0.08360380631843042,0.32294186306382766,0.005227106479324006,0.005227106479324006,0.006288713434969471,9.309336649276452e-06,2.9750052150416697e-05,5.833299093932562e-05,4.7155625364301276e-07,0.00020197897454606438,0.048353440115820476,1.2149481031272569,3.2993635238475315e-06,1.6312784905399224e-06,-0.3021840522888464,1.3836611136139991,1,0.03229418630638276,0.018980328442307952,0.046429681025724374,0.003461050103248991,8,0.08360380631843042,0.32294186306382766,0.005227106479324006,0.005227106479324006,0.00681681880843085,8.884254245134047e-06,3.9038202914174654e-05,9.202574836782978e-07,0.00023785300309744477,0.03790080420982959,1.2767653648260249,0.02222525472349589,4.018099374591863e-06,2.2191723808274128e-05,1.7907965962180824e-06,-0.311878536147684,1.376394015293661
1.435737197771555e-05,2,0.0018821007428670969,0.7721325110847279,0.6780696746827143,0.00694854409347742,0.6465175047799093,0.004302114687854284,0.08837711684818694,5.342543690914962e-05,1.459252196908232,7.251010928837211,0.01165780072734109,2.8104527863039934e-06,1.2538077503932479e-06,1.0802796642862109e-07,3.645413472334921e-06,0.4674083385221772,1.647024224838922,0.024477501983495246,9.266544393048403e-06,2.209387550571262e-06,2.1253225562149225e-07,0.28636292225592014,2.183132623549545,8.920233770969908e-05,2,-0.4689961365432769,0.005242004505641745,0.007467239532468108,0.9631294944280805,1.1881013363113302,0.030612583691560925,5.721390074199508e-05,8.691908254790498e-06,1.670983500543333e-05,4.685956561066699e-07,5.721390074199508e-05,-0.0704805568985037,1.6047618485293613,0.0332556797244484,1.5220055305330905e-05,3.632439721261523e-06,5.99454238824493e-07,1.5220055305330905e-05,-0.3941883815672401,1.8405549493219253,3,0.07447464882926882,0.014764253812596244,1.0,0.014933785912624242,0.010418939689450644,0.011614364953500537,3.5439710833478397e-06,1.0775562381560122e-06,4.1420561689533126e-08,3.5439710833478397e-06,0.2988011970546463,2.37269336180079e-06,1.1738374737634481e-06,8.640243719679561e-07,3.3701291818418517e-07,2.77201624692147e-06,-0.3113716481337192,0.2885936681745406,0.024083956545564597,0.258455374763447,0.02285228039260606,0.019310113320416187,0.8133642055310871,0.8133642055310871,3,0.6417649758940426,2.8859366817454055,3.063814550426969e-06,6.357063246977907e-09,-0.5219210157954051,1.7567127083820608,0.028579862568912717,1.063455961701287e-05,3.1272199303411103e-06,2.540625114798142e-07,1.063455961701287e-05,-1.0278642870866748,1.7402436137971884,1,0.03211557768727451,0.018980328442307952,0.046429681025724374,0.005230274254109327,8,0.08401260127669145,0.3211557768727451,0.013997401450001612,0.013997401450001612,0.04306563673872518,1.058982419978488e-06,2.6297651133698882e-05,5.890444964483619e-05,4.7155625364301276e-07,0.00020197897454606438,0.09076811816288184,1.2467037904468967,2.211865023163571e-06,1.6312784905399224e-06,-0.19583944927430194,1.5127442398148776,1,0.03211557768727451,0.018980328442307952,0.046429681025724374,0.005230274254109327,8,0.08401260127669145,0.3211557768727451,0.013997401450001612,0.013997401450001612,0.042183847531558474,2.6873782968960977e-06,3.517908219939749e-05,9.202574836782978e-07,0.00023785300309744477,0.10855388531866542,1.3286855854636381,0.03984036795984398,1.5891403620730475e-06,2.2692673404107056e-05,1.5891403620730475e-06,-0.20256745409551807,1.51106335005591
1.7296277876819108e-05,2,0.0018541473759207403,0.7721443377544785,0.6768516630218638,0.00804648622996349,0.6456280403976071,0.004832463130464098,0.10947073290745968,7.468635482824107e-05,1.4580729639782946,7.244980003881712,0.020341118850135755,2.6110945766469406e-06,1.266141190370044e-06,1.0802796642862109e-07,3.645413472334921e-06,0.8912843654552042,1.5441070394733207,0.016194414995935165,1.10593845863725e-05,3.267949787197672e-06,2.1253225562149225e-07,0.35077475866143104,2.090593804061052,0.00017781800684089991,3,-0.472428176434842,0.00537817868169474,0.007436476649386236,0.978409598234054,1.205748027514921,0.018050403169100913,1.658922590531417e-06,8.616331637736816e-06,1.6739737583423778e-05,4.685956561066699e-07,5.721390074199508e-05,0.23120494588817006,1.6135387519585622,0.004717156072678456,4.535113120470456e-06,3.722548575096221e-06,5.99454238824493e-07,1.5220055305330905e-05,0.07274575183732801,1.956980025747339,2,0.07135731223550627,0.015421162446264958,1.0,0.016402434676395725,0.010130839418868434,0.021065559331149033,3.12671662161328e-06,1.2314352550446552e-06,6.026608334199689e-08,3.5439710833478397e-06,0.7390636962472517,1.203702583942341e-06,1.2176329236450678e-06,8.532617250838398e-07,3.3701291818418517e-07,2.77201624692147e-06,-0.24895900654089967,0.2816606953736493,0.02895362532115888,0.2318357153173539,0.024438912168810865,0.019249820273166945,0.8222316276246219,0.8222316276246219,2,0.6335066376870468,2.816606953736493,1.139016655823708e-06,5.904490497543583e-08,-0.6024035298969369,1.6918876365126045,0.01360826274152734,7.999314657464016e-06,3.4141191031005754e-06,2.540625114798142e-07,1.063455961701287e-05,-0.8282403457143996,1.705287162198672,2,0.031386521528164325,0.01677235314279162,0.046429681025724374,0.005508305632642546,8,0.0858823430492139,0.31386521528164324,0.014679005471996853,0.014679005471996853,0.04013468274820009,1.295857419295154e-05,2.6690055170018334e-05,5.8801120588739435e-05,4.7155625364301276e-07,0.00020197897454606438,0.07481073075408055,1.2393562542600256,5.3350282577931834e-05,2.211865023163571e-06,-0.15614160313405495,1.5132531843671493,2,0.031386521528164325,0.01677235314279162,0.046429681025724374,0.005508305632642546,8,0.0858823430492139,0.31386521528164324,0.014679005471996853,0.014679005471996853,0.034779223212353355,1.5624479820252115e-05,3.582216904034694e-05,9.202574836782978e-07,0.00023785300309744477,0.09154401577636102,1.3232087345868495,0.05223691762793073,6.558120334486628e-05,2.6337165570747185e-05,1.5891403620730475e-06,-0.15667032876835219,1.509171688366975
2.4974311940905956e-05,2,0.001760581017017109,0.7715819760411844,0.6763651969491173,0.008653638285030671,0.6450544068968483,0.005740399147160696,0.10107728743725264,7.374493942436914e-05,1.4595224795039248,7.239735864951509,0.012359474368430379,3.0487160036712184e-06,1.3047915007251086e-06,1.0802796642862109e-07,3.645413472334921e-06,0.7118504910386416,1.4716163167529883,0.0168327228626064,1.0989780533933865e-05,3.896818694195124e-06,2.1253225562149225e-07,0.2793319641578969,2.0594367811788215,0.0002294712297241755,2,-0.47504473584698,0.005381240947112287,0.007435940353104838,0.984036139364818,1.2054312524469848,0.005588806911455384,7.972913701378899e-07,7.304638137884224e-06,1.6787055868643852e-05,4.685956561066699e-07,5.721390074199508e-05,-0.11340280650648657,1.561061880457328,0.007682672253723911,8.851361550487766e-06,4.3284523914445575e-06,5.99454238824493e-07,1.5220055305330905e-05,-0.25969120292871684,1.875562602647411,3,0.07325825344648218,0.01359645843870277,1.0,0.01413149796557002,0.007616601799647522,0.011897952424585502,2.8609021498549096e-06,1.3111177893711276e-06,6.026608334199689e-08,3.5439710833478397e-06,0.6315528571619564,1.2840759319585617e-06,1.1287799971168464e-06,7.933504849321895e-07,3.3701291818418517e-07,2.77201624692147e-06,0.11591336998168847,0.2751620514546505,0.03692236083438134,0.20552908827799607,0.024004583286918416,0.01915354061713621,0.8174830167448592,0.8174830167448592,3,0.6370004912325202,2.751620514546505,6.949004906140116e-07,5.904490497543583e-08,-0.9249723746685096,1.736925305663626,0.012550488497833516,1.938069505503225e-06,3.299610183179303e-06,2.540625114798142e-07,1.063455961701287e-05,-1.0905288971453004,1.7094903577402936,2,0.030945491507976413,0.01677235314279162,0.046429681025724374,0.005695851938498911,7,0.08429344758900523,0.3094549150797641,0.029382527479295706,0.029382527479295706,0.02078908209948475,1.808536615268214e-06,2.5823914562928214e-05,5.909671204559853e-05,4.7155625364301276e-07,0.00020197897454606438,0.08096519591604229,1.2423610889851433,2.6161225114076798e-06,2.211865023163571e-06,0.025269579002877008,1.6603710869613222,2,0.030945491507976413,0.01677235314279162,0.046429681025724374,0.005695851938498911,7,0.08429344758900523,0.3094549150797641,0.029382527479295706,0.029382527479295706,0.01940186347578109,6.024117026590942e-06,3.503108539208599e-05,9.202574836782978e-07,0.00023785300309744477,0.10245616974471114,1.3275530059627498,0.008116997494944359,2.698796180368403e-06,2.6898390899129772e-05,1.5891403620730475e-06,0.03132441634369809,1.6645789005713285
2.735037085108159e-05,3,0.0017812387280329606,0.7711005316332831,0.6758630626622665,0.009008201439079646,0.6444868079808316,0.006021608621600909,0.10297035756890782,7.406107184258876e-05,1.457408618610894,7.234817971477748,0.022320865363538257,4.11338539231891e-08,1.3701593024831412e-06,4.11338539231891e-08,3.645413472334921e-06,0.5706499339167198,1.6506226148490528,0.02290161320283316,2.8120098005433017e-06,3.708274716378668e-06,2.1253225562149225e-07,0.17613321929954404,2.185382185870646,0.00034316806581729034,2,-0.4796801398507847,0.006585140232901643,0.008074140622945888,1.0030492818319723,1.1775289045643014,0.015197929351195263,3.326876371716263e-06,7.555628236139898e-06,1.670675105399812e-05,4.685956561066699e-07,5.721390074199508e-05,-0.3600231995282638,1.7634061733155553,0.03182896814902436,3.184426697419006e-06,4.4984451934698525e-06,5.99454238824493e-07,1.5220055305330905e-05,-0.5473805021103855,2.0587838814310553,3,0.07885215386154557,0.019624143357990283,0.9666666666666667,0.0178244571696575,0.014238601847711412,0.022123708978553307,8.338566417467869e-07,1.3017293291966331e-06,6.026608334199689e-08,3.5439710833478397e-06,0.5020883686378241,5.062818105918668e-06,1.53318729485343e-06,1.418560730599873e-06,3.3701291818418517e-07,5.062818105918668e-06,-0.03629069627743946,0.27080256688527876,0.040250142691963746,0.20552908827799607,0.025105674814958474,0.018339501939978364,0.8057262112417694,0.8057262112417694,3,0.6329233350656531,2.7080256688527875,1.747755620483979e-07,5.904490497543583e-08,-0.9570605005203972,1.7656037520396421,0.025016480365464652,1.107333014256035e-05,3.7669770251433875e-06,5.701155473562938e-07,1.107333014256035e-05,-1.206650049159275,1.8008172041260042,2,0.0309056177197716,0.01677235314279162,0.046429681025724374,0.005766040803647319,7,0.08427163379029061,0.30905617719771605,0.012129871875247389,0.012129871875247389,0.032020019889922965,3.937737052267294e-06,2.60559935578583e-05,5.900567992305956e-05,4.7155625364301276e-07,0.00020197897454606438,-0.14339807685007763,1.4722273220401971,4.4104404668845725e-05,2.211865023163571e-06,0.010328651917644071,1.6863778777126772,2,0.0309056177197716,0.01677235314279162,0.046429681025724374,0.005766040803647319,7,0.08427163379029061,0.30905617719771605,0.012129871875247389,0.012129871875247389,0.030471322299376116,6.668622596880495e-06,3.560592190340622e-05,1.154312678963874e-06,0.00023785300309744477,0.009479346521196553,1.472359112540286,0.05262588058216797,6.188171809211106e-05,2.8606242782455025e-05,1.5891403620730475e-06,0.01523725470530457,1.692470967717029
3.109093523164279e-05,3,0.0017823575102606905,0.770588342158397,0.6753945179067552,0.009433836369179292,0.6440206916071569,0.006359336612326345,0.10412242966856411,7.326455513316995e-05,1.4563181526721627,7.2299143003257615,0.003570547354274386,6.545216755664085e-07,1.3225292924576267e-06,4.11338539231891e-08,3.645413472334921e-06,0.5680683406851859,1.6481032961381943,0.01066646844877937,2.49904982656938e-06,3.90710060619277e-06,2.1253225562149225e-07,0.18769204470348524,2.185014466419741,0.0003522728260428779,3,-0.4834658578386379,0.007434826248853488,0.008057380614295801,1.0067623904298344,1.1945811696185158,0.003200586026931244,8.814575181107149e-07,7.596914422340302e-06,1.6689687793047263e-05,5.298752946563787e-07,5.721390074199508e-05,-0.29278021035330404,1.7297368111478257,0.014687996230580612,3.166502346394512e-06,4.597141636287477e-06,5.99454238824493e-07,1.5220055305330905e-05,-0.6952856525210027,2.021371534949819,4,0.08118521557545585,0.01835534279271861,0.9666666666666667,0.021085295870810605,0.015299980054366951,0.0035834216130774025,4.0610084211296135e-06,1.4836518131636486e-06,6.026608334199689e-08,4.0610084211296135e-06,0.5340490882412933,3.3739866762763743e-06,1.5933843377889205e-06,1.4812411624844814e-06,3.3701291818418517e-07,5.062818105918668e-06,-0.04192965840187747,0.2688317968064165,0.0412758567765762,0.20552908827799607,0.02612042658614753,0.01756687441976182,0.8082861027767891,0.8082861027767891,2,0.6348552131061189,2.6883179680641653,2.0680672346890577e-07,5.904490497543583e-08,-0.7297630517646347,1.8051683940662164,0.008056318144706998,5.349157848633801e-06,3.6399311748198545e-06,5.701155473562938e-07,1.107333014256035e-05,-1.2814241500328536,1.7519080284478121,1,0.030152777709110196,0.013165826821948595,0.046429681025724374,0.00560245638863362,7,0.08457791225380429,0.30152777709110196,0.022170817454355674,0.022170817454355674,0.010879477289351942,2.1070770072916482e-05,2.7978392760717316e-05,5.8496592022346216e-05,4.7155625364301276e-07,0.00020197897454606438,-0.06952414193393615,1.5305135978252085,2.761859092620631e-06,2.211865023163571e-06,0.2094788774517003,1.870579865389917,1,0.030152777709110196,0.013165826821948595,0.046429681025724374,0.00560245638863362,7,0.08457791225380429,0.30152777709110196,0.022170817454355674,0.022170817454355674,0.011484334633237989,1.4291273319837831e-05,3.685398316049222e-05,1.154312678963874e-06,0.00023785300309744477,0.16130723177266568,1.604985707306029,0.012424996639442552,7.2155588770646e-06,2.8362858184514494e-05,1.5891403620730475e-06,0.2112064413775639,1.872406798221505
3.27281810282466e-05,2,0.0016176368978765563,0.7705410215171027,0.6747138689446276,0.009689898537118918,0.6436247262156612,0.006495694170944225,0.10137342025328966,7.66798290698088e-05,1.4572783713088389,7.226274452308651,0.013102937779404224,3.791257105787057e-06,1.4368825284353454e-06,4.11338539231891e-08,3.791257105787057e-06,0.500266855922727,1.7210260105338393,0.01722709508561249,3.955399115759257e-06,4.1926097307928955e-06,2.1253225562149225e-07,-0.382431468795605,2.2241347484390133,0.0003992182379360124,2,-0.488392367801489,0.008575618223851566,0.00804504609089246,1.023524824068267,1.178584365198513,0.014783835409294756,4.841628897232169e-06,7.972479309304563e-06,1.6580849278860315e-05,5.298752946563787e-07,5.721390074199508e-05,-0.2383573784912118,1.7960712919985187,0.018351098405957143,4.281853626370777e-06,4.965381575042106e-06,8.802393612890721e-07,1.5220055305330905e-05,-0.16216720978425592,2.1691403318331437,3,0.08246435953431844,0.017979893769574772,0.9666666666666667,0.020031378115762905,0.016219981269165528,0.017109460108483698,2.4566168572436777e-07,1.5371694362356598e-06,6.026608334199689e-08,4.0610084211296135e-06,0.5560500262204846,2.9222646836479843e-06,1.8519095143353007e-06,1.4649182562488357e-06,3.776153369845855e-07,5.062818105918668e-06,-0.6028335745220154,0.2579676902422538,0.03685720230546215,0.20552908827799607,0.01998295134471338,0.006762181050081176,0.7997100117255466,0.7997100117255466,3,0.5934923597570698,2.5796769024225377,2.0343342457532535e-06,5.904490497543583e-08,-1.0692161984330393,1.8914680040829994,0.015010279223194761,3.0828452294605034e-06,3.686855537988033e-06,5.701155473562938e-07,1.107333014256035e-05,-1.3476563013162237,1.8073172469510208,1,0.028915377754894743,0.013165826821948595,0.046429681025724374,0.005400373489865147,7,0.08483036534881169,0.28915377754894744,0.014856763473640733,0.014856763473640733,0.009469621036230832,8.390232005941242e-06,8.619518506705006e-06,7.604907879634572e-06,4.7155625364301276e-07,2.2611152247829853e-05,0.4856486226352462,1.5496976477048945,2.8962755733194538e-05,2.211865023163571e-06,0.805614027683611,1.7565146251950785,1,0.028915377754894743,0.013165826821948595,0.046429681025724374,0.005400373489865147,7,0.08483036534881169,0.28915377754894744,0.014856763473640733,0.014856763473640733,0.008312858755633996,9.24174518942666e-06,1.399285736969041e-05,1.154312678963874e-06,4.84041429637182e-05,0.42864944920968606,1.317854107112178,0.010840361401239089,3.4330268192616856e-05,2.2970717044041346e-05,1.5891403620730475e-06,0.19512970651751976,1.8989466157157984
3.070351119479041e-05,2,0.0016887990137299336,0.770288179259871,0.6733634153912937,0.009665802494252501,0.6427814505565677,0.006355710684951037,0.10404428714236391,8.146601239017018e-05,1.4555375441495249,7.218257973255825,0.009563539040519809,3.283730467624736e-07,1.4142893808558103e-06,4.11338539231891e-08,3.791257105787057e-06,0.8723203787290569,1.8147143948061248,0.012168465958412615,1.0991808706819332e-06,4.2745713658961955e-06,2.1253225562149225e-07,-0.6484931259423397,2.353073429808566,0.00038843729436091785,3,-0.49374897162745945,0.008449750894074941,0.008143976712446887,1.0381941568248476,1.1673734952348478,0.008356797240657386,4.624527839426432e-07,7.181119560457346e-06,1.6730871927222576e-05,4.624527839426432e-07,5.721390074199508e-05,-0.4810619239010216,1.8625683873995924,0.016255817861236928,2.844170653644101e-06,4.907151608854991e-06,8.802393612890721e-07,1.5220055305330905e-05,-0.4151798001578818,2.2911291151167825,3,0.08421258538245749,0.019041892225883365,0.9333333333333333,0.020500460005039363,0.01615696075917862,0.009630310366063053,1.8874677802856635e-07,1.5720815534830841e-06,6.026608334199689e-08,4.0610084211296135e-06,0.41415784407700046,6.050333537158173e-07,1.873771603635088e-06,1.4443716284663658e-06,3.776153369845855e-07,5.062818105918668e-06,-0.9064972588102209,0.24844468751990564,0.031496584787389356,0.20552908827799607,0.018641847502898806,0.008897731939558617,0.7990542264394962,0.7990542264394962,2,0.568775460526697,2.4844468751990565,1.8726777477264345e-07,1.747755620483979e-07,-1.19321182224371,1.9284764493630875,0.015804887143710748,1.5828979514566647e-06,3.6118033627031136e-06,5.701155473562938e-07,1.107333014256035e-05,-1.468810306760312,1.8483178338748703,2,0.02730289743674046,0.013165826821948595,0.046429681025724374,0.005423052780515963,7,0.08073138505305369,0.2730289743674046,0.017520401086567605,0.017520401086567605,0.010769306999266233,2.392618953158923e-07,8.185613940538848e-06,7.939526571429904e-06,2.392618953158923e-07,2.2611152247829853e-05,0.36597310630727453,1.6971753817390036,2.5086502459298567e-06,2.211865023163571e-06,0.5758532419260673,2.0047514604871948,2,0.02730289743674046,0.013165826821948595,0.046429681025724374,0.005423052780515963,7,0.08073138505305369,0.2730289743674046,0.017520401086567605,0.017520401086567605,0.01173507161049718,1.0871368693013774e-06,1.1406746300700164e-05,1.0871368693013774e-06,4.84041429637182e-05,0.2248907615752848,1.5325254508520594,0.01810002233359685,2.100983316326031e-06,2.3236425628897032e-05,1.5891403620730475e-06,-0.03797499050350881,2.062271153645625
2.2025084158738856e-05,2,0.0016686706316637154,0.76973801973757,0.6710376332424641,0.008326485200168156,0.6412370878618743,0.005328944985164767,0.10236489830694162,6.61040711601581e-05,1.4532098477909163,7.203878264900171,0.0067890202789489176,3.732033651357563e-07,1.3859447985661513e-06,4.11338539231891e-08,3.791257105787057e-06,1.2292128421363742,1.7846818406467715,0.0070771232152775,1.3982186388271487e-07,4.250606837742786e-06,1.3982186388271487e-07,-0.5860864532811404,2.4234976011419525,0.0003539698110189718,3,-0.4999641989688339,0.009253633415862838,0.007680835881459545,1.0482372408837608,1.1594195156043716,0.011006488094157623,5.210074539758397e-07,7.151069586492357e-06,1.6742533106601388e-05,4.624527839426432e-07,5.721390074199508e-05,-0.10014193931502091,1.964706880318879,0.009404332381307244,6.772441105910854e-07,4.601456775403653e-06,6.772441105910854e-07,1.5220055305330905e-05,0.043594050742755595,2.3053334292488334,4,0.08503435699987438,0.01949791116002179,0.9333333333333333,0.02035377306094386,0.016299729328303668,0.014819900270163758,1.1677798679765904e-06,1.5130466099020496e-06,6.026608334199689e-08,4.0610084211296135e-06,0.7931555996829581,4.3596119978297767e-07,1.8435466208864224e-06,1.4707399311297073e-06,3.776153369845855e-07,5.062818105918668e-06,-0.5881247372278684,0.24125302046361297,0.02961711648362166,0.20552908827799607,0.016310511836843365,0.008319814736928237,0.792720734887394,0.792720734887394,2,0.5563024641538703,2.4125302046361297,1.5634356887344082e-07,1.5634356887344082e-07,-0.6695794393996163,2.182470409939071,0.009846508275141844,5.36529260056203e-07,3.7635091158888024e-06,5.36529260056203e-07,1.107333014256035e-05,-0.9320951754307248,2.0800834222722475,2,0.0252674866182217,0.013165826821948595,0.046429681025724374,0.005475379271654752,7,0.0772805475132586,0.252674866182217,0.014624141989950545,0.014624141989950545,0.010200657006247777,7.486446762306453e-07,5.999363183378927e-06,6.555732258380724e-06,2.392618953158923e-07,2.1070770072916482e-05,0.46006598762581713,1.7288883109378805,7.250028972308476e-06,2.211865023163571e-06,0.504554315218219,1.9900128721884445,2,0.0252674866182217,0.013165826821948595,0.046429681025724374,0.005475379271654752,7,0.0772805475132586,0.252674866182217,0.014624141989950545,0.014624141989950545,0.009292999050843588,1.4553917713890558e-06,6.711871181467249e-06,1.0871368693013774e-06,1.5624479820252115e-05,0.3245536683394266,1.5673133497569611,0.015990782145883745,1.1042056265583828e-05,2.3429212906539247e-05,1.5891403620730475e-06,-0.10110431764964234,2.031980293722449
1.2952529618845843e-05,2,0.0020956247624971,0.7707997295791975,0.6688160590281609,0.005493977987733815,0.6405171296902546,0.004056483231164435,0.11478152221424964,5.312244806479137e-05,1.4489815411701081,7.1980789430367915,0.014785148619102831,4.785946218783842e-06,1.5940789852739876e-06,4.11338539231891e-08,4.785946218783842e-06,1.1131877757172983,1.8927050714497933,0.024515237931613,5.537517511786665e-06,4.783105363359303e-06,1.3982186388271487e-07,-0.9980531759414294,2.227132367075088,0.0002314679468603951,4,-0.5051802913389662,0.009904473412414249,0.007282111484194982,1.0524644839438662,1.1732815711367892,0.005025805352268159,8.83575330280007e-06,7.981657387306726e-06,1.6598865421111075e-05,4.624527839426432e-07,5.721390074199508e-05,-0.3298182729525906,1.9376701966915773,0.016412746805229122,1.019351532257023e-06,4.615367992500449e-06,6.772441105910854e-07,1.5220055305330905e-05,-0.21368825105865633,2.331328876534586,3,0.08344124501105141,0.01899971156787194,0.9333333333333333,0.02136566301466861,0.015744893221031248,0.017248795172449646,2.006838859681729e-06,1.4301420927021273e-06,6.026608334199689e-08,4.0610084211296135e-06,0.602949817678153,5.380891098393343e-07,1.8176240343867435e-06,1.4910955134141465e-06,3.776153369845855e-07,5.062818105918668e-06,-0.47888657049900657,0.23210328403989838,0.023112986328197627,0.20552908827799607,0.015793453563080248,0.008700263129191421,0.7970244075397203,0.7970244075397203,3,0.524746159681827,2.321032840398984,1.698708098612821e-06,1.5634356887344082e-07,-0.8204778068092541,2.1329843194932003,0.018911960006862166,4.892931532422792e-06,3.4918441542801185e-06,5.36529260056203e-07,1.107333014256035e-05,-1.1295225699081002,2.017282005477189,2,0.02347928817839808,0.013165826821948595,0.046429681025724374,0.005340309105718034,8,0.06889886142821114,0.23479288178398078,0.02489574359389979,0.02489574359389979,0.018172365973862653,5.246897889592195e-06,6.476897346973844e-06,6.304803091514044e-06,2.392618953158923e-07,2.1070770072916482e-05,0.18104647351890188,1.687321799886192,2.51942143936733e-06,2.211865023163571e-06,0.3453453897433529,2.0498599170692557,2,0.02347928817839808,0.013165826821948595,0.046429681025724374,0.005340309105718034,8,0.06889886142821114,0.23479288178398078,0.02489574359389979,0.02489574359389979,0.02025834240976137,1.2172925413173475e-05,7.81373245488821e-06,1.0871368693013774e-06,1.5624479820252115e-05,0.032825250667004965,1.454287993340748,0.02761247110517193,1.633250522072519e-06,2.4136978713565657e-05,1.5891403620730475e-06,-0.2617611295026368,2.0425592244736843
7.396878903942687e-06,2,0.0021653702435135047,0.7704057059983525,0.6677493121604352,0.0037220678026729033,0.6397758804854143,0.0030276345151079753,0.09798188603195801,4.276013796683454e-05,1.44492890533125,7.190775090793938,0.024616958324710312,5.918819396584223e-06,1.940143367782444e-06,4.11338539231891e-08,5.918819396584223e-06,0.816621446142614,1.8703740089439946,0.028540898973385753,1.2117422004281696e-05,5.947611050685972e-06,1.3982186388271487e-07,-0.6194718128483969,2.157594755546879,9.375633492448744e-05,3,-0.5100637836773487,0.009571873380664292,0.0075970882058385165,1.0389889798011216,1.1785286551235368,0.008468857940676196,4.124581208031451e-06,8.266387223847354e-06,1.650557790718266e-05,4.624527839426432e-07,5.721390074199508e-05,0.023983550014166067,1.7938480520620854,0.020796919958951443,1.4859187986113053e-05,5.863926692907868e-06,6.772441105910854e-07,1.5220055305330905e-05,0.13728253925844436,2.179273794539603,4,0.0862708788097539,0.018288811388301185,0.9333333333333333,0.019348599217427476,0.01551822550413659,0.022154228865914994,1.1115466725797316e-06,1.3330306525164635e-06,1.8874677802856635e-07,4.0610084211296135e-06,0.4857944952934362,4.5753325539732097e-07,1.825615826228017e-06,1.4835511953541684e-06,4.3596119978297767e-07,5.062818105918668e-06,-0.702883024061513,0.228296994962179,0.016379706217316752,0.20552908827799607,0.017735718935004842,0.010693734394173962,0.8011590001411498,0.8011590001411498,3,0.4967579503318718,2.28296994962179,4.683383075939655e-06,1.5634356887344082e-07,-0.4287678654035699,2.0614556845955683,0.030588145805897023,2.578443536751425e-05,7.085784100710565e-06,5.36529260056203e-07,2.578443536751425e-05,-0.7443775198081711,2.018860839406791,2,0.02148498116653855,0.013165826821948595,0.028229913925604096,0.0052251620715618894,9,0.05424296312444513,0.21484981166538547,0.02860409012542542,0.02860409012542542,0.02600061350064796,2.0182870609483544e-05,7.564250742994553e-06,7.52006008500381e-06,2.392618953158923e-07,2.1070770072916482e-05,0.4259019381235062,1.6624175575679154,1.0698794166558589e-05,2.211865023163571e-06,0.5673521616462152,2.0496140138601855,2,0.02148498116653855,0.013165826821948595,0.028229913925604096,0.0052251620715618894,9,0.05424296312444513,0.21484981166538547,0.02860409012542542,0.02860409012542542,0.027377812717079522,1.6068617240425573e-05,8.532168754417362e-06,1.0871368693013774e-06,1.6068617240425573e-05,0.21650750939211488,1.519721536540501,0.032168401126444604,8.33380763489594e-06,2.389891273700503e-05,1.5891403620730475e-06,-0.041384469915366554,2.1079150615909676
3.2395612702165124e-05,2,0.004301396789795553,0.7718688536154931,0.6691167851650539,0.007546214171833521,0.6413911673036552,0.006687121466555936,0.08933386297340362,4.0110192064001016e-05,1.456006241286221,7.204928193902735,0.029241556200145784,6.029238418257347e-07,2.0093718176128854e-06,4.11338539231891e-08,5.918819396584223e-06,0.47834565724486405,1.830435088339467,0.020595417876655003,5.6050213197598646e-08,5.026561632700892e-06,5.6050213197598646e-08,-1.0038080913433383,1.8306256296790278,8.526016202134032e-05,3,-0.5104179316824304,0.008627213974173991,0.005667522471919842,1.0388095083809474,1.1773907113061468,0.023976815878204168,8.659772656091609e-07,2.6315948762087614e-06,2.56396490676913e-06,4.624527839426432e-07,8.83575330280007e-06,-0.29738062844339447,1.7350335870770242,0.02080658810905212,1.3945525887805047e-05,5.7364737511552825e-06,6.772441105910854e-07,1.4859187986113053e-05,-0.2506319514462332,2.0759335185336885,3,0.08813988613512892,0.018009140995541052,0.9333333333333333,0.01848506796570005,0.016284672762072024,0.030716762496134063,9.893409232279638e-07,1.2376943703203764e-06,1.8874677802856635e-07,4.0610084211296135e-06,0.5560115321082737,1.5519571099622886e-06,1.7435422010441668e-06,1.4736850394816206e-06,4.3596119978297767e-07,5.062818105918668e-06,-1.0634698454980458,0.2284428514089306,0.016688820786286675,0.20552908827799607,0.01739170095954029,0.010622821101188519,0.7931124878000243,0.7931124878000243,3,0.49768463937591295,2.2844285140893055,1.1524872090916118e-06,1.5634356887344082e-07,-0.8877031559071258,1.8563784602322644,0.022554377800986878,1.201320763254803e-05,7.162562787537245e-06,5.36529260056203e-07,2.578443536751425e-05,-1.2027903979795302,1.7413637441657073,2,0.02212134562636046,0.013165826821948595,0.03454396987791234,0.00322426184208633,9,0.059103589115909384,0.2212134562636046,0.030871800943620076,0.030871800943620076,0.03517042379671308,1.0499487492696412e-05,8.508301250266346e-06,7.231167416401296e-06,2.392618953158923e-07,2.1070770072916482e-05,0.08299922101139963,1.8135139475409927,1.2496516855313531e-05,2.5086502459298567e-06,0.15199930584901242,2.1283258964483003,2,0.02212134562636046,0.013165826821948595,0.03454396987791234,0.00322426184208633,9,0.059103589115909384,0.2212134562636046,0.030871800943620076,0.030871800943620076,0.03200755591914904,1.1161181859583179e-05,9.379549110686069e-06,1.0871368693013774e-06,1.6068617240425573e-05,-0.1376702501433105,1.6160635931746394,0.03451088547274234,1.2059007415050096e-05,2.330717100041607e-05,1.633250522072519e-06,-0.4589915752448759,2.0618184436385323
5.812625986906339e-05,2,0.004321371010813772,0.7726785191817472,0.6719528786707676,0.010187505413940095,0.6435113099044243,0.008638206318064622,0.08920645351286594,4.98381050652767e-05,1.4658131550060418,7.223156989262574,0.009356807645191059,1.5049961580669693e-07,2.094719946032002e-06,4.11338539231891e-08,5.918819396584223e-06,0.1934959926572541,1.7261317441750859,0.018718621623538077,5.95225844822591e-07,3.9801457585459004e-06,5.6050213197598646e-08,-0.7740239135895934,1.780804323229627,8.09735123503787e-05,4,-0.5106700596057088,0.008525193892370631,0.005752901335938281,1.038350288746942,1.1801131197266947,0.0120262170097563,6.198580213007169e-07,2.527688419285692e-06,2.6216824504810604e-06,4.624527839426432e-07,8.83575330280007e-06,-0.3306487986370657,1.7004966125554974,0.01455624928024417,3.1008909602862036e-06,5.593051535136858e-06,6.772441105910854e-07,1.4859187986113053e-05,-0.41489352535593566,1.897437872690308,3,0.09173997291395053,0.01400833367311083,0.9333333333333333,0.016753988512253452,0.016836504200165987,0.011129903246988529,7.547433552120597e-07,1.1584849466913047e-06,1.8874677802856635e-07,4.0610084211296135e-06,0.2662105300561609,3.198493412785302e-06,1.943021283928463e-06,1.5213485178350886e-06,4.3596119978297767e-07,5.062818105918668e-06,-0.8524520595378698,0.22955619691641407,0.017240285461325437,0.20552908827799607,0.016424211898808345,0.00975882517414056,0.7978684542404455,0.7978684542404455,3,0.5025604485578166,2.2955619691641407,1.314533127842925e-07,1.314533127842925e-07,-0.8984528464791103,1.8490468726151283,0.014616778671087604,7.095613603416252e-06,7.160450675919777e-06,5.36529260056203e-07,2.578443536751425e-05,-1.150550196906682,1.7771827407727279,3,0.024186344221182748,0.013165826821948595,0.037422339091014514,0.0022142735313853803,9,0.06677760501854599,0.24186344221182748,0.010200602762521216,0.010200602762521216,0.008749000397985627,2.823055530912179e-05,1.0035499361883371e-05,9.320605437505742e-06,2.392618953158923e-07,2.823055530912179e-05,-0.022558996867379822,1.8125043012397015,1.1204855702063699e-05,2.5086502459298567e-06,0.2256083427230983,2.13596033287378,3,0.024186344221182748,0.013165826821948595,0.037422339091014514,0.0022142735313853803,9,0.06677760501854599,0.24186344221182748,0.010200602762521216,0.010200602762521216,0.010375390843108743,1.7402622052453005e-05,9.55736333390616e-06,1.0871368693013774e-06,1.7402622052453005e-05,-0.26668319368694393,1.6161401424147555,0.008105469587135565,1.7010681890116917e-05,1.78729490099176e-05,1.633250522072519e-06,-0.397281118890995,2.083384499550723
5.114939335383585e-05,2,0.004971828894910483,0.772902517041437,0.6737900879840348,0.010199951593586366,0.6448316694421726,0.008091441767478978,0.08494517290147863,7.21256041126989e-05,1.4649877362988666,7.233463025127358,0.01638517590597977,7.262743674900738e-06,2.6259494064279274e-06,4.11338539231891e-08,7.262743674900738e-06,0.3806033988377882,1.8478067157762565,0.03004645692791374,5.742495786814064e-06,3.45541728383392e-06,5.6050213197598646e-08,-0.6315253415830009,1.9546100170884237,5.949740523303785e-05,3,-0.5120599265099097,0.008844390128448582,0.005584190894198685,1.0420974456528853,1.1727993798557472,0.016968504933109828,1.831696381968649e-05,4.279655664240551e-06,5.332403212057946e-06,4.624527839426432e-07,1.831696381968649e-05,0.11583660662952815,1.9263718919643096,0.008913438859345453,7.3800089198715515e-06,5.4459162720752356e-06,6.772441105910854e-07,1.4859187986113053e-05,-0.08893812418629721,1.9970944469435117,2,0.09505895116588645,0.011705954322353156,0.9,0.016472879985367766,0.01690785142174643,0.016769528363511352,2.1577641742868133e-07,1.1002711329913356e-06,1.8874677802856635e-07,4.0610084211296135e-06,0.3910839159644275,1.7088181688263078e-06,1.9854955076152375e-06,1.5082312373324286e-06,4.3596119978297767e-07,5.062818105918668e-06,-0.685643424814111,0.23550490889235437,0.01816180917566031,0.2096711822391217,0.015998252959393607,0.009404713275682377,0.797531504852572,0.797531504852572,3,0.5160379531114391,2.3550490889235434,3.2117678911612844e-06,1.314533127842925e-07,-0.45119427458348715,1.9191273381257015,0.01892549674773908,1.246235830088813e-05,7.062644579452172e-06,5.36529260056203e-07,2.578443536751425e-05,-0.7186979564107717,1.9610266275266721,3,0.025557128088599453,0.013165826821948595,0.037422339091014514,0.0021146880123322975,10,0.0672332685866949,0.25557128088599457,0.023357046431281225,0.023357046431281225,0.025306266349620674,1.1020278589705893e-05,1.095667355932714e-05,8.908075618727153e-06,2.392618953158923e-07,2.823055530912179e-05,0.05802317756317007,1.8607524553821098,2.641103694958468e-05,2.5086502459298567e-06,0.10772457732226173,2.0588257504504313,3,0.025557128088599453,0.013165826821948595,0.037422339091014514,0.0021146880123322975,10,0.0672332685866949,0.25557128088599457,0.023357046431281225,0.023357046431281225,0.028858398905006407,1.624141201561117e-05,1.057909283280818e-05,1.0871368693013774e-06,1.7402622052453005e-05,-0.1446486687304532,1.7253418826399605,0.03191075277277717,2.8888777178493424e-05,1.7674565340692555e-05,1.633250522072519e-06,-0.5191066123354007,1.9605838584035664
4.890683030574229e-05,3,0.00517039727204324,0.7731339185899848,0.6745392102953643,0.009973342925531072,0.6453936393626802,0.007860061730965788,0.09779314994109012,7.05432578231686e-05,1.465551845164757,7.238365644426747,0.018303214082967093,9.802140729949113e-07,2.5560999649647056e-06,1.5049961580669693e-07,7.262743674900738e-06,0.8327712823028962,1.7498480848383573,0.019266600584426138,2.2346213146721704e-06,3.3976784352468067e-06,5.6050213197598646e-08,-0.6248051218373986,1.9469737190771101,7.145199188163733e-05,3,-0.5131327865628224,0.008527383277160527,0.005242019999779328,1.0458310474396493,1.1653380223624492,0.018869410978121,4.1687061124671353e-07,3.988655088193597e-06,5.454463738924588e-06,4.1687061124671353e-07,1.831696381968649e-05,0.6225186332825443,1.7414274460404704,0.022457991699458838,5.374996128284522e-06,5.664973215161787e-06,6.772441105910854e-07,1.4859187986113053e-05,-0.08661109123348179,1.9936011118628842,3,0.09282250839666858,0.007866659390899668,0.9,0.011220798052411139,0.011813113138690289,0.019485238021323726,7.692782540718772e-07,1.1023394937416335e-06,1.8874677802856635e-07,4.0610084211296135e-06,0.8764740709919124,1.9547020223611643e-06,1.6746838992594872e-06,1.1096220058412376e-06,4.3596119978297767e-07,3.3739866762763743e-06,-0.6661489317187066,0.2390554477866976,0.018587468472573032,0.2096711822391217,0.015156175163323538,0.00972052472543221,0.7944767824341729,0.7944767824341729,3,0.5209428613187843,2.390554477866976,5.8322987875897545e-08,5.8322987875897545e-08,-0.4605910002511048,1.9301502936982051,0.017382170126456188,5.906062027243141e-06,7.036202950914913e-06,5.36529260056203e-07,2.578443536751425e-05,-0.673643297854924,1.9100925036771408,3,0.025367670376832064,0.013165826821948595,0.037422339091014514,0.003485177000500882,10,0.0673469989808328,0.25367670376832063,0.023507281855321804,0.023507281855321804,0.018740079498424746,3.822229428143043e-05,1.4385129282243453e-05,1.1705313449545408e-05,2.392618953158923e-07,3.822229428143043e-05,0.03719101620913316,1.8906879971155475,8.460151492020817e-06,2.5086502459298567e-06,0.1373443506187919,2.016025095633366,3,0.025367670376832064,0.013165826821948595,0.037422339091014514,0.003485177000500882,10,0.0673469989808328,0.25367670376832063,0.023507281855321804,0.023507281855321804,0.021024449801876087,3.613914843085334e-05,1.3526145416205467e-05,1.0871368693013774e-06,3.613914843085334e-05,-0.1574298286714922,1.7437789368160623,0.01651392383444534,7.339491436371249e-06,1.0312632905854013e-05,1.633250522072519e-06,-0.4882844783718916,1.9239324434579776
4.7698350707468156e-05,3,0.005049434377876941,0.7730238070694951,0.6748368613025241,0.009722775280766097,0.6455415469693603,0.007721658295394804,0.10004480439206942,6.753169505460189e-05,1.4655660689217895,7.239303341860097,0.011063097939877361,3.7741088814348175e-07,2.577207582183907e-06,1.5049961580669693e-07,7.262743674900738e-06,0.8573319299602842,1.7699967834699426,0.015648819683275687,3.028190635634922e-06,3.4505925161533612e-06,5.6050213197598646e-08,-0.3630763540071016,2.1962172082648164,7.523201424356836e-05,3,-0.5158283088764569,0.007930182208238323,0.005255158704720241,1.0533981081084252,1.154915246452481,0.003422833788829888,2.766287897671516e-06,4.177138126149677e-06,5.37583475420698e-06,4.1687061124671353e-07,1.831696381968649e-05,0.42766172688648024,1.988438654962237,0.012565687627351498,1.7297996115944116e-06,5.521302941681777e-06,6.772441105910854e-07,1.4859187986113053e-05,-0.3066558221725692,2.178050596037405,3,0.09528331667471339,0.007743012809253238,0.8666666666666667,0.007804776710307618,0.006639451272210375,0.015413015035432255,2.492583641149948e-07,5.517353120211654e-07,1.8874677802856635e-07,2.006838859681729e-06,0.8912612939034347,1.6832261114287175e-06,1.5056078427747214e-06,9.559908927975392e-07,4.3596119978297767e-07,3.198493412785302e-06,-0.41443096068882895,0.24313053373580007,0.022191045585540012,0.2096711822391217,0.01568072221808276,0.009945726489323896,0.7914566865355634,0.7914566865355634,3,0.5413209351225342,2.4313053373580007,6.70516888614292e-07,5.8322987875897545e-08,-0.7526847139989984,1.9676168315135356,0.009885759948901687,1.9158762267695309e-07,7.382621940370424e-06,1.9158762267695309e-07,2.578443536751425e-05,-0.896420806879842,1.9995376114796393,3,0.02569241310206103,0.016413254074238225,0.037422339091014514,0.0038077534580255607,9,0.06654259920674899,0.25692413102061024,0.02265359740455175,0.02265359740455175,0.014096585852603004,2.4570532304107182e-05,1.4735105505362522e-05,1.1949742415171463e-05,2.392618953158923e-07,3.822229428143043e-05,-0.3551564485411281,1.963028190904162,5.3929372633225025e-06,2.5086502459298567e-06,-0.4282943409845793,1.996877066694513,3,0.02569241310206103,0.016413254074238225,0.037422339091014514,0.0038077534580255607,9,0.06654259920674899,0.25692413102061024,0.02265359740455175,0.02265359740455175,0.01631475773299735,3.5485558029706783e-05,1.5645573887192362e-05,1.0871368693013774e-06,3.613914843085334e-05,-0.633489477412551,1.6872306715872925,0.026257479022229156,6.698201963858347e-06,1.034275271026646e-05,1.633250522072519e-06,-1.052306732669113,1.7130686664567938
4.470563909140474e-05,3,0.004885979547477541,0.7743106885183837,0.6746986564663332,0.00982747084170001,0.6460725731804253,0.007475490298650241,0.11562428310408568,9.489153551031713e-05,1.466879080560576,7.245046724923585,0.01614134288913734,8.618218514859149e-06,3.1665290470190312e-06,1.5049961580669693e-07,8.618218514859149e-06,1.3120184672567086,1.6564359187898408,0.03413321749066531,1.3345264254040082e-06,3.188505247117836e-06,5.6050213197598646e-08,-0.12142731721251247,2.0066206725984337,7.905914658775827e-05,3,-0.5152296112443333,0.008499976071509175,0.006084829721939791,1.0540928817975577,1.1847079918157382,0.014194869534069992,3.884936891997321e-05,7.5779121284237814e-06,1.1726318242036897e-05,4.1687061124671353e-07,3.884936891997321e-05,0.17076418654701198,1.9131657621821316,0.028855218208396045,6.635442979167545e-06,5.756661876961454e-06,6.772441105910854e-07,1.4859187986113053e-05,-0.7138158503945611,1.9213936250757473,2,0.09023720402385235,0.020352385978250346,0.8666666666666667,0.015005434301737975,0.020503206233659556,0.009408982465090041,3.4251948329658638e-06,9.38560526005761e-07,1.8874677802856635e-07,3.4251948329658638e-06,0.47588455688479525,1.114340061280641e-05,2.327721435690564e-06,3.0538600352313214e-06,4.3596119978297767e-07,1.114340061280641e-05,-0.1772380500568657,0.24624716536064667,0.021602163701920776,0.2096711822391217,0.01663917654233862,0.010175477721128241,0.8023441906599446,0.8023441906599446,3,0.544546365812487,2.4624716536064666,5.937612696912009e-06,5.8322987875897545e-08,-0.4616132117328136,1.8129968464248938,0.02852521833556226,4.586118767998714e-06,7.309041943709641e-06,1.9158762267695309e-07,2.578443536751425e-05,-0.6730617359762405,1.8567066584113228,3,0.0264749950449083,0.016413254074238225,0.037422339091014514,0.004161213002416108,9,0.06984120083558705,0.264749950449083,0.03256878535823349,0.03256878535823349,0.0342622843103631,3.1393204518097034e-05,1.70354027565781e-05,1.2697576959579285e-05,2.392618953158923e-07,3.822229428143043e-05,-0.6295731651465039,1.6338336131318816,4.845555128236941e-05,2.5086502459298567e-06,-0.8039542445709147,1.6049166960938455,3,0.0264749950449083,0.016413254074238225,0.037422339091014514,0.004161213002416108,9,0.06984120083558705,0.264749950449083,0.03256878535823349,0.03256878535823349,0.038209720334135194,5.0919643892759144e-05,1.9813363757525608e-05,1.0871368693013774e-06,5.0919643892759144e-05,-0.6246756167460888,1.6910671190115258,0.024017269862118353,7.063517271409897e-05,1.9516262180385506e-05,1.633250522072519e-06,-0.816505814314105,1.5878102614088445
4.5576565178222004e-05,3,0.004548089031934935,0.7760234187544206,0.6753802462659907,0.009533697540482803,0.647372575052694,0.007446009682697022,0.11435569150615799,0.00011360134580208849,1.4677650140103593,7.257018325102056,0.01698419123325225,2.0760179761426344e-07,3.1766801584259e-06,1.5049961580669693e-07,8.618218514859149e-06,0.9275644672704638,1.66807538179457,0.02362563479124853,3.0607662889255386e-06,3.384663788942197e-06,5.6050213197598646e-08,-0.1142982948183771,1.9966433173428877,7.983218601869528e-05,3,-0.5153936680975936,0.009262730556892996,0.005622723020935947,1.0546776550699417,1.1653099478647655,0.01407150690096091,2.7124187915085204e-07,7.558791037944602e-06,1.1738055236805235e-05,2.7124187915085204e-07,3.884936891997321e-05,0.1404605869434071,1.9505238569565726,0.013091241061575897,3.691993724955211e-06,5.841444184092565e-06,6.772441105910854e-07,1.4859187986113053e-05,-0.1744711366306586,2.0600765086672133,3,0.08511484554826236,0.022722047888494332,0.8666666666666667,0.014929188477009026,0.020484277025671006,0.018233448187400865,1.9002239873891709e-06,9.147462269420308e-07,2.1577641742868133e-07,3.4251948329658638e-06,0.5740977203138875,1.4084738909444922e-06,2.408065489413431e-06,3.017837326611361e-06,4.3596119978297767e-07,1.114340061280641e-05,-0.1601599142148969,0.24962987137938047,0.0206092289510808,0.2096711822391217,0.01687753273478651,0.009807427615886198,0.7873380761703759,0.7873380761703759,3,0.550568108611867,2.4962987137938053,3.911487264329849e-07,5.8322987875897545e-08,-0.5279102581821928,1.8902625622129043,0.020360115399412383,3.0606062614590073e-06,7.201967837617703e-06,1.9158762267695309e-07,2.578443536751425e-05,-0.12370552011007172,2.0026372481307564,4,0.02587448599489236,0.016413254074238225,0.037422339091014514,0.004364749535312863,9,0.07044848115708467,0.2587448599489236,0.033876380443912946,0.033876380443912946,0.011196451613430624,9.300649185131833e-06,1.7941541485559695e-05,1.1754955539951746e-05,7.486446762306453e-07,3.822229428143043e-05,-0.6885779947624275,1.697911447492319,4.217100804878543e-06,2.51942143936733e-06,-0.8649263675534418,1.6777399738006449,4,0.02587448599489236,0.016413254074238225,0.037422339091014514,0.004364749535312863,9,0.07044848115708467,0.2587448599489236,0.033876380443912946,0.033876380443912946,0.013369002794772959,1.2218546180039845e-05,2.0926504688599457e-05,1.4553917713890558e-06,5.0919643892759144e-05,-0.7017231310088918,1.7762008148369617,0.012682794956192215,6.642642523268919e-06,1.922483960475211e-05,1.633250522072519e-06,-0.8825429100137292,1.6671498273270342
3.7109115736411835e-05,3,0.004442242417168925,0.7774411572116782,0.67609107331651,0.009041624634473023,0.6484739308977684,0.006789188154832465,0.10943401237432338,0.00012053307467564027,1.4694059859426738,7.26766115264094,0.02556611020718005,4.197288245443172e-06,3.074679859322666e-06,1.5049961580669693e-07,8.618218514859149e-06,0.7730670400221679,1.5667283607954678,0.017692021879245737,3.0652118437485816e-06,3.6772027869287838e-06,5.6050213197598646e-08,-0.30759499363557935,1.8316024027425797,8.541657444517553e-05,3,-0.5129676331277754,0.01019031634277957,0.0061315551017769344,1.0501771880068933,1.1788579529703722,0.03138665696749506,2.9685964130632774e-06,7.803549933853346e-06,1.1613611958263256e-05,2.7124187915085204e-07,3.884936891997321e-05,-0.20377527362116465,1.8717034253879885,0.020901833444805062,1.0239602453073668e-05,6.7976800183408235e-06,1.019351532257023e-06,1.4859187986113053e-05,-0.4168366275915208,1.9056944095893775,2,0.08650803914885954,0.02395069321059102,0.8333333333333334,0.020664973266569565,0.02427268420839147,0.029057785801580485,8.454549098032804e-07,9.230338291715747e-07,2.1577641742868133e-07,3.4251948329658638e-06,0.3803086126917025,2.1880586929996833e-05,4.552528062434817e-06,6.4836418774697495e-06,4.5753325539732097e-07,2.1880586929996833e-05,-0.31918733181367837,0.2533704877717643,0.017482352784045627,0.2096711822391217,0.016519622361136566,0.01018462148515175,0.7926822507318971,0.7926822507318971,3,0.5546016647528433,2.533704877717643,1.8853006324779504e-07,5.8322987875897545e-08,-0.9882652502215628,1.5885155377668245,0.017325867988951662,5.309800042316777e-07,7.202516342772302e-06,1.9158762267695309e-07,2.578443536751425e-05,-0.4605434902791671,1.8378820244524297,3,0.02566517493669212,0.016413254074238225,0.037422339091014514,0.004193191273651125,9,0.07007902351870923,0.25665174936692114,0.025833980129028156,0.025833980129028156,0.028792024786679287,1.0154633775047938e-05,1.8882140395441427e-05,1.0667627502708865e-05,5.246897889592195e-06,3.822229428143043e-05,-1.0139120580354268,1.5610652280456732,2.7665851382180923e-06,2.51942143936733e-06,-1.0078747463610043,1.6065099586982066,3,0.02566517493669212,0.016413254074238225,0.037422339091014514,0.004193191273651125,9,0.07007902351870923,0.25665174936692114,0.025833980129028156,0.025833980129028156,0.026987280448979304,1.2042085823691743e-05,2.198517409382973e-05,1.1161181859583179e-05,5.0919643892759144e-05,-0.9487696869159453,1.6456610434574217,0.014252483452976179,3.831657634639015e-06,1.9567989110390104e-05,1.633250522072519e-06,-1.021126250654859,1.5944080846351045
4.3059072689155146e-05,3,0.004433928161764868,0.7779544857901837,0.6776375153322886,0.008780872450839852,0.6496175279524417,0.007157126306457325,0.10445038784151806,0.00010238658622541231,1.4733030597118195,7.277960005612361,0.01979447823632306,4.2005438778399616e-07,3.143330790329393e-06,1.5049961580669693e-07,8.618218514859149e-06,0.7985859428694265,1.5374782406318892,0.009903999148842617,8.673350851633124e-06,3.99078612091343e-06,5.6050213197598646e-08,-0.23599293289342943,1.7875336555170713,8.577150693029026e-05,4,-0.5120486338925965,0.010047377109625454,0.006191492794679623,1.0494622600323358,1.162735087344511,0.012534553689947377,4.790729191191195e-06,7.399047522692459e-06,1.1641027661668677e-05,2.7124187915085204e-07,3.884936891997321e-05,-0.2937627932667649,1.9348158040660572,0.013277965230084001,7.991758021708217e-07,6.775662445332204e-06,7.991758021708217e-07,1.4859187986113053e-05,-0.5702380584261066,2.0513911690521187,3,0.0908996446931317,0.02664918254980555,0.8,0.020236611650279922,0.024368828897571967,0.018764517855835584,7.943537290133327e-08,9.410780339392686e-07,7.943537290133327e-08,3.4251948329658638e-06,0.37133976936838964,3.37069732911452e-06,4.8357888843623355e-06,6.36281978998705e-06,4.5753325539732097e-07,2.1880586929996833e-05,-0.3768987739276245,0.2593150729298601,0.010204264157969541,0.24296917039218882,0.01728258003318981,0.009734074888474184,0.7852904432865598,0.7852904432865598,2,0.5360649151503777,2.593150729298601,1.498328888277893e-06,5.8322987875897545e-08,-0.648783095766702,1.9219609898734293,0.012015817999053725,3.67510051562177e-06,7.258225170946588e-06,1.9158762267695309e-07,2.578443536751425e-05,-0.03960062691840589,2.0518368878039333,3,0.02659176398277922,0.016413254074238225,0.0374958043864751,0.004719736484822288,9,0.07354770956762864,0.26591763982779215,0.02622550667953183,0.02622550667953183,0.011090667856191295,7.380586039322952e-06,1.9095509210414502e-05,1.0411020205853535e-05,7.380586039322952e-06,3.822229428143043e-05,-1.187809809355752,1.6253228048961852,6.6514828528214846e-06,2.7665851382180923e-06,-1.131715589788565,1.658085953555078,3,0.02659176398277922,0.016413254074238225,0.0374958043864751,0.004719736484822288,9,0.07354770956762864,0.26591763982779215,0.02622550667953183,0.02622550667953183,0.00888259236434546,5.616629017822009e-06,2.132954445429458e-05,5.616629017822009e-06,5.0919643892759144e-05,-1.1588036723744373,1.7316084157162077,0.006824499303453199,8.821850249314876e-06,1.9143142521304362e-05,3.831657634639015e-06,-1.1571497955228578,1.6538587762599717
4.3086498950721147e-05,3,0.004607997847180159,0.7800511426018386,0.6791895289833162,0.008771961862076386,0.6515215368163381,0.007238369322836873,0.10342831763823168,0.00010251273625302762,1.4742743728550196,7.296203357925775,0.016957302847560203,7.273228817857087e-06,3.297048312492308e-06,1.5049961580669693e-07,8.618218514859149e-06,0.7827742255406862,1.5502392612082292,0.010739260897316288,7.523249233964889e-06,3.531368843881749e-06,5.6050213197598646e-08,-0.3202186151990357,1.761981093026992,0.0001485034284142929,3,-0.5086740092239052,0.012297048199748545,0.006581069126069139,1.0435615031709053,1.1908267571298157,0.027920686022508193,1.1501744635759634e-06,7.1016068482469094e-06,1.1758302707076005e-05,2.7124187915085204e-07,3.884936891997321e-05,-0.4397765240231217,1.8971419647490764,0.030617461656175952,3.144600905219398e-06,5.6042037372428375e-06,7.991758021708217e-07,1.3945525887805047e-05,-0.6783088331860097,2.007540118808595,3,0.08998242788105414,0.02667350379433019,0.8,0.023139752016345345,0.024940623775986843,0.024518980604381194,2.385660783196861e-07,9.698873632357795e-07,7.943537290133327e-08,3.4251948329658638e-06,0.18701836755595383,2.1914081348331687e-05,6.981443693655773e-06,7.945535616460204e-06,1.4084738909444922e-06,2.1914081348331687e-05,-0.5485621288587661,0.2582469143500067,0.011942688216157767,0.2354181600301868,0.017009611053219194,0.00921793378728688,0.7941160146778043,0.7941160146778043,2,0.5379113856240292,2.582469143500067,1.1407997846986809e-06,5.8322987875897545e-08,-0.763786065411148,1.8560749986782774,0.02467776950214391,3.496063611991575e-06,4.002704904327179e-06,1.9158762267695309e-07,1.246235830088813e-05,-0.1700574914570803,2.02304960750655,3,0.02838107284887274,0.016413254074238225,0.044379699568064326,0.004320644568869074,9,0.0778074166960824,0.2838107284887274,0.012653937708541951,0.012653937708541951,0.027025726284665357,1.4095860082881341e-05,1.8486808157754278e-05,1.0507151774567963e-05,7.380586039322952e-06,3.822229428143043e-05,-1.3087859603373968,1.4688675124044526,5.401046321872299e-05,2.7665851382180923e-06,-1.2790686628036518,1.4663520532918213,3,0.02838107284887274,0.016413254074238225,0.044379699568064326,0.004320644568869074,9,0.0778074166960824,0.2838107284887274,0.012653937708541951,0.012653937708541951,0.030048368191735682,4.020793289253181e-05,2.3743476019505202e-05,5.616629017822009e-06,5.0919643892759144e-05,-1.3009790158501144,1.5503740556968537,0.031378512028104794,8.478656066703617e-05,2.7560871449378378e-05,3.831657634639015e-06,-1.3032977695506438,1.4599961887320545
8.713326502058025e-05,3,0.004240610527436462,0.7813416527782254,0.6811752345349432,0.012627087014195936,0.6532453722831637,0.010354359877604394,0.0823819092210013,0.0001228904836116447,1.48516779837981,7.312584436565842,0.03499168879260707,3.954384967807553e-06,3.2044730237831235e-06,1.5049961580669693e-07,8.618218514859149e-06,0.788718839077252,1.5441630626765248,0.018736533804532825,1.399839510932539e-05,4.9256033334945275e-06,5.95225844822591e-07,-0.24243050390596133,1.745721701643517,0.0001753763499456246,4,-0.5076582819192217,0.011071260636945978,0.006560486465999575,1.0449223704361117,1.1750687721171298,0.018578353445138453,3.6112930210602148e-06,7.376138423792015e-06,1.1640972313226161e-05,2.7124187915085204e-07,3.884936891997321e-05,-0.47231153089544387,1.9163759001726646,0.01379011109827465,1.1640417147970018e-05,5.373692863259336e-06,7.991758021708217e-07,1.1640417147970018e-05,-0.3757070545798614,2.0975537956005796,4,0.09046261208980945,0.026781534316775442,0.8,0.024440057815578176,0.024048636098475594,0.027223966763796095,1.1450283465924762e-06,9.716943200498336e-07,7.943537290133327e-08,3.4251948329658638e-06,0.1896932576320918,1.5971278720306529e-06,6.985960769862607e-06,7.942459887145146e-06,1.4084738909444922e-06,2.1914081348331687e-05,-0.5413531068939418,0.25662402585593835,0.0121327168688321,0.2354181600301868,0.0164548811390042,0.009305694391592957,0.792979030378732,0.792979030378732,3,0.536879405161127,2.566240258559383,7.158613205504365e-08,5.8322987875897545e-08,-0.40584881454461436,1.9124821135914907,0.02700265929689703,6.830998469234313e-06,3.3885996994839352e-06,1.9158762267695309e-07,1.246235830088813e-05,0.20332675762005184,1.97121514866239,3,0.028641473185913896,0.016413254074238225,0.044379699568064326,0.004328168352118386,9,0.07909780565663323,0.28641473185913896,0.010246603068994498,0.010246603068994498,0.01991889020758793,2.5538383262931152e-06,1.769224324111395e-05,1.1347912963687648e-05,2.5538383262931152e-06,3.822229428143043e-05,-1.3879104297569094,1.535918906901355,3.175148603990947e-06,2.7665851382180923e-06,-0.7867514994762127,1.8736315060263236,3,0.028641473185913896,0.016413254074238225,0.044379699568064326,0.004328168352118386,9,0.07909780565663323,0.28641473185913896,0.010246603068994498,0.010246603068994498,0.01958113667704569,3.2383229844462393e-06,2.295119013199151e-05,3.2383229844462393e-06,5.0919643892759144e-05,-1.3818799169867324,1.6128315905333075,0.004469173616624539,3.3067644438790653e-06,2.808154457462045e-05,3.3067644438790653e-06,-1.3404962664618494,1.4845593841021738
8.87795338509271e-05,3,0.004418028322697611,0.7815795223646955,0.6811774151538283,0.012629125965630773,0.6536298139491077,0.01066846318097117,0.09156334318871628,0.00011822414167245595,1.4855526639822338,7.3137846875926185,0.02880859726204624,1.7660031833222341e-06,3.0776059880729567e-06,2.0760179761426344e-07,8.618218514859149e-06,1.0757081199873542,1.5562998058824073,0.05237736318438373,1.0045199027415604e-05,5.870600651753829e-06,1.3345264254040082e-06,0.0635059013711893,1.9894193907265247,0.00017489428109728812,4,-0.5085670262780407,0.012995732300448736,0.00681266284760407,1.0489929778017468,1.1616672547071438,0.02563316810255151,1.2588323704933182e-06,7.440035858711276e-06,1.1605410994978698e-05,2.7124187915085204e-07,3.884936891997321e-05,-0.3995093101014211,1.99466289640525,0.024272481632509606,1.4918391837978072e-05,6.5554429510285226e-06,7.991758021708217e-07,1.4918391837978072e-05,-0.19905349512917114,2.2733946041312936,3,0.09590746021331997,0.031315500631942446,0.7666666666666667,0.028667728454459085,0.02374245792099729,0.031749603411440355,9.687244924727448e-07,9.692410924064676e-07,7.943537290133327e-08,3.4251948329658638e-06,0.4758998688181613,1.3333857213286928e-05,7.99949714991277e-06,8.040553531491213e-06,1.4084738909444922e-06,2.1914081348331687e-05,-0.3286784745521705,0.25759290539648677,0.011366245929071608,0.2354181600301868,0.014812406537308313,0.009766398634017162,0.785856024774081,0.785856024774081,2,0.5385477667700396,2.5759290539648676,1.7216571570145985e-06,5.8322987875897545e-08,-0.29028278392483353,1.9861543108454698,0.01551363926961998,1.250041468982162e-05,4.075650450918005e-06,1.9158762267695309e-07,1.250041468982162e-05,0.43827149102568735,2.10323085670067,4,0.02861540729775492,0.016413254074238225,0.044379699568064326,0.004733331598434975,8,0.07905883520695363,0.2861540729775492,0.007276758153733076,0.007276758153733076,0.026298863259752128,1.6188703635761281e-06,1.5031074746559386e-05,1.1680027410789121e-05,1.6188703635761281e-06,3.822229428143043e-05,-1.1675830125505893,1.7877131366225099,4.19148335899017e-06,2.7665851382180923e-06,-0.6221116629043907,2.0663223101740402,4,0.02861540729775492,0.016413254074238225,0.044379699568064326,0.004733331598434975,8,0.07905883520695363,0.2861540729775492,0.007276758153733076,0.007276758153733076,0.0255784214121296,1.7462087357152915e-06,2.138554880031774e-05,1.7462087357152915e-06,5.0919643892759144e-05,-1.091529441098017,1.9156890571570198,0.029876556368661544,3.806210514638343e-06,2.8673771199148715e-05,3.3067644438790653e-06,-1.156534670748687,1.7956023396402696
8.421696704630994e-05,3,0.004101654529786495,0.7827704796026327,0.6819846638452092,0.012918673024247897,0.6548803684612017,0.01058692674056211,0.08878225836704112,0.00010768731631461687,1.485453873102156,7.323775717239209,0.006190461047074454,1.2822191212029595e-06,2.8630156567857776e-06,2.0760179761426344e-07,8.618218514859149e-06,1.08947664915536,1.5683811614220582,0.021482968519363637,1.8307301430163225e-05,7.127081216088745e-06,1.3345264254040082e-06,0.11758214150533139,2.0553993779165394,0.0002076602033339234,4,-0.5102636562554935,0.013783617919082392,0.006557433239374624,1.0531267154710742,1.1469270025767524,0.013411140605921554,7.100566748166361e-06,6.318396151559263e-06,1.1027613362400287e-05,2.7124187915085204e-07,3.884936891997321e-05,-0.5025805874679781,1.834329034152064,0.01782034865447106,1.3282665725167144e-06,5.950268716293039e-06,7.991758021708217e-07,1.4918391837978072e-05,-0.15326254170813086,2.3208047228913182,4,0.10101963076501871,0.035618917716789274,0.7333333333333333,0.028335050882647272,0.024010522285380788,0.010054793975412762,9.90735160134732e-07,9.351245290032999e-07,7.943537290133327e-08,3.4251948329658638e-06,0.48522720605587216,1.759866790585308e-06,8.004602012088671e-06,8.03657324554152e-06,1.4084738909444922e-06,2.1914081348331687e-05,-0.3067955138911014,0.25430982116582934,0.01332128632793788,0.23218536573082516,0.014654962779472102,0.009660618204550518,0.7879349134104977,0.7879349134104977,2,0.5438663237659755,2.5430982116582936,2.0801239949898726e-06,5.8322987875897545e-08,-0.24153824585651962,2.0434038051617254,0.010852902981750503,8.932295922940373e-07,3.4842650714881356e-06,1.9158762267695309e-07,1.250041468982162e-05,0.46049951142079043,2.120933529180851,3,0.027820661508728618,0.016413254074238225,0.044379699568064326,0.0051046268749717775,8,0.07764712734800065,0.27820661508728617,0.004058035487105038,0.004058035487105038,0.024788814941213794,3.155891687089778e-06,1.4244636056297773e-05,1.2177762651310508e-05,1.6188703635761281e-06,3.822229428143043e-05,-1.183521105104917,1.7642348322099555,1.190510451223208e-05,2.7665851382180923e-06,-0.5411632915237143,2.1408226003177164,3,0.027820661508728618,0.016413254074238225,0.044379699568064326,0.0051046268749717775,8,0.07764712734800065,0.27820661508728617,0.004058035487105038,0.004058035487105038,0.02458202742790496,5.294991124549247e-06,2.029090671121155e-05,1.7462087357152915e-06,5.0919643892759144e-05,-0.9908821509014241,2.088809006572832,0.017920007702493745,7.926370112393688e-06,2.889371232428147e-05,3.3067644438790653e-06,-1.061751327010393,1.9257007918743547
7.72903969876218e-05,3,0.0036802971200866463,0.7831841175204752,0.6827172547649528,0.01269968558893826,0.6556898282011743,0.010069732794623478,0.09460361992207789,0.0001105119349630265,1.486860207684415,7.329506861427141,0.017622290345532827,2.4956151759756447e-06,2.7963130783616746e-06,2.0760179761426344e-07,8.618218514859149e-06,1.0558629936137192,1.541639857122681,0.0195470140363219,1.5408382974200535e-05,8.444457382041583e-06,1.3345264254040082e-06,0.41186858268885,1.8111481030392096,0.00021310642870478024,4,-0.5104563028728919,0.01269887110425678,0.007443944835359708,1.0538225585837042,1.1666907099785435,0.01880938256747187,8.241287211842504e-07,6.359121962553017e-06,1.1006475138220233e-05,2.7124187915085204e-07,3.884936891997321e-05,-0.6089772312816024,1.6983788312835377,0.01848995737847787,6.03505216467468e-06,6.016274319932055e-06,7.991758021708217e-07,1.4918391837978072e-05,0.19155873115428143,2.1080026002574925,4,0.10412055666401518,0.0366904364983734,0.7,0.030346295535349555,0.022472974390172686,0.019131217704112483,2.7392477195988103e-07,9.620091159727265e-07,7.943537290133327e-08,3.4251948329658638e-06,0.3406256531126857,6.375143542079143e-06,8.44664616406047e-06,7.81002503201106e-06,1.4084738909444922e-06,2.1914081348331687e-05,-0.09257551659517455,0.2481005753721977,0.02209329932647912,0.19514327367344794,0.017581124342446318,0.011408664342151077,0.7944984772116725,0.7944984772116725,2,0.549819438499624,2.4810057537219774,1.7064885703915584e-08,1.7064885703915584e-08,0.09418596648281813,1.8704213313932132,0.01920933076646034,5.944417079662049e-07,3.582174895417027e-06,1.9158762267695309e-07,1.250041468982162e-05,0.7544266903606053,1.855279679065812,4,0.02852336112436271,0.016413254074238225,0.044379699568064326,0.005189592083654554,7,0.07801236354170653,0.28523361124362706,0.016279906119566645,0.016279906119566645,0.019609297427805858,0.0001432050161262731,2.474290824078204e-05,4.0542192068452084e-05,1.6188703635761281e-06,0.0001432050161262731,-0.8594898716654041,1.7438629362293583,5.9282830527104154e-05,2.7665851382180923e-06,-0.24952523536007493,2.0260511091341873,4,0.02852336112436271,0.016413254074238225,0.044379699568064326,0.005189592083654554,7,0.07801236354170653,0.28523361124362706,0.016279906119566645,0.016279906119566645,0.026456420427639925,0.0002457761599240769,4.12546078605339e-05,1.7462087357152915e-06,0.0002457761599240769,-0.6800523217353616,2.039498045993755,0.041291481176330004,8.147100630954464e-05,3.3706155879123986e-05,3.3067644438790653e-06,-0.771575655489947,1.881242568160587
5.437392802381563e-05,4,0.004219272843219443,0.783588177403725,0.6846615829710447,0.011731674218027717,0.6571145846359159,0.008477865288562656,0.08464212116364955,0.0001331639397754146,1.4840595780006551,7.341248801873849,0.007218767017664224,1.0585087434340012e-05,3.423754370078516e-06,2.0760179761426344e-07,1.0585087434340012e-05,0.7340666429916067,1.5607899478854999,0.013684851998571178,3.865729041783024e-07,8.180295608895919e-06,3.865729041783024e-07,0.16597427207456844,1.6297657412305757,0.00019508777263702439,3,-0.5098789673966204,0.012443392006127141,0.007737473367165158,1.0519230787126401,1.1473666915035852,0.02451902214716489,8.116059167679103e-06,6.894099089553776e-06,1.0948704563296265e-05,2.7124187915085204e-07,3.884936891997321e-05,-0.5098816911052787,1.5924810436366437,0.010907405882202858,2.170149562920356e-05,8.013443921692968e-06,7.991758021708217e-07,2.170149562920356e-05,0.2185778318622774,2.0676877745994866,4,0.10681239748262931,0.037700543181541965,0.6666666666666666,0.02993721045496725,0.022937476916518415,0.01162361255557102,5.681119104485684e-06,1.6591188829021286e-06,7.943537290133327e-08,5.681119104485684e-06,0.013346721642224123,5.711608494617995e-06,8.849484402379397e-06,7.5503556458540605e-06,1.4084738909444922e-06,2.1914081348331687e-05,-0.21245911769542722,0.2412061110805702,0.021976633366663584,0.19514327367344794,0.016895905844450464,0.011312267567284557,0.786297748103302,0.786297748103302,2,0.5393028513683493,2.412061110805703,6.579640682673443e-08,1.7064885703915584e-08,0.04867658935311083,1.9330253492207425,0.016890697594916654,3.1398112165952368e-06,3.4034256972170626e-06,5.309800042316777e-07,1.250041468982162e-05,1.325963895272523,1.5658329034653102,3,0.03001067219499079,0.01643882428422589,0.044379699568064326,0.004656256527615246,8,0.08092810267996149,0.30010672194990784,0.012392534021238633,0.012392534021238633,0.021917750654380667,1.9301681863157564e-05,2.4216023196687077e-05,4.057523201373553e-05,1.6188703635761281e-06,0.0001432050161262731,-0.8639518923264593,1.7480454345932577,7.903141414791061e-06,2.7665851382180923e-06,-0.2250782691290199,1.995091202662347,3,0.03001067219499079,0.01643882428422589,0.044379699568064326,0.004656256527615246,8,0.08092810267996149,0.30010672194990784,0.012392534021238633,0.012392534021238633,0.024559475065302185,3.199421023757243e-05,4.090547308132047e-05,1.7462087357152915e-06,0.0002457761599240769,-0.6838092003747189,2.0430112133007072,0.02649694549384304,1.0968657623358203e-05,3.346236213652336e-05,3.3067644438790653e-06,-0.7450353884594374,1.8525321351143107
4.405401585020288e-05,3,0.004234548979179552,0.7832277448366833,0.6871054776739246,0.0101712830484931,0.6584540907001385,0.007443525485960843,0.08758101040487098,0.00011029063533507963,1.4860103529072766,7.3516661125530405,0.015454894215552737,1.373768676381616e-05,4.327537823902223e-06,2.0760179761426344e-07,1.373768676381616e-05,0.3846858389990172,1.4142416026441424,0.016192219170525993,1.7240664203803344e-06,8.219249608393552e-06,3.865729041783024e-07,0.17810420692375128,1.6238442647735227,0.00020281539830605233,3,-0.509010376522028,0.012734647404448251,0.008039757464706268,1.0503810691001783,1.1795093177452123,0.03937653049644424,2.351959179429776e-05,5.36112137698623e-06,6.561317300753996e-06,2.7124187915085204e-07,2.351959179429776e-05,-0.45960878204336997,1.6026276318670787,0.0288898158561256,1.659355860698773e-05,9.009255484474987e-06,7.991758021708217e-07,2.170149562920356e-05,0.3035978950669706,2.02237368345072,4,0.11690384349148486,0.028923208232813497,0.6333333333333333,0.022629237124872418,0.01922292564704857,0.023211403890078752,2.0368830918662785e-06,1.551391440857655e-06,7.943537290133327e-08,5.681119104485684e-06,0.2568036025324042,6.7232560961240756e-06,8.407469950711165e-06,7.532487844423174e-06,1.4084738909444922e-06,2.1914081348331687e-05,-0.1709471197215942,0.23723381743929753,0.022502957905384518,0.19514327367344794,0.015145306602427178,0.01152836599354444,0.7959182143194945,0.7959182143194945,2,0.5259479157441294,2.3723381743929757,1.6611030123799925e-06,1.7064885703915584e-08,-0.019688867035154,1.9510584366116221,0.034158540610011716,2.0262910661455266e-06,3.4405723967772344e-06,5.309800042316777e-07,1.250041468982162e-05,1.3503301257778062,1.5325321073535492,4,0.031172456319568203,0.01643882428422589,0.044379699568064326,0.004577342498740478,8,0.08346008972639164,0.311724563195682,0.00946156408249954,0.00946156408249954,0.039200655743470245,6.707928426479389e-06,2.1747495587525313e-05,4.08136983069103e-05,1.6188703635761281e-06,0.0001432050161262731,-0.9248554687366021,1.7170101306995507,2.020120678114125e-05,2.7665851382180923e-06,-0.3635313593044167,2.064216578333497,4,0.031172456319568203,0.01643882428422589,0.044379699568064326,0.004577342498740478,8,0.08346008972639164,0.311724563195682,0.00946156408249954,0.00946156408249954,0.04208301892056718,8.719114864307521e-06,3.668542017847531e-05,1.7462087357152915e-06,0.0002457761599240769,-0.6951543967451439,2.0386585205640415,0.01994913342777954,3.4001460206114667e-05,3.049171944706126e-05,3.3067644438790653e-06,-0.8816832702358658,1.8891983234648608
4.336460171972197e-05,4,0.004386621110547123,0.7818204752647763,0.6887259114738237,0.009246903281128035,0.6586924950103193,0.007303595151398228,0.08407865778809565,8.238272397573414e-05,1.4861857181374039,7.352731933692999,0.009375102131338714,1.459647599123389e-06,4.215542268038427e-06,4.2005438778399616e-07,1.373768676381616e-05,0.5413363854439714,1.3539671292825377,0.01709398168875517,3.237466469643286e-06,8.236919626465328e-06,3.865729041783024e-07,0.4909909264707138,1.2657135441371428,0.00019289790409575286,3,-0.5078736734733471,0.012466535230360154,0.008198020596212222,1.048304708197724,1.1782411035111076,0.00764052149605871,3.778173832986377e-07,5.3717789274010086e-06,6.553122589796001e-06,3.778173832986377e-07,2.351959179429776e-05,-0.06726002671779538,1.5648995363990614,0.014238473820291173,2.2630733692102148e-06,8.866363448900488e-06,7.991758021708217e-07,2.170149562920356e-05,0.15097786682449535,1.8837401187638454,3,0.1253897717277971,0.019616931021440912,0.6,0.02102371935232914,0.020055161924270388,0.006185348095669872,3.4599516147744984e-07,1.5728019079459669e-06,7.943537290133327e-08,5.681119104485684e-06,0.31288297157812733,1.4647294323152822e-05,9.731351993931997e-06,7.3471528973779404e-06,1.5971278720306529e-06,2.1914081348331687e-05,0.2851450995382909,0.23317463715870437,0.021926144642050685,0.19514327367344794,0.015058419963106726,0.011626036851571474,0.7978674376985424,0.7978674376985424,2,0.5184246694511903,2.3317463715870437,1.2656019795130505e-07,1.7064885703915584e-08,0.3688322411419132,1.6916258578837509,0.013059693185703153,2.699264224846549e-06,3.448720906726522e-06,5.309800042316777e-07,1.250041468982162e-05,1.1645257972826082,1.4484433293910064,4,0.03318389762217397,0.02275262774127589,0.044379699568064326,0.004748520558170787,8,0.08584392119866636,0.33183897622173975,0.02570869150450783,0.02570869150450783,0.02104080989517916,1.7348423990793247e-05,2.2552273068091454e-05,4.063930470922339e-05,1.6188703635761281e-06,0.0001432050161262731,-0.9116256813895683,1.70324903841765,4.449228528819773e-06,2.7665851382180923e-06,-0.008752116624985434,1.8580542539858331,4,0.03318389762217397,0.02275262774127589,0.044379699568064326,0.004748520558170787,8,0.08584392119866636,0.33183897622173975,0.02570869150450783,0.02570869150450783,0.020080332438717232,2.4776216888712032e-05,3.794118724934253e-05,1.7462087357152915e-06,0.0002457761599240769,-0.6660218686724677,2.0078773631397353,0.004675389119052182,2.0827611564260283e-06,3.078884746941635e-05,2.0827611564260283e-06,-0.5263411294751409,1.761835877254989
3.778276005212355e-05,3,0.004673963847784281,0.7816309572975924,0.6899593522987858,0.007749787319864784,0.659377774212957,0.006673736965058379,0.09520442445286414,5.4105305451995204e-05,1.487031463555767,7.357951547981891,0.01519690723887683,2.879626649770138e-07,4.421842437319535e-06,2.879626649770138e-07,1.373768676381616e-05,0.6799279480862643,1.4736706292957482,0.03244500276488033,1.727507564147887e-06,8.103149198505259e-06,3.865729041783024e-07,0.1476572664030698,1.639008585183453,0.00018900553351244197,3,-0.5082387118340246,0.010964793821002183,0.00849241956764435,1.0487602809394194,1.1790525848523274,0.005139400047101721,4.8909587113358995e-06,5.56401515722827e-06,6.50784534981681e-06,3.778173832986377e-07,2.351959179429776e-05,-0.09813177647180196,1.5920248400475587,0.011797805548083216,2.974396593900807e-06,8.1398428629832e-06,7.991758021708217e-07,2.170149562920356e-05,-0.03768839091186134,2.0045020919685927,3,0.12633983452658235,0.0192375889621326,0.5666666666666667,0.01630824792410847,0.014929694011742885,0.012879302731665501,4.344594974182968e-08,1.611888138181034e-06,4.344594974182968e-08,5.681119104485684e-06,0.5195039329184372,7.376242271201023e-06,8.280917528052415e-06,6.137683503169419e-06,1.5971278720306529e-06,2.1914081348331687e-05,0.058218360753806486,0.2281386118161645,0.022280289641389856,0.19514327367344794,0.016035265025053435,0.011085105955197903,0.7955809604289195,0.7955809604289195,2,0.5077939046992759,2.281386118161645,6.88170386303088e-10,6.88170386303088e-10,0.359096498343595,1.7049965537558516,0.008096516680489479,2.0427651083300623e-06,3.340619950486976e-06,5.944417079662049e-07,1.250041468982162e-05,1.045645653364152,1.6579001110168796,3,0.03477306330877933,0.022847060239064413,0.044379699568064326,0.004948539886732802,8,0.08423295222331526,0.3477306330877933,0.027929128313218254,0.027929128313218254,0.010716772884604864,8.52512108372436e-06,2.2389321798959098e-05,4.0691921648015184e-05,1.6188703635761281e-06,0.0001432050161262731,-0.7073526761991333,1.70784284888482,1.6621890941589593e-05,3.175148603990947e-06,-0.19915544394640278,2.022988312793602,3,0.03477306330877933,0.022847060239064413,0.044379699568064326,0.004948539886732802,8,0.08423295222331526,0.3477306330877933,0.027929128313218254,0.027929128313218254,0.01192474855880571,1.6289083906654912e-05,3.836588705763884e-05,1.7462087357152915e-06,0.0002457761599240769,-0.5660122603657773,2.005866298689724,0.009178770174190155,1.718545568483477e-05,3.0164043666168183e-05,2.0827611564260283e-06,-0.7207802030275398,1.8831820954561849
4.607776148257569e-05,3,0.004631032290298722,0.7798931116505459,0.6898799988620247,0.007823392116713245,0.6586049909888698,0.007319653419939349,0.0878654657386656,3.6473649553059575e-05,1.4879504239418264,7.348865552562852,0.011994040110116804,4.739156502520141e-06,4.22580282959407e-06,2.879626649770138e-07,1.373768676381616e-05,1.0302065545379042,1.4809508301155356,0.017505843251812373,4.8642259568046005e-06,7.722236709022407e-06,3.865729041783024e-07,0.41045971645900503,1.640201040439152,0.00021111506383269298,2,-0.5098647615061771,0.012225805132477407,0.00871667878108033,1.0562640188439472,1.1538289474812815,0.028183838446880136,1.7731229700760898e-05,6.858065208185241e-06,7.44458188342762e-06,3.778173832986377e-07,2.351959179429776e-05,0.40176384673265825,1.6877765331324035,0.025306806629155187,1.8011076382614217e-05,9.86103292102754e-06,1.3282665725167144e-06,2.170149562920356e-05,0.5450307214628352,1.8598020397778197,3,0.12597741514120267,0.019270772170078002,0.5333333333333333,0.015050679780888037,0.015678851805477526,0.01913100375129902,5.964193042951803e-07,1.5837939113197063e-06,4.344594974182968e-08,5.681119104485684e-06,0.9108111722559267,1.564805009057122e-05,9.508652804198082e-06,6.259413938696839e-06,1.5971278720306529e-06,2.1914081348331687e-05,0.5807916810773539,0.2220537333878843,0.018191909842938395,0.19514327367344794,0.01498641193931315,0.011631809150231199,0.7873713078276801,0.7873713078276801,2,0.4880971301761051,2.220537333878843,1.5214852918253193e-06,6.88170386303088e-10,0.37444208702500187,1.7256876902091272,0.024425559443375305,3.7425890062268584e-07,3.4951520285515464e-06,3.7425890062268584e-07,1.250041468982162e-05,1.0255114851076306,1.637039423638282,3,0.033865425029221,0.022847060239064413,0.044379699568064326,0.004322578517768639,8,0.08279211262119801,0.3386542502922099,0.027793737237260197,0.027793737237260197,0.030540892102779358,1.2058788899084437e-05,2.2857142084935246e-05,4.0543302870850525e-05,1.6188703635761281e-06,0.0001432050161262731,-0.15071288377856704,1.9088986041364095,2.5373100636038632e-05,3.175148603990947e-06,0.318503877101596,2.063479155389763,3,0.033865425029221,0.022847060239064413,0.044379699568064326,0.004322578517768639,8,0.08279211262119801,0.3386542502922099,0.027793737237260197,0.027793737237260197,0.03461074942725804,1.2439559165520722e-05,3.9048180072408715e-05,1.7462087357152915e-06,0.0002457761599240769,0.0215179854076899,2.1239303115188877,0.017251343536364542,3.440686656895315e-05,2.972826487843469e-05,2.0827611564260283e-06,-0.18683887065286423,2.057798130768452
5.671586677398529e-05,3,0.004601652288667079,0.7771644577495528,0.689681787416127,0.007940298128262396,0.6572779217550122,0.008041883820204864,0.07812389308727652,2.6209092928987777e-05,1.4870884652835907,7.334231225828399,0.02144064687859597,1.3310744040789978e-06,4.248079541040028e-06,2.879626649770138e-07,1.373768676381616e-05,1.0784119980974167,1.4364147549364508,0.02742329847456676,5.041207048393311e-06,7.474032490465248e-06,3.865729041783024e-07,0.4545416482290028,1.6301483164613728,0.00013790204998867614,3,-0.512683025182125,0.011033591128682047,0.007863027734180504,1.0560528146294978,1.1665054381151116,0.009579413365001382,1.5787158822606135e-05,8.321763644088259e-06,7.6153959785465755e-06,3.778173832986377e-07,2.351959179429776e-05,0.45282341201983745,1.6641815574097136,0.025775049867343105,1.757780063381355e-05,1.1304352893886954e-05,1.3282665725167144e-06,2.170149562920356e-05,0.5985966331552305,1.8411272627054318,3,0.1251276644080052,0.021148309946863116,0.5333333333333333,0.015538011128705781,0.016532209562314056,0.019815371535787635,1.039749379280086e-06,1.5514430888249255e-06,4.344594974182968e-08,5.681119104485684e-06,0.9066657757039518,1.0283732311929278e-05,8.345617900557845e-06,4.743229043261227e-06,1.5971278720306529e-06,1.564805009057122e-05,0.7386915373688204,0.21900376142112182,0.018252240725296708,0.19514327367344794,0.011951505477795471,0.010228086644940175,0.8097672319883856,0.8097672319883856,2,0.4797751714487192,2.190037614211218,1.1303528248048538e-05,6.88170386303088e-10,0.45906346657706243,1.7162116908629133,0.03251937024554589,7.625928768544857e-06,3.7122903090448766e-06,3.7425890062268584e-07,1.250041468982162e-05,1.09094890488107,1.5949847029440662,3,0.0317405336428852,0.022847060239064413,0.03864428460732948,0.004310383737280472,8,0.0797935919530324,0.31740533642885205,0.005991300092859642,0.005991300092859642,0.031483498615465184,6.463592271050487e-07,2.1512191999357616e-05,4.10317730329636e-05,6.463592271050487e-07,0.0001432050161262731,-0.09506118504165312,1.9248312838591732,4.290809436688478e-05,3.175148603990947e-06,0.3309738100669488,2.0624406331329035,3,0.0317405336428852,0.022847060239064413,0.03864428460732948,0.004310383737280472,8,0.0797935919530324,0.31740533642885205,0.005991300092859642,0.005991300092859642,0.03181488165062736,8.969911513090085e-07,3.5117085898286425e-05,8.969911513090085e-07,0.0002457761599240769,0.07475730769734663,2.133162318077166,0.05290895762482778,5.0152994080390246e-05,2.446096818002673e-05,2.0827611564260283e-06,-0.17462048215836562,2.0598520715990354
2.8663636058335775e-05,3,0.003588372734832392,0.774129731729914,0.6864013185198128,0.004560625368422401,0.6540032194669474,0.005714303603586567,0.08483933798775312,2.4245647563916876e-05,1.474027270428126,7.302655251248634,0.007955667592733794,1.9068184473441657e-05,6.162088880215137e-06,2.879626649770138e-07,1.9068184473441657e-05,1.3824231047795148,1.3317887817555762,0.025698803996922138,2.0304727702990966e-06,6.277240256562618e-06,3.865729041783024e-07,0.7896730699854995,1.7860448766105768,9.272650633721272e-05,2,-0.5164071888476148,0.011939491118223977,0.007712799729178246,1.0524959046335298,1.1748556985000873,0.027110601455263093,7.916547579333944e-06,8.752289099915633e-06,7.456974614333918e-06,3.778173832986377e-07,2.351959179429776e-05,0.7745620338542009,1.5120453147825006,0.010292587995402275,1.1843742100833255e-06,1.0258748600098284e-05,1.1843742100833255e-06,2.170149562920356e-05,0.6537351608178203,1.8780747467383294,3,0.12627952816615717,0.019954041126787288,0.5,0.01753962562005521,0.0173541802549332,0.007857480727535622,3.932630918323172e-08,1.5981165610208216e-06,3.932630918323172e-08,5.681119104485684e-06,1.3188130551278623,5.112397065008561e-06,8.697144819855635e-06,4.343479079318298e-06,1.759866790585308e-06,1.564805009057122e-05,1.1243953093395826,0.21591097405731602,0.015505525655809772,0.19514327367344794,0.0119086900807522,0.010226624919280837,0.8080780682334769,0.8080780682334769,2,0.4728765639931708,2.15910974057316,1.1792067376901682e-06,6.88170386303088e-10,0.37924951896831904,1.684120942446449,0.008905031055580345,1.4782662941318811e-06,3.632189895618067e-06,3.7425890062268584e-07,1.250041468982162e-05,0.9870936245134491,1.5918555549943207,3,0.03084407192232593,0.022847060239064413,0.03864428460732948,0.004281237147431981,8,0.0768514299248988,0.3084407192232594,0.0035958916923919393,0.0035958916923919393,0.009939471759250314,8.42524378294307e-06,2.2099332545022613e-05,4.07976294430312e-05,6.463592271050487e-07,0.0001432050161262731,0.34554316345686786,1.6962365371082186,6.978885092123444e-05,4.19148335899017e-06,-0.263880563198253,2.1186687257981993,3,0.03084407192232593,0.022847060239064413,0.03864428460732948,0.004281237147431981,8,0.0768514299248988,0.3084407192232594,0.0035958916923919393,0.0035958916923919393,0.00735431485913709,1.17192317775895e-05,3.5965176777600756e-05,8.969911513090085e-07,0.0002457761599240769,0.5714531943279912,1.9362630546078812,0.034544604785697874,8.665591295229898e-05,2.9491935250129958e-05,2.0827611564260283e-06,-0.23862114193029668,2.1389148098516197
2.0621491133100224e-05,3,0.002521702076496175,0.772708268177363,0.6858774083319632,0.004044838852395528,0.6530037066922216,0.004665253178426367,0.08258780954170353,2.4611957334896383e-05,1.4700910903349755,7.292928382546631,0.015075402626267612,1.2823502287882426e-06,6.194395633701402e-06,2.879626649770138e-07,1.9068184473441657e-05,1.0642260078623669,1.420036509412391,0.012178873893262554,6.555756373130198e-07,5.338277917552359e-06,3.865729041783024e-07,0.3469777494149515,1.7494684701449652,9.877641833055224e-05,2,-0.5159199652532334,0.011644470109308446,0.0073498684692020685,1.0523211071416667,1.1921398575556394,0.01769263662896755,4.227093874971213e-06,9.049115250363419e-06,7.207698276290729e-06,3.778173832986377e-07,2.351959179429776e-05,0.4284871765725321,1.5794258926869227,0.022527521216912337,8.868617336541194e-06,9.6537711499546e-06,1.1843742100833255e-06,2.170149562920356e-05,0.28510637666492017,1.7857641771402837,3,0.12307816772024767,0.019316128201052916,0.4666666666666667,0.013186401415993709,0.014975564560635464,0.017158518999891917,2.8547552582888834e-07,1.621054584568573e-06,3.932630918323172e-08,5.681119104485684e-06,1.0024208083694426,8.394107192199554e-06,8.203169817746898e-06,4.0596886836560516e-06,1.759866790585308e-06,1.564805009057122e-05,0.7986284826172307,0.21247713545073627,0.009704435904260436,0.19514327367344794,0.011567638837978183,0.010512662405146866,0.8097761780998292,0.8097761780998292,3,0.44763500550236823,2.1247713545073625,2.3896329925809773e-09,6.88170386303088e-10,0.24482282129900698,1.644685823012189,0.007747985755718082,7.355954050393792e-06,2.479316766241295e-06,3.7425890062268584e-07,7.625928768544857e-06,0.7070573190556803,1.521152430432708,2,0.03004391326864366,0.022847060239064413,0.03864428460732948,0.004166981724708775,8,0.07428572051542053,0.3004391326864367,0.007057480132088845,0.007057480132088845,0.021828410821699607,4.6364761965010065e-06,2.2401093128315102e-05,4.06559431176993e-05,6.463592271050487e-07,0.0001432050161262731,0.10859115448933347,1.6521898648317586,2.6463962856415967e-06,2.6463962856415967e-06,-0.5300825146717086,1.9223125454270247,2,0.03004391326864366,0.022847060239064413,0.03864428460732948,0.004166981724708775,8,0.07428572051542053,0.3004391326864367,0.007057480132088845,0.007057480132088845,0.02332662211262846,1.3259385975626583e-05,3.7116494501591884e-05,8.969911513090085e-07,0.0002457761599240769,0.37143388085998696,1.8749896918506723,0.04642579719144392,2.3798738028883384e-06,2.963523388203325e-05,2.0827611564260283e-06,-0.5036293802015337,1.9455085040031252
3.175028611442257e-05,2,0.003724634691840831,0.7705060220233715,0.6843861330077938,0.00484626172309406,0.6511053864449099,0.005323286343878941,0.08167255006882002,2.6386498170127923e-05,1.467370106168017,7.274460775155825,0.01822494955482722,3.986965862713528e-06,6.056293814426848e-06,2.879626649770138e-07,1.9068184473441657e-05,1.0452114415386373,1.401537472616797,0.02815191821587655,4.541626594459088e-06,3.961710433981946e-06,3.865729041783024e-07,0.3027097538811001,1.6907307701891412,8.582250065191509e-05,3,-0.5141456966005388,0.010357425050995461,0.007737606104128513,1.0511033517164363,1.192885142188997,0.007297109150821342,3.682901096009913e-06,8.707348685147777e-06,7.371163501472613e-06,3.778173832986377e-07,2.351959179429776e-05,0.5117497634680669,1.6794724804832597,0.0092180188653056,3.3017053974329576e-06,9.851115032446223e-06,1.1843742100833255e-06,2.170149562920356e-05,-0.24603791068152678,1.8569583745681841,2,0.1203176229285872,0.01676097739239534,0.43333333333333335,0.013627217070242772,0.01486910336061104,0.022051655140524744,1.0867526709696812e-06,1.620465927723458e-06,3.932630918323172e-08,5.681119104485684e-06,0.9874303548942447,4.278050070508421e-06,8.45498814573921e-06,3.7157369189604017e-06,4.278050070508421e-06,1.564805009057122e-05,0.7564018984613634,0.21200789109157872,0.00881259535332761,0.19514327367344794,0.010437713072030785,0.010093699554624587,0.8137370616526327,0.8137370616526327,2,0.44390601804295154,2.1200789109157876,1.363843885543415e-07,6.88170386303088e-10,0.11064574212705129,1.5177829130867544,0.005914853210335581,5.505280108582697e-06,2.506260829757527e-06,3.7425890062268584e-07,7.625928768544857e-06,0.7540583679818991,1.5742084267422956,2,0.031449565583184194,0.02313078570470647,0.03864428460732948,0.0031205272792459416,8,0.07776577509969008,0.3144956558318419,0.027847515958508318,0.027847515958508318,0.0033987478571376483,5.1504043058452945e-06,2.2600544390190655e-05,4.0565832650364424e-05,6.463592271050487e-07,0.0001432050161262731,-0.324578874844871,1.825788419865384,7.4745375087324e-05,2.6463962856415967e-06,-0.7941277934080622,1.7646138620075424,2,0.031449565583184194,0.02313078570470647,0.03864428460732948,0.0031205272792459416,8,0.07776577509969008,0.3144956558318419,0.027847515958508318,0.027847515958508318,0.0075263319322015545,1.2884334683257701e-05,3.787542885746273e-05,8.969911513090085e-07,0.0002457761599240769,-0.1912749025866738,1.874267154699857,0.019214515268508956,6.522370831608316e-05,2.9825458916024702e-05,2.0827611564260283e-06,-0.8289938737257023,1.7780590888921413
6.271328874098115e-05,3,0.0038251704055689635,0.766941467282886,0.6837599549865367,0.005456352476657502,0.6491495429264458,0.007509835385661787,0.06521985272979391,5.423622309134172e-05,1.4720106045103758,7.253507111347114,0.019113844114810596,2.811598312288366e-06,6.039263301035007e-06,2.879626649770138e-07,1.9068184473441657e-05,0.8160522174107332,1.3908261033119798,0.030527172576815528,5.296033484729444e-06,2.9504754850348375e-06,3.865729041783024e-07,0.35817649924966843,1.6933032433355801,7.506187446906172e-05,3,-0.5135086918601236,0.011075452418045962,0.0072558267462081855,1.0467684036638896,1.1998042229654502,0.021109801783099038,2.901680644765672e-05,1.1526616457795022e-05,9.023229596560468e-06,3.778173832986377e-07,2.901680644765672e-05,0.5213642686862061,1.6834792594787127,0.036061431873207796,3.1339821767000075e-05,1.2381591992678762e-05,1.1843742100833255e-06,3.1339821767000075e-05,-0.19152417777585382,1.8822676836646426,2,0.1228408162613337,0.01974729769308746,0.43333333333333335,0.014585126801048013,0.0156422120452755,0.01671493421369965,2.9617980457329234e-06,1.6760028354813493e-06,3.932630918323172e-08,5.681119104485684e-06,1.025376619517737,8.484251196737685e-07,7.902316303498672e-06,4.342195232268234e-06,8.484251196737685e-07,1.564805009057122e-05,0.8737469859717615,0.21815722445151375,0.01451131402810484,0.20392214820585447,0.009647872379647862,0.008091412938215213,0.823912776460322,0.823912776460322,2,0.47495257181568995,2.181572244515137,6.586511488228363e-06,6.88170386303088e-10,0.13855901052641367,1.5289894817729202,0.04528969836627197,2.1328210101526203e-05,5.81528103370406e-06,3.7425890062268584e-07,2.1328210101526203e-05,0.8138183182588723,1.5664104518821802,1,0.03148870463244969,0.02313078570470647,0.03864428460732948,0.0035959639609230666,9,0.07767270298894731,0.3148870463244969,0.022847645689072604,0.022847645689072604,0.034514357928535015,1.534610098923048e-05,9.814652876486388e-06,5.729449489172587e-06,6.463592271050487e-07,1.9301681863157564e-05,-0.2517497352881485,1.8707360388795746,7.435229631559275e-05,2.6463962856415967e-06,-0.7357138119104623,1.8071328102600182,1,0.03148870463244969,0.02313078570470647,0.03864428460732948,0.0035959639609230666,9,0.07767270298894731,0.3148870463244969,0.022847645689072604,0.022847645689072604,0.039552778532499354,1.7761579932143697e-05,1.5073970858269408e-05,8.969911513090085e-07,3.199421023757243e-05,-0.11603063320634802,1.910887555574165,0.04986803495975588,6.776776116386873e-05,2.8081319210684765e-05,2.0827611564260283e-06,-0.7680460192936551,1.823608046161456
6.99624000653942e-05,2,0.0034837274317042156,0.7645282232496098,0.6831843058518919,0.005352077816181143,0.6478003526725556,0.007870622068227901,0.0662661721773361,7.925900338773193e-05,1.4670619224033365,7.238562645507509,0.009298427714387764,6.207132462279878e-07,6.010793004990952e-06,2.879626649770138e-07,1.9068184473441657e-05,0.8233563908159676,1.3824532869882338,0.01948560438765526,1.0553363953248555e-05,3.967154589941862e-06,6.555756373130198e-07,0.27825487071761756,1.7115785827594499,7.14882307081112e-05,2,-0.5116369974325817,0.012310142105172783,0.006735738344584704,1.044878882094592,1.2118345069830851,0.02215055040215085,7.0995826265901465e-06,1.1424968803686127e-05,9.066698012948591e-06,3.778173832986377e-07,2.901680644765672e-05,0.6074831866745873,1.5802461484552757,0.01610636402148988,3.950066787354238e-07,1.025094309763195e-05,3.950066787354238e-07,3.1339821767000075e-05,-0.005536690131051558,1.7009512715655553,3,0.12432976247422715,0.02097173205485738,0.4,0.015156314376506528,0.015283924464634429,0.01730059266387733,1.9297210952881122e-06,9.339666003515477e-07,3.932630918323172e-08,2.9617980457329234e-06,1.050300811940058,6.200857406331572e-07,7.393164028100189e-06,4.839275929545009e-06,6.200857406331572e-07,1.564805009057122e-05,0.6424215091921495,0.22218812763662413,0.017190557103430357,0.20392214820585447,0.0086841791792472,0.007919739214355332,0.826246308053462,0.826246308053462,3,0.48533947546527206,2.2218812763662417,6.52077624991441e-08,6.88170386303088e-10,0.33382408624473403,1.2426717243739496,0.015086188197209624,5.170674723819126e-07,5.9665671893503464e-06,3.7425890062268584e-07,2.1328210101526203e-05,0.40909316749975605,1.4603711619880213,2,0.03160879946451504,0.02313078570470647,0.03864428460732948,0.0036372793304106,9,0.0779381993997239,0.31608799464515036,0.031426397277981466,0.031426397277981466,0.02919300067811604,6.154901367538056e-06,8.499974826924438e-06,4.841200190687331e-06,6.463592271050487e-07,1.7348423990793247e-05,-0.07439919575559328,1.7256781208278094,8.756456208042823e-06,2.6463962856415967e-06,-0.56344891606395,1.6939280081271273,2,0.03160879946451504,0.02313078570470647,0.03864428460732948,0.0036372793304106,9,0.0779381993997239,0.31608799464515036,0.031426397277981466,0.031426397277981466,0.03144339053529695,6.861262082470216e-06,1.2560676042759188e-05,8.969911513090085e-07,2.4776216888712032e-05,0.0033632682292606964,1.7844783139399263,0.025674777354047124,7.145387189693279e-06,2.8457760719127775e-05,2.0827611564260283e-06,-0.6094959514514399,1.7194653756326772
7.870429910708487e-05,2,0.003546517306005721,0.7609597207119447,0.6811504599743472,0.005799275565016409,0.6451121431597063,0.008387338049580589,0.0722344438036654,8.131195032136589e-05,1.465589661822968,7.210550903431459,0.01536001921376348,4.6830774158771e-07,5.348712785062815e-06,2.879626649770138e-07,1.9068184473441657e-05,1.1154984779477335,1.367088542393399,0.012142075983055091,4.239304206421504e-06,4.218678368545979e-06,6.555756373130198e-07,0.6050903446506954,1.8281112620334832,6.028922307379131e-05,3,-0.5133524334405045,0.011450747934966454,0.005912913967413738,1.0454429960673146,1.1998385289741877,0.010946197459481489,9.374404881453751e-07,9.166753673070887e-06,8.571832462798727e-06,3.778173832986377e-07,2.901680644765672e-05,0.7582109487381847,1.595419771913195,0.016715959057719196,6.589387341683606e-06,9.250525971101536e-06,3.950066787354238e-07,3.1339821767000075e-05,0.3070889170475911,1.8771918897941715,3,0.12143500068268516,0.02151877130591823,0.36666666666666664,0.01944839052079539,0.016529501025876112,0.014859995385928915,6.086658867965476e-07,8.775758196184729e-07,3.932630918323172e-08,2.9617980457329234e-06,1.1576496005732673,8.255904029414646e-06,7.546428821429246e-06,4.839902456935869e-06,6.200857406331572e-07,1.564805009057122e-05,0.9359423669653559,0.2261050729442089,0.0197064930665641,0.20392214820585447,0.008570221301721548,0.007967641441986206,0.818788349632776,0.818788349632776,3,0.4943149787404824,2.261050729442089,4.281079761313975e-06,6.88170386303088e-10,0.44503416211216945,1.1809106845496202,0.010930378277452359,9.015121305368406e-07,6.033587926779052e-06,3.7425890062268584e-07,2.1328210101526203e-05,0.177132307828367,1.7639838265958359,2,0.0317531289050855,0.02313078570470647,0.03994381354508641,0.003644942335017367,9,0.07890398039098331,0.317531289050855,0.037615646866598906,0.037615646866598906,0.007644089984740227,1.1450188717673994e-05,8.974200856043898e-06,4.874583277532451e-06,6.463592271050487e-07,1.7348423990793247e-05,-0.34293410231151783,1.9382341926858548,1.7210278453272046e-06,1.7210278453272046e-06,-0.5352972129147613,1.6720188032451309,2,0.0317531289050855,0.02313078570470647,0.03994381354508641,0.003644942335017367,9,0.07890398039098331,0.317531289050855,0.037615646866598906,0.037615646866598906,0.006231935147230545,1.0116121282230528e-05,1.270037668455149e-05,8.969911513090085e-07,2.4776216888712032e-05,0.05988573409639354,1.7935699925052002,0.0038686719729434213,2.4724742216139295e-06,3.0270924851003974e-05,2.0827611564260283e-06,-0.30261706784258396,1.7180102523538916
7.313917371178787e-05,3,0.00350210415589824,0.758385091115689,0.6791736129259649,0.0056497406093168915,0.64282172664168,0.008382306690347932,0.07810083230936227,7.942370399878384e-05,1.4596229905701885,7.187793520208269,0.004222465375987788,4.027864340875045e-06,5.30095204966201e-06,2.879626649770138e-07,1.9068184473441657e-05,0.8695936530094196,1.6157850400540132,0.023537164204742698,8.600124639853521e-06,4.754944185567003e-06,6.555756373130198e-07,0.5468825329408513,1.8478017065919845,5.69595762497462e-05,3,-0.5143756519776386,0.010849454249820811,0.006649004617075619,1.0468260482575777,1.1855473867948934,0.016744962478971535,2.310392607556875e-05,1.1439364542297899e-05,8.944914139022721e-06,9.374404881453751e-07,2.901680644765672e-05,0.4624115861470572,1.6931555025649063,0.009391503864878682,9.258092110647636e-06,9.95002784524528e-06,3.950066787354238e-07,3.1339821767000075e-05,0.3297150459226851,1.889601689214142,3,0.11691709225698337,0.02250507888570497,0.4,0.020347778434207577,0.015875471503259058,0.01056338595932716,1.4003357794460105e-06,8.687263860692414e-07,3.932630918323172e-08,2.9617980457329234e-06,1.4298782743520755,1.1767668227987512e-05,7.258466211912714e-06,4.481226445245267e-06,6.200857406331572e-07,1.564805009057122e-05,0.7544199503088002,0.22840062912877396,0.01997146341912447,0.20392214820585447,0.009860953117047041,0.007785974068347559,0.8005734319589405,0.8005734319589405,2,0.500924840287561,2.2840062912877395,6.982691540913525e-06,6.88170386303088e-10,0.11818817764212253,1.4345563326078947,0.02146893325375086,4.945396907938518e-05,1.4553031269556293e-05,3.7425890062268584e-07,4.945396907938518e-05,-0.20652084131380616,1.9500489309381803,2,0.03255392814254194,0.02313078570470647,0.04456122968484797,0.0034144216584453737,9,0.08144205255662047,0.3255392814254193,0.027958626720832824,0.027958626720832824,0.01383151199561344,2.1661073814240026e-06,7.455969195106974e-06,4.367927096253644e-06,6.463592271050487e-07,1.534610098923048e-05,-0.2589913233903645,1.853659335870522,2.0964022271629363e-05,1.7210278453272046e-06,-0.8926300070678579,1.8005554799065837,2,0.03255392814254194,0.02313078570470647,0.04456122968484797,0.0034144216584453737,9,0.08144205255662047,0.3255392814254193,0.027958626720832824,0.027958626720832824,0.01559013278666414,2.021251369188933e-06,1.042488013259918e-05,8.969911513090085e-07,1.7761579932143697e-05,0.11667678322905872,1.7133442352119328,0.03791228722282638,2.8313942773255275e-05,2.8516400936897092e-05,2.3798738028883384e-06,-0.6556120368440929,1.8878512699164514
5.230013707496264e-05,2,0.003238734236219181,0.7564426757525288,0.6786655477483777,0.00530324881828729,0.6416227060179016,0.007176949141208836,0.08086092259713329,5.206097721167503e-05,1.452388957042094,7.175541117504531,0.014928983666374674,4.255292841796301e-06,5.1653129326081496e-06,4.6830774158771e-07,1.9068184473441657e-05,0.5327161164097576,1.5865012277716843,0.021247012320288153,2.6358828942979655e-06,4.84578171858201e-06,6.555756373130198e-07,0.6269133715882367,1.7053051074353849,4.808605831868326e-05,2,-0.5159212322364596,0.010857621181258636,0.006638873633742336,1.0481475716840405,1.1811367660772243,0.005682594536480984,5.690290737921331e-06,1.1519297744956443e-05,8.889438829629263e-06,9.374404881453751e-07,2.901680644765672e-05,0.6781581388096694,1.5444865749096592,0.0067468824066421575,7.475768915568414e-06,1.0400165077412039e-05,3.950066787354238e-07,3.1339821767000075e-05,0.25597786111984244,1.9956036567401678,3,0.1161643838617846,0.022419498006114265,0.36666666666666664,0.02129258445540423,0.015756343689643303,0.016296318171408548,3.4676921487117048e-06,1.0749190275988552e-06,3.932630918323172e-08,3.4676921487117048e-06,1.0700567743352896,4.259046670704557e-05,1.077988865549717e-05,1.1511499172834871e-05,6.200857406331572e-07,4.259046670704557e-05,0.7908830277790906,0.22725569377867863,0.021603467313259683,0.19247279470490086,0.013301444651707439,0.014022058955131292,0.7999393483980566,0.7999393483980566,2,0.5052840873245503,2.272556937786786,1.6662924302266056e-06,2.3896329925809773e-09,0.1152402482664164,1.4389647318489371,0.005087558057742619,2.3110183681054295e-06,1.4539209605969352e-05,3.7425890062268584e-07,4.945396907938518e-05,-0.08668795318852644,1.8568685038355384,1,0.031277189128393584,0.02313078570470647,0.04456122968484797,0.004682858034026488,9,0.07758722357804267,0.3127718912839358,0.002062814747185504,0.002062814747185504,0.017265406306788324,6.109218614848616e-05,1.2712675701583156e-05,1.670376880089821e-05,6.463592271050487e-07,6.109218614848616e-05,-0.23101832118248017,1.8632187999210386,6.262663827339055e-05,1.7210278453272046e-06,-0.5399805944273605,1.7494228226703585,1,0.031277189128393584,0.02313078570470647,0.04456122968484797,0.004682858034026488,9,0.07758722357804267,0.3127718912839358,0.002062814747185504,0.002062814747185504,0.02387774359682608,0.00012288004104971657,2.1083975846905345e-05,8.969911513090085e-07,0.00012288004104971657,0.17504174401353106,1.7129913170933877,0.02391965053954564,7.276628576091714e-05,2.9667751705617195e-05,2.3798738028883384e-06,-0.2931058215264879,1.8001209958171076
5.612612966772587e-05,3,0.0032445370413348436,0.7569153222495484,0.6785923650310643,0.005257435853277526,0.6419673509223497,0.007606267642200248,0.0933237578819962,6.575536191176341e-05,1.453492796774682,7.177538436403064,0.004548538793742002,3.218190667101695e-06,5.171328994759226e-06,4.6830774158771e-07,1.9068184473441657e-05,0.10752168390832621,1.5344377494747883,0.02263858703937516,2.316602732404516e-06,4.591019396142003e-06,6.555756373130198e-07,0.31032955929699646,1.7870767179041473,4.4915862149394905e-05,2,-0.5143552067508839,0.01008310780121957,0.006016121265822754,1.0459264341066805,1.1970257119620105,0.009810902104718858,7.109621206000014e-06,1.0457136895480354e-05,8.716630764867154e-06,9.374404881453751e-07,2.901680644765672e-05,0.23728232692801746,1.455334109702166,0.019278030074013082,3.9672748254189905e-06,8.995784921692517e-06,3.950066787354238e-07,3.1339821767000075e-05,-0.17120012149958974,1.8834535344693155,3,0.11669454507298835,0.022626753608797786,0.3333333333333333,0.022520540020862245,0.01449878840299475,0.006774406642711405,5.867079704067246e-07,1.075595988789937e-06,3.932630918323172e-08,3.4676921487117048e-06,0.7022471554462608,3.312030573981062e-06,9.546286703838154e-06,1.1584465041071742e-05,6.200857406331572e-07,4.259046670704557e-05,0.41641529282427275,0.22722673119594008,0.021629082280243364,0.19247279470490086,0.014417417419064308,0.013705431615348,0.8082907596382811,0.8082907596382811,3,0.5052658146389042,2.272267311959401,2.595085678160459e-07,2.3896329925809773e-09,-0.19721764295221772,1.1396516563619057,0.01719946071831226,2.7651034822875077e-06,1.4403155602955143e-05,5.170674723819126e-07,4.945396907938518e-05,-0.45752845406705633,1.6315571704003058,2,0.030943337679096693,0.02313078570470647,0.04456122968484797,0.00509566885820349,8,0.07798075451178872,0.30943337679096694,0.016371267314549964,0.016371267314549964,0.018896835529065684,6.635245975028681e-06,1.2170321409177578e-05,1.6803943060735543e-05,6.463592271050487e-07,6.109218614848616e-05,-0.7572882259348532,1.5986625159342462,1.87554059778579e-05,1.7210278453272046e-06,-1.048408120089918,1.4081083016456848,2,0.030943337679096693,0.02313078570470647,0.04456122968484797,0.00509566885820349,8,0.07798075451178872,0.30943337679096694,0.016371267314549964,0.016371267314549964,0.023193679575645863,1.613235134795751e-05,2.145325506514902e-05,8.969911513090085e-07,0.00012288004104971657,-0.37426415158860665,1.5678558061569003,0.00817225739578424,3.6517385218719224e-05,2.962238815089995e-05,2.3798738028883384e-06,-0.7922068738216785,1.527941456601918
6.258646921217743e-05,3,0.003593074874423265,0.7585711863454624,0.6778082642059523,0.0049469629495886855,0.6425216587522742,0.008144911930719244,0.10252354229753591,0.00011836480225993575,1.4551258859885434,7.181897252757073,0.02592317200889476,3.2113609801010737e-06,5.100677312197627e-06,4.6830774158771e-07,1.9068184473441657e-05,0.3883262004317388,1.7246436160409513,0.03281456505886331,1.1165698475080284e-05,5.203468538810699e-06,6.555756373130198e-07,-0.020647171942149444,2.0492975829831566,4.44820192338888e-05,3,-0.5145872431902796,0.009560301210145894,0.006087941567726011,1.0463475742398922,1.1827930830123308,0.02532191108443545,2.0774043036252935e-06,9.086161443582269e-06,8.847663909646264e-06,9.374404881453751e-07,2.901680644765672e-05,-0.00586812453058827,1.676357191678804,0.025302043583330748,2.989056629794488e-06,7.5369105212906095e-06,3.950066787354238e-07,3.1339821767000075e-05,-0.46397055268646625,2.0260030227587165,3,0.12438450382576331,0.02069576775620918,0.3,0.020493712144382833,0.012340201702451833,0.032896107043448634,5.623484508890221e-07,1.0982468752120691e-06,3.932630918323172e-08,3.4676921487117048e-06,0.9840135613155526,4.32371952237327e-06,8.950285424882553e-06,1.1684081091694747e-05,6.200857406331572e-07,4.259046670704557e-05,0.09343339967840233,0.2280943044017174,0.020877815951495706,0.19247279470490086,0.014643991372636913,0.013538301742016562,0.8025621422436546,0.8025621422436546,2,0.5072806873783173,2.280943044017174,3.178845389435284e-07,2.3896329925809773e-09,-0.5324006792840571,1.3205689443242556,0.028025612095535023,3.602814979549195e-06,1.4517466982962267e-05,5.170674723819126e-07,4.945396907938518e-05,-0.7807760855815608,1.7556625441430713,2,0.03285289977675212,0.024105400091581873,0.04456122968484797,0.005842463918342643,8,0.0848789435335033,0.3285289977675212,0.006946435370645432,0.006946435370645432,0.014878908752061321,7.566283543440143e-07,1.2181348321901476e-05,1.6796411797561104e-05,7.566283543440143e-07,6.109218614848616e-05,-1.1258446562861293,1.6434649504282357,2.7256268642022027e-05,1.7210278453272046e-06,-1.3535907736817658,1.4316721484173125,2,0.03285289977675212,0.024105400091581873,0.04456122968484797,0.005842463918342643,8,0.0848789435335033,0.3285289977675212,0.006946435370645432,0.006946435370645432,0.014383133587656804,1.6884828526172455e-06,2.153240423527985e-05,1.6884828526172455e-06,0.00012288004104971657,-0.14140707280044168,1.8543893258648747,0.009835316639457208,2.1741534524479164e-05,3.0057674795208928e-05,2.3798738028883384e-06,-1.0946267037356257,1.5942387860647038
8.484750245972148e-05,3,0.003338280268668935,0.7604273201244096,0.678626104526318,0.0055618824168496735,0.644123257875844,0.00972935185094194,0.0952222725735693,0.00013653231383451475,1.4574032433344335,7.195267123253638,0.014989113961655328,1.9636039538438163e-06,1.3454993827584271e-06,4.6830774158771e-07,4.255292841796301e-06,0.08482522395740846,1.6305592328506082,0.013237389304899,1.2016367703651252e-06,5.120584938817303e-06,6.555756373130198e-07,-0.3508040768668402,1.7677969520865595,4.523060628552988e-05,2,-0.5117768716415302,0.009657799418001716,0.0061770215659743945,1.0367683181579816,1.2032170379148008,0.014783073785655949,1.653175135538089e-06,8.459824199202685e-06,9.125622565106067e-06,9.374404881453751e-07,2.901680644765672e-05,-0.20243878752944724,1.6053486907992154,0.021094782118032875,2.7904037102638513e-06,7.697513471308664e-06,3.950066787354238e-07,3.1339821767000075e-05,-0.7165662980703524,1.8328694305718993,4,0.12856085048682814,0.021597183154699152,0.26666666666666666,0.017306388433328407,0.012679571901102327,0.010189671599232902,1.0940449565384673e-07,1.090421385190004e-06,1.0940449565384673e-07,3.4676921487117048e-06,0.5968795324036386,3.846631323461678e-06,8.823708850727864e-06,1.1731731293401813e-05,6.200857406331572e-07,4.259046670704557e-05,-0.21527982587639444,0.22826791880259986,0.02079174183778474,0.19247279470490086,0.013950032567742025,0.013827472464295857,0.8031250976039097,0.8031250976039097,2,0.5075778187907026,2.2826791880259982,1.928275159077181e-07,2.3896329925809773e-09,-0.6666212821217454,1.2546816809996602,0.013902267669281236,5.581618848036931e-06,1.434123543231845e-05,5.170674723819126e-07,4.945396907938518e-05,-0.8945321188746836,1.7005904621182564,3,0.03450450325763008,0.024105400091581873,0.04469939085151086,0.0060367494435177235,8,0.0871247250442184,0.3450450325763008,0.016594410155237438,0.016594410155237438,0.027139399623301808,4.548155944644975e-05,1.5886979888252143e-05,1.943880958111648e-05,7.566283543440143e-07,6.109218614848616e-05,-1.2225749148473484,1.5161398616215367,4.335906730477412e-06,1.7210278453272046e-06,-1.0751634157396226,1.3242126333734663,3,0.03450450325763008,0.024105400091581873,0.04469939085151086,0.0060367494435177235,8,0.0871247250442184,0.3450450325763008,0.016594410155237438,0.016594410155237438,0.02471257323128588,6.983620434265293e-05,2.7344101491786195e-05,1.6884828526172455e-06,0.00012288004104971657,-0.30311410381990556,1.7267151129414497,0.007187350088043857,6.846094817087581e-06,2.6788385225574457e-05,2.3798738028883384e-06,-0.8119413209878165,1.45453203364575
8.96621239958744e-05,3,0.0035635682839442948,0.7616411077221662,0.6778686856816083,0.004718859814404233,0.6447037649370582,0.010445359156628089,0.10229987396636553,0.0001746042854824025,1.4587531357316572,7.197548967018873,0.009854845999022708,4.1249269747150134e-06,1.3406070738780063e-06,4.6830774158771e-07,4.255292841796301e-06,0.39596008161947094,1.735207919907731,0.03857604364016796,1.1905471807517224e-05,6.245574555837724e-06,1.2016367703651252e-06,-0.5144165701345486,1.9343673720319008,4.4905506707612844e-05,2,-0.5126832333044122,0.009458166378677213,0.005878090362027804,1.0376858429176397,1.1916066654955904,0.018664379109916977,8.529114308856994e-06,8.890026242591263e-06,9.016695232445203e-06,9.374404881453751e-07,2.901680644765672e-05,0.09890008497399586,1.6293204264314254,0.0182991189693416,4.028159666049357e-06,7.213467704259479e-06,3.950066787354238e-07,3.1339821767000075e-05,-0.35977300871385937,2.088908154940967,4,0.12977308767012907,0.0209983324218829,0.23333333333333334,0.01978461176557918,0.011929334187504971,0.011797691497976028,2.9226411428176622e-06,1.1313269721049506e-06,1.0940449565384673e-07,3.4676921487117048e-06,0.8981147788365614,9.775678920477683e-06,8.961866023555678e-06,1.1733993381583634e-05,6.200857406331572e-07,4.259046670704557e-05,0.18615831217060394,0.22580142166746575,0.023154353831240423,0.19247279470490086,0.016322953156385617,0.013491158358260227,0.7979504120057147,0.7979504120057147,2,0.5093184032393377,2.258014216674658,2.497028269368124e-07,6.52077624991441e-08,-0.584720980608703,1.328451008514438,0.015044914726964584,3.826315311137534e-06,1.4443371054626946e-05,5.170674723819126e-07,4.945396907938518e-05,-0.6343406463719001,1.9706543690283083,3,0.03544478235264874,0.024105400091581873,0.04469939085151086,0.005610705637947081,9,0.08900842059698327,0.35444782352648735,0.0035100169669673997,0.0035100169669673997,0.02304943253068276,1.3950628635921943e-05,1.6818395132194238e-05,1.9097574344918457e-05,7.566283543440143e-07,6.109218614848616e-05,-1.0736644003439382,1.6339594827541841,9.24114796696829e-06,1.7210278453272046e-06,-0.9016900727680508,1.5214972570856387,3,0.03544478235264874,0.024105400091581873,0.04469939085151086,0.005610705637947081,9,0.08900842059698327,0.35444782352648735,0.0035100169669673997,0.0035100169669673997,0.021062007284024895,2.2339302700133528e-05,2.8252093164236884e-05,1.6884828526172455e-06,0.00012288004104971657,-0.2329256834784849,1.7539011824363824,0.02281995839512781,1.0430801417857992e-05,2.6022650353755058e-05,2.4724742216139295e-06,-0.6394433825183119,1.6101558824270383
9.383327510822642e-05,3,0.002958594087365796,0.7633882744566982,0.6785115364527079,0.0047609664701612105,0.6460114618559347,0.010694357433559462,0.09271570970314336,0.00018094206492711755,1.4615754340449771,7.20949905454703,0.005494988836051462,1.9862145212431091e-07,1.497240846562523e-06,1.9862145212431091e-07,4.255292841796301e-06,0.0676166095809662,1.646128501864498,0.024667572618337533,1.398650241489607e-05,7.190062137881422e-06,1.2016367703651252e-06,-0.7173637571420384,1.7132615387568337,4.407188248650578e-05,3,-0.5130979369355766,0.009491208072753199,0.005838516850480856,1.0390123290456383,1.1799054309590393,0.016240912627468105,1.1963435860267009e-05,9.718079719016972e-06,8.879655950179914e-06,9.374404881453751e-07,2.901680644765672e-05,-0.3865288090022413,1.4525910544234208,0.008465275341272071,1.0749460434901659e-05,7.95824320800635e-06,3.950066787354238e-07,3.1339821767000075e-05,-0.3627775313894876,2.092549787296936,4,0.13226577891075325,0.021702991123917534,0.23333333333333334,0.021065065822902414,0.011710991889481746,0.007505726099319406,3.80756905624663e-07,1.1798689818817835e-06,1.0940449565384673e-07,3.4676921487117048e-06,0.5712993764279269,2.566193126417095e-06,8.790680329146543e-06,1.181329531204547e-05,6.200857406331572e-07,4.259046670704557e-05,0.2610724317937984,0.22294873172961296,0.024489058935054105,0.19247279470490086,0.015936760353666903,0.013743213387069174,0.7997401135785294,0.7997401135785294,2,0.510207117871539,2.2294873172961296,7.52804328980426e-08,6.52077624991441e-08,-0.9390737804001479,1.3304519673327015,0.010948393217012575,3.9950881613390375e-06,1.4492989211369552e-05,5.170674723819126e-07,4.945396907938518e-05,-1.171176004123892,1.698137156739586,3,0.03504796770397369,0.024105400091581873,0.04469939085151086,0.005679378493068207,9,0.0877325208878372,0.3504796770397369,0.003196413304553891,0.003196413304553891,0.02171674526969259,1.7188776790038656e-06,1.6475242469510094e-05,1.933351840326339e-05,7.566283543440143e-07,6.109218614848616e-05,-1.0223643127760818,1.5807801425076182,3.5988418724584083e-06,1.7210278453272046e-06,-0.9661077893667379,1.5328662120241607,3,0.03504796770397369,0.024105400091581873,0.04469939085151086,0.005679378493068207,9,0.0877325208878372,0.3504796770397369,0.003196413304553891,0.003196413304553891,0.021345296654827525,3.69797053658285e-06,2.7333456749569397e-05,1.6884828526172455e-06,0.00012288004104971657,-0.21990822785086522,1.7357753766541213,0.016655157980453354,5.482300829905597e-06,2.450509718357717e-05,2.4724742216139295e-06,-0.658350780078661,1.6192962462696778
8.772750718752105e-05,3,0.002880926318346356,0.7669495555686574,0.6799231332293665,0.005769995499496653,0.6488119462422832,0.010632779355975912,0.08671669608279964,0.00013802015289056735,1.4690214651145557,7.234363443990119,0.01082977945839774,8.759517559727223e-06,2.410028641702963e-06,1.9862145212431091e-07,8.759517559727223e-06,0.0012529559768551745,1.6668074777559816,0.004448912628169383,2.3942524560869527e-07,6.684401313969348e-06,2.3942524560869527e-07,-0.8650462461626782,1.6483257306709207,4.014210138086075e-05,2,-0.5125123013345052,0.008636256025658973,0.006405776362707977,1.038333627051602,1.170191079242081,0.013903054309728751,3.2746861919080517e-06,7.143867693442105e-06,6.255347226237628e-06,9.374404881453751e-07,2.310392607556875e-05,-0.7018836731597821,1.4011382538061605,0.00688098797552224,1.5780753867129485e-06,4.982068569977637e-06,3.950066787354238e-07,1.0749460434901659e-05,-0.3335598387830753,2.112229267299643,4,0.13038515897535902,0.02035517580105492,0.2,0.019196729143708617,0.011430736745502169,0.010247630742495913,1.5044960917713366e-06,1.074770704325927e-06,1.0940449565384673e-07,3.4676921487117048e-06,0.28500722618658403,1.9526594816682684e-07,8.72536441199585e-06,1.1858745845046086e-05,1.9526594816682684e-07,4.259046670704557e-05,-0.021213163991276884,0.22152985291707136,0.022852460164961293,0.19247279470490086,0.017370571478978147,0.015660482580405956,0.7985000267207799,0.7985000267207799,2,0.500778236089789,2.215298529170714,6.4362671744576666e-09,6.4362671744576666e-09,-1.3326323666846487,1.3174213428406694,0.011470551037441804,2.892091044248826e-06,1.4027086088239247e-05,5.170674723819126e-07,4.945396907938518e-05,-1.0859784385092754,1.816077712888736,3,0.036160644283616636,0.0250809070979228,0.04469939085151086,0.005741746291957546,9,0.08878395850396888,0.3616064428361663,0.0030670852461452958,0.0030670852461452958,0.025453361828495426,0.00010452508005253534,2.5393140375840582e-05,3.2701772498949565e-05,7.566283543440143e-07,0.00010452508005253534,-1.4282033807669972,1.4710007052309915,0.00010957474487049461,1.7210278453272046e-06,-0.7468488879065964,1.889097312705465,3,0.036160644283616636,0.0250809070979228,0.04469939085151086,0.005741746291957546,9,0.08878395850396888,0.3616064428361663,0.0030670852461452958,0.0030670852461452958,0.030477149202743567,0.00017480803387609094,4.303810214396412e-05,1.6884828526172455e-06,0.00017480803387609094,-0.6287184516560842,1.8444961649735023,0.035352633239324235,0.00016888810644921353,4.8647062416118095e-05,2.4724742216139295e-06,-0.44321357368711334,1.920564378026894
7.93718649758086e-05,2,0.0032173594919755843,0.7685295598329442,0.6800588163079703,0.005822903575811079,0.6497566271671664,0.010189218635447675,0.08070938403416861,9.682578781929826e-05,1.4697156153402078,7.2429418807045725,0.011833496075495685,6.588235841946607e-07,2.406156069157736e-06,1.9862145212431091e-07,8.759517559727223e-06,0.3002315866702173,1.7729966421949828,0.025386035889330638,3.51125727584877e-06,5.980190646229367e-06,2.3942524560869527e-07,-0.7362162319821298,1.7227780092579132,3.3406047593624136e-05,2,-0.5137724009303696,0.007498108852800956,0.006195972047946714,1.0411098760002477,1.1691931239830313,0.005786607482494869,3.983791843561009e-06,6.832288615139192e-06,6.3269818412690476e-06,9.374404881453751e-07,2.310392607556875e-05,-0.4469142863850231,1.554370577729876,0.008022715070932069,3.456658226233778e-07,4.9771344843664336e-06,3.456658226233778e-07,1.0749460434901659e-05,-0.11448319255841163,2.1537440424226117,3,0.13104564740031915,0.021005424839821107,0.2,0.02013240280875147,0.010846150987152074,0.00915908821732732,6.110634354366014e-07,1.0761135695779968e-06,1.0940449565384673e-07,3.4676921487117048e-06,0.5524376078757162,7.467818912871928e-07,8.738034027061254e-06,1.1850144141240771e-05,1.9526594816682684e-07,4.259046670704557e-05,0.2421787718269366,0.22128165562528185,0.022543925475404566,0.19247279470490086,0.017386516025306213,0.015648743991665534,0.801537903940471,0.801537903940471,3,0.5001554008718668,2.212816556252818,2.18962196274169e-08,6.4362671744576666e-09,-1.189395621723938,1.4377899498582996,0.008465314572774675,6.764572187643898e-08,1.405035900857305e-05,6.764572187643898e-08,4.945396907938518e-05,-0.9111251039804171,1.896811381672787,3,0.03626400063131706,0.0250809070979228,0.04469939085151086,0.005967502377994272,9,0.08886871812428845,0.3626400063131706,0.0025059567170766517,0.0025059567170766517,0.010448712378375089,7.991747440347606e-06,2.5576824983121538e-05,3.259819087209576e-05,7.566283543440143e-07,0.00010452508005253534,-1.6037275727669886,1.483921567376454,2.766007953247885e-06,1.7210278453272046e-06,-0.911023272760044,1.9683083948286695,3,0.03626400063131706,0.0250809070979228,0.04469939085151086,0.005967502377994272,9,0.08886871812428845,0.3626400063131706,0.0025059567170766517,0.0025059567170766517,0.011569527388561115,8.367816826298626e-06,4.3188757618346965e-05,1.6884828526172455e-06,0.00017480803387609094,-0.741967755435889,1.9224529387712412,0.004288038388403476,3.31577964056686e-06,4.8887659653874596e-05,2.4724742216139295e-06,-0.580581363753636,2.00692603069427
5.1127206570571616e-05,3,0.0031486514488842706,0.7706958387114573,0.680209090648692,0.005596281157943984,0.6511161703928013,0.008407460374839295,0.09239448918157822,6.793934865665888e-05,1.4681817916343551,7.254524646800746,0.014887055323451415,8.377597338896459e-06,2.697164038947054e-06,1.9862145212431091e-07,8.759517559727223e-06,0.29715578313772023,1.7694475626048718,0.010178010677402583,7.68674786838269e-06,6.324935012425487e-06,2.3942524560869527e-07,-0.6931545498745729,1.8114039703227873,3.1615996289006184e-05,2,-0.5132777858677824,0.006525087245994032,0.00591279880048468,1.0397956306225864,1.199902888692016,0.027425814945162306,1.8218252938673503e-05,8.560369860192004e-06,6.82154889624727e-06,1.653175135538089e-06,2.310392607556875e-05,-0.49382699657802365,1.4980543098827634,0.02174908802393301,2.3562637657634058e-05,6.674459515961477e-06,3.456658226233778e-07,2.3562637657634058e-05,-0.37599850469768176,1.9417276726085746,4,0.13549399770419052,0.01955004368517195,0.16666666666666666,0.01634454092984035,0.008406002114777125,0.018499358824715085,6.919014631409641e-06,1.9940187024693047e-06,1.0940449565384673e-07,6.919014631409641e-06,0.5415768161779566,9.187528019394652e-06,8.831196426059257e-06,1.1849649635624133e-05,1.9526594816682684e-07,4.259046670704557e-05,0.25166921853476215,0.21614314026956122,0.019833561420137574,0.19247279470490086,0.021333178435957053,0.016884133694832184,0.8103322617633242,0.8103322617633242,3,0.48474584031416984,2.1614314026956123,1.0130707382765419e-07,6.4362671744576666e-09,-1.1734566192201414,1.4546920288762497,0.025917968362278068,1.6132648332214126e-06,1.4018317637607625e-05,6.764572187643898e-08,4.945396907938518e-05,-0.6150685284065392,1.7786476547198111,3,0.03601706474788545,0.0250809070979228,0.04469939085151086,0.0060151109241225,9,0.08877826002493637,0.3601706474788546,0.02045447875731954,0.02045447875731954,0.021263700796494873,0.0001639105330050145,4.082285941185559e-05,5.2190667505047784e-05,7.566283543440143e-07,0.0001639105330050145,-1.2658597784652055,1.5116061043987954,0.0001230997152745995,2.766007953247885e-06,-0.6974621065708165,1.9849095436876112,3,0.03601706474788545,0.0250809070979228,0.04469939085151086,0.0060151109241225,9,0.08877826002493637,0.3601706474788546,0.02045447875731954,0.02045447875731954,0.025625275573489002,0.0002594952584461023,6.812667133473415e-05,1.6884828526172455e-06,0.0002594952584461023,-0.7829247896282465,1.8975859737117382,0.021065509774990696,0.0001457938640639593,5.733147383475008e-05,3.31577964056686e-06,-0.6577934658542863,1.9561412770742697
