Video,Label,Frame,Cheek_Right_Mag,FPS
video107_final.mp4,Healthy,1,0.0,20.0
video107_final.mp4,Healthy,2,0.023470268183172806,20.0
video107_final.mp4,Healthy,3,0.017595673376596326,20.0
video107_final.mp4,Healthy,4,0.008239489139677508,20.0
video107_final.mp4,Healthy,5,0.00933030151798531,20.0
video107_final.mp4,Healthy,6,0.007702235517848771,20.0
video107_final.mp4,Healthy,7,0.0067623289526757,20.0
video107_final.mp4,Healthy,8,0.009264676988837211,20.0
video107_final.mp4,Healthy,9,0.003032079583123939,20.0
video107_final.mp4,Healthy,10,0.0038916411884029945,20.0
video107_final.mp4,Healthy,11,0.0058601101635008205,20.0
video107_final.mp4,Healthy,12,0.006852661855532001,20.0
video107_final.mp4,Healthy,13,0.004933139899766793,20.0
video107_final.mp4,Healthy,14,0.009352072727134007,20.0
video107_final.mp4,Healthy,15,0.007814981104961852,20.0
video107_final.mp4,Healthy,16,0.0038043184256963637,20.0
video107_final.mp4,Healthy,17,0.006763313584849171,20.0
video107_final.mp4,Healthy,18,0.012727924656838766,20.0
video107_final.mp4,Healthy,19,0.010182364833651935,20.0
video107_final.mp4,Healthy,20,0.008625961428760261,20.0
video107_final.mp4,Healthy,21,0.0052233905425152095,20.0
video107_final.mp4,Healthy,22,0.005132118483247371,20.0
video107_final.mp4,Healthy,23,0.006201226636967185,20.0
video107_final.mp4,Healthy,24,0.009621052740395356,20.0
video107_final.mp4,Healthy,25,0.004187009713592722,20.0
video107_final.mp4,Healthy,26,0.004832446331523759,20.0
video107_final.mp4,Healthy,27,0.008599587313862426,20.0
video107_final.mp4,Healthy,28,0.00998227072407309,20.0
video107_final.mp4,Healthy,29,0.013271323081183548,20.0
video107_final.mp4,Healthy,30,0.004871853652844499,20.0
video107_final.mp4,Healthy,31,0.00730293286229119,20.0
video107_final.mp4,Healthy,32,0.011079198401684233,20.0
video107_final.mp4,Healthy,33,0.012794842017789531,20.0
video107_final.mp4,Healthy,34,0.016582756458542274,20.0
video107_final.mp4,Healthy,35,0.00925329678698963,20.0
video107_final.mp4,Healthy,36,0.009207656103636329,20.0
video107_final.mp4,Healthy,37,0.007415550036811694,20.0
video107_final.mp4,Healthy,38,0.009492842571399096,20.0
video107_final.mp4,Healthy,39,0.007583777210478079,20.0
video107_final.mp4,Healthy,40,0.014473337104845893,20.0
video107_final.mp4,Healthy,41,0.014853464991943866,20.0
video107_final.mp4,Healthy,42,0.006233974481324454,20.0
video107_final.mp4,Healthy,43,0.0061057697542513025,20.0
video107_final.mp4,Healthy,44,0.0073862760769465826,20.0
video107_final.mp4,Healthy,45,0.021628340704009475,20.0
video107_final.mp4,Healthy,46,0.008590921286177463,20.0
video107_final.mp4,Healthy,47,0.003997355982762962,20.0
video107_final.mp4,Healthy,48,0.009909733719009713,20.0
video107_final.mp4,Healthy,49,0.011880019747923158,20.0
video107_final.mp4,Healthy,50,0.010158106604120972,20.0
video107_final.mp4,Healthy,51,0.0454545037039524,20.0
video107_final.mp4,Healthy,52,0.07093116210780537,20.0
video107_final.mp4,Healthy,53,0.051298703734129966,20.0
video107_final.mp4,Healthy,54,0.03317348939489153,20.0
video107_final.mp4,Healthy,55,0.03377031904637474,20.0
video107_final.mp4,Healthy,56,0.05002855781047547,20.0
video107_final.mp4,Healthy,57,0.015016496766402668,20.0
video107_final.mp4,Healthy,58,0.00794888602608856,20.0
video107_final.mp4,Healthy,59,0.0031249800708761932,20.0
video107_final.mp4,Healthy,60,0.0037374782421989786,20.0
video107_final.mp4,Healthy,61,0.0205420734609328,20.0
video107_final.mp4,Healthy,62,0.04738272834489763,20.0
video107_final.mp4,Healthy,63,0.029257666617002003,20.0
video107_final.mp4,Healthy,64,0.027272658091626392,20.0
video107_final.mp4,Healthy,65,0.03683320565533168,20.0
video107_final.mp4,Healthy,66,0.025393237632046338,20.0
video107_final.mp4,Healthy,67,0.03076939937769223,20.0
video107_final.mp4,Healthy,68,0.044771951513491545,20.0
video107_final.mp4,Healthy,69,0.035037489937442344,20.0
video107_final.mp4,Healthy,70,0.03260016333114169,20.0
video107_final.mp4,Healthy,71,0.022865521802587,20.0
video107_final.mp4,Healthy,72,0.012415700201375094,20.0
video107_final.mp4,Healthy,73,0.014586517694167616,20.0
video107_final.mp4,Healthy,74,0.0194926670110728,20.0
video107_final.mp4,Healthy,75,0.015464869333672446,20.0
video107_final.mp4,Healthy,76,0.0389455159824428,20.0
video107_final.mp4,Healthy,77,0.01302555048584501,20.0
video107_final.mp4,Healthy,78,0.036199572480913975,20.0
video107_final.mp4,Healthy,79,0.014979085560305704,20.0
video107_final.mp4,Healthy,80,0.014584798370405144,20.0
video107_final.mp4,Healthy,81,0.012333184336853029,20.0
video107_final.mp4,Healthy,82,0.014746743511580538,20.0
video107_final.mp4,Healthy,83,0.007869673247482898,20.0
video107_final.mp4,Healthy,84,0.015033519441596538,20.0
video107_final.mp4,Healthy,85,0.0039466224400088,20.0
video107_final.mp4,Healthy,86,0.02010205354408932,20.0
video107_final.mp4,Healthy,87,0.011432309334214415,20.0
video107_final.mp4,Healthy,88,0.009284176054157689,20.0
video107_final.mp4,Healthy,89,0.006859994138536881,20.0
video107_final.mp4,Healthy,90,0.010212788718864847,20.0
video107_final.mp4,Healthy,91,0.0035587740206960866,20.0
video107_final.mp4,Healthy,92,0.007872992503205058,20.0
video107_final.mp4,Healthy,93,0.008504621842033126,20.0
video107_final.mp4,Healthy,94,0.005473853634177081,20.0
video107_final.mp4,Healthy,95,0.00746916906174398,20.0
video107_final.mp4,Healthy,96,0.008188702499033534,20.0
video107_final.mp4,Healthy,97,0.008459935230754945,20.0
video107_final.mp4,Healthy,98,0.005289202952012591,20.0
video107_final.mp4,Healthy,99,0.00814337319418341,20.0
video107_final.mp4,Healthy,100,0.011043207940031573,20.0
video108_final.mp4,Healthy,1,0.0,20.0
video108_final.mp4,Healthy,2,0.014204882090852656,20.0
video108_final.mp4,Healthy,3,0.00783906405882647,20.0
video108_final.mp4,Healthy,4,0.029158752675661724,20.0
video108_final.mp4,Healthy,5,0.023343504689999163,20.0
video108_final.mp4,Healthy,6,0.04265587101675673,20.0
video108_final.mp4,Healthy,7,0.018054399233400364,20.0
video108_final.mp4,Healthy,8,0.006659502999149983,20.0
video108_final.mp4,Healthy,9,0.008989165950610115,20.0
video108_final.mp4,Healthy,10,0.010355900236823418,20.0
video108_final.mp4,Healthy,11,0.0123571613288057,20.0
video108_final.mp4,Healthy,12,0.006767088698884411,20.0
video108_final.mp4,Healthy,13,0.013984626643404574,20.0
video108_final.mp4,Healthy,14,0.03125656643343745,20.0
video108_final.mp4,Healthy,15,0.017483890440653835,20.0
video108_final.mp4,Healthy,16,0.018286493081644047,20.0
video108_final.mp4,Healthy,17,0.03970457390131682,20.0
video108_final.mp4,Healthy,18,0.03305317021323557,20.0
video108_final.mp4,Healthy,19,0.0213215590158901,20.0
video108_final.mp4,Healthy,20,0.006174572928554669,20.0
video108_final.mp4,Healthy,21,0.019305280738247835,20.0
video108_final.mp4,Healthy,22,0.008078293586021173,20.0
video108_final.mp4,Healthy,23,0.008388439886148017,20.0
video108_final.mp4,Healthy,24,0.02644098350553987,20.0
video108_final.mp4,Healthy,25,0.018847558135867002,20.0
video108_final.mp4,Healthy,26,0.009772252944308482,20.0
video108_final.mp4,Healthy,27,0.011919606993816952,20.0
video108_final.mp4,Healthy,28,0.018497130744167783,20.0
video108_final.mp4,Healthy,29,0.021796500651497602,20.0
video108_final.mp4,Healthy,30,0.03882609024893647,20.0
video108_final.mp4,Healthy,31,0.033725230692810144,20.0
video108_final.mp4,Healthy,32,0.0401562404528477,20.0
video108_final.mp4,Healthy,33,0.030976099452671702,20.0
video108_final.mp4,Healthy,34,0.026590879777449096,20.0
video108_final.mp4,Healthy,35,0.018191781106018004,20.0
video108_final.mp4,Healthy,36,0.03654008646713975,20.0
video108_final.mp4,Healthy,37,0.021229065404679094,20.0
video108_final.mp4,Healthy,38,0.05466786026344843,20.0
video108_final.mp4,Healthy,39,0.027940087581349794,20.0
video108_final.mp4,Healthy,40,0.032302310341930554,20.0
video108_final.mp4,Healthy,41,0.010429113897640379,20.0
video108_final.mp4,Healthy,42,0.013688252313853228,20.0
video108_final.mp4,Healthy,43,0.019493648175436577,20.0
video108_final.mp4,Healthy,44,0.03066115216292023,20.0
video108_final.mp4,Healthy,45,0.017110254879976868,20.0
video108_final.mp4,Healthy,46,0.019465463259090078,20.0
video108_final.mp4,Healthy,47,0.009261775548429866,20.0
video108_final.mp4,Healthy,48,0.006873019187595013,20.0
video108_final.mp4,Healthy,49,0.020870691833613036,20.0
video108_final.mp4,Healthy,50,0.022523983644702185,20.0
video108_final.mp4,Healthy,51,0.02250191085980178,20.0
video108_final.mp4,Healthy,52,0.030155982797529728,20.0
video108_final.mp4,Healthy,53,0.029437142073125165,20.0
video108_final.mp4,Healthy,54,0.03750984520405946,20.0
video108_final.mp4,Healthy,55,0.018986341272602,20.0
video108_final.mp4,Healthy,56,0.02679839368099633,20.0
video108_final.mp4,Healthy,57,0.01019464219732482,20.0
video108_final.mp4,Healthy,58,0.015964054215404627,20.0
video108_final.mp4,Healthy,59,0.042757643004922026,20.0
video108_final.mp4,Healthy,60,0.029534481931316865,20.0
video108_final.mp4,Healthy,61,0.021730316837555073,20.0
video108_final.mp4,Healthy,62,0.01954602961889918,20.0
video108_final.mp4,Healthy,63,0.014151031105715367,20.0
video108_final.mp4,Healthy,64,0.016200173986586235,20.0
video108_final.mp4,Healthy,65,0.015833308491353133,20.0
video108_final.mp4,Healthy,66,0.01814652682387964,20.0
video108_final.mp4,Healthy,67,0.01027769848077913,20.0
video108_final.mp4,Healthy,68,0.03343968451267486,20.0
video108_final.mp4,Healthy,69,0.013502425187738337,20.0
video108_final.mp4,Healthy,70,0.017913803256305542,20.0
video108_final.mp4,Healthy,71,0.008811617950131162,20.0
video108_final.mp4,Healthy,72,0.015888309693768244,20.0
video108_final.mp4,Healthy,73,0.007954962505857139,20.0
video108_final.mp4,Healthy,74,0.00973912917809852,20.0
video108_final.mp4,Healthy,75,0.006827963156706987,20.0
video108_final.mp4,Healthy,76,0.017565993747436524,20.0
video108_final.mp4,Healthy,77,0.014107223575326525,20.0
video108_final.mp4,Healthy,78,0.013195500948464278,20.0
video108_final.mp4,Healthy,79,0.004361464589196831,20.0
video108_final.mp4,Healthy,80,0.012568901580327595,20.0
video108_final.mp4,Healthy,81,0.009906298916779504,20.0
video108_final.mp4,Healthy,82,0.011441687393635233,20.0
video108_final.mp4,Healthy,83,0.008590569614047127,20.0
video108_final.mp4,Healthy,84,0.00616055580416825,20.0
video108_final.mp4,Healthy,85,0.016947237496858197,20.0
video108_final.mp4,Healthy,86,0.03640633958674383,20.0
video108_final.mp4,Healthy,87,0.02945440160980279,20.0
video108_final.mp4,Healthy,88,0.030541024997771872,20.0
video108_final.mp4,Healthy,89,0.01577784792156258,20.0
video108_final.mp4,Healthy,90,0.03306344739536443,20.0
video108_final.mp4,Healthy,91,0.014017840474397048,20.0
video108_final.mp4,Healthy,92,0.042908457058110236,20.0
video108_final.mp4,Healthy,93,0.013290771259020293,20.0
video108_final.mp4,Healthy,94,0.017128501229897265,20.0
video108_final.mp4,Healthy,95,0.02182702455024312,20.0
video108_final.mp4,Healthy,96,0.008948042632268135,20.0
video108_final.mp4,Healthy,97,0.013730425273798924,20.0
video108_final.mp4,Healthy,98,0.018694434117669405,20.0
video108_final.mp4,Healthy,99,0.01802650641413495,20.0
video108_final.mp4,Healthy,100,0.010586271464181497,20.0
video10_final.mp4,Healthy,1,0.0,20.0
video10_final.mp4,Healthy,2,0.008354379223545164,20.0
video10_final.mp4,Healthy,3,0.006212334241260222,20.0
video10_final.mp4,Healthy,4,0.0053255345032376025,20.0
video10_final.mp4,Healthy,5,0.003157467197822792,20.0
video10_final.mp4,Healthy,6,0.005683931208699918,20.0
video10_final.mp4,Healthy,7,0.002766719553329609,20.0
video10_final.mp4,Healthy,8,0.003682535041275434,20.0
video10_final.mp4,Healthy,9,0.0029264776378177997,20.0
video10_final.mp4,Healthy,10,0.010535438070114745,20.0
video10_final.mp4,Healthy,11,0.010040066285818088,20.0
video10_final.mp4,Healthy,12,0.009998678870529343,20.0
video10_final.mp4,Healthy,13,0.004857835725515618,20.0
video10_final.mp4,Healthy,14,0.004800816360389109,20.0
video10_final.mp4,Healthy,15,0.0029459043500527434,20.0
video10_final.mp4,Healthy,16,0.0031554948639447083,20.0
video10_final.mp4,Healthy,17,0.0029431204219643563,20.0
video10_final.mp4,Healthy,18,0.005511885608412044,20.0
video10_final.mp4,Healthy,19,0.005437584295614525,20.0
video10_final.mp4,Healthy,20,0.0035035304586231906,20.0
video10_final.mp4,Healthy,21,0.0037906642338334587,20.0
video10_final.mp4,Healthy,22,0.003970473983621279,20.0
video10_final.mp4,Healthy,23,0.003039434416047463,20.0
video10_final.mp4,Healthy,24,0.0016782471891136131,20.0
video10_final.mp4,Healthy,25,0.003395091065812739,20.0
video10_final.mp4,Healthy,26,0.009164683503372089,20.0
video10_final.mp4,Healthy,27,0.006319437303509773,20.0
video10_final.mp4,Healthy,28,0.005914321593790555,20.0
video10_final.mp4,Healthy,29,0.008515415592770168,20.0
video10_final.mp4,Healthy,30,0.006854974350214012,20.0
video10_final.mp4,Healthy,31,0.0057324364002431126,20.0
video10_final.mp4,Healthy,32,0.005508407460985529,20.0
video10_final.mp4,Healthy,33,0.005173562708884369,20.0
video10_final.mp4,Healthy,34,0.0018505669490794401,20.0
video10_final.mp4,Healthy,35,0.014186621880960305,20.0
video10_final.mp4,Healthy,36,0.01610985959981919,20.0
video10_final.mp4,Healthy,37,0.014513303440221509,20.0
video10_final.mp4,Healthy,38,0.023651059468785474,20.0
video10_final.mp4,Healthy,39,0.01293738018840163,20.0
video10_final.mp4,Healthy,40,0.01738906490111568,20.0
video10_final.mp4,Healthy,41,0.009017092053907322,20.0
video10_final.mp4,Healthy,42,0.0052316202669340445,20.0
video10_final.mp4,Healthy,43,0.004282683718426571,20.0
video10_final.mp4,Healthy,44,0.006570722193560493,20.0
video10_final.mp4,Healthy,45,0.0038363819157980093,20.0
video10_final.mp4,Healthy,46,0.006539291606748097,20.0
video10_final.mp4,Healthy,47,0.009171873617941615,20.0
video10_final.mp4,Healthy,48,0.010753699566386882,20.0
video10_final.mp4,Healthy,49,0.009092194050173122,20.0
video10_final.mp4,Healthy,50,0.02419578882965273,20.0
video10_final.mp4,Healthy,51,0.014982211693216788,20.0
video10_final.mp4,Healthy,52,0.0047927864068365075,20.0
video10_final.mp4,Healthy,53,0.00888682920691512,20.0
video10_final.mp4,Healthy,54,0.01516373871051439,20.0
video10_final.mp4,Healthy,55,0.005511904192173976,20.0
video10_final.mp4,Healthy,56,0.006455445919097543,20.0
video10_final.mp4,Healthy,57,0.006715339115324195,20.0
video10_final.mp4,Healthy,58,0.005829040854228924,20.0
video10_final.mp4,Healthy,59,0.007365851562454279,20.0
video10_final.mp4,Healthy,60,0.010383991101698742,20.0
video10_final.mp4,Healthy,61,0.0078046082865894095,20.0
video10_final.mp4,Healthy,62,0.003890557895675656,20.0
video10_final.mp4,Healthy,63,0.007549856741510231,20.0
video10_final.mp4,Healthy,64,0.015187049693435834,20.0
video10_final.mp4,Healthy,65,0.008525197118023608,20.0
video10_final.mp4,Healthy,66,0.01900494614903182,20.0
video10_final.mp4,Healthy,67,0.009600431303865321,20.0
video10_final.mp4,Healthy,68,0.006548832578200918,20.0
video10_final.mp4,Healthy,69,0.004004390807954597,20.0
video10_final.mp4,Healthy,70,0.008458809140729467,20.0
video10_final.mp4,Healthy,71,0.0073674712795025535,20.0
video10_final.mp4,Healthy,72,0.01664899740608858,20.0
video10_final.mp4,Healthy,73,0.004587238538330406,20.0
video10_final.mp4,Healthy,74,0.0028519237368634046,20.0
video10_final.mp4,Healthy,75,0.002192507809450733,20.0
video10_final.mp4,Healthy,76,0.007592494283178414,20.0
video10_final.mp4,Healthy,77,0.005989041774369265,20.0
video10_final.mp4,Healthy,78,0.004978055670954135,20.0
video10_final.mp4,Healthy,79,0.004532526887819922,20.0
video10_final.mp4,Healthy,80,0.009582239890454616,20.0
video10_final.mp4,Healthy,81,0.00814688602318224,20.0
video10_final.mp4,Healthy,82,0.006749983849869042,20.0
video10_final.mp4,Healthy,83,0.010872862135679744,20.0
video10_final.mp4,Healthy,84,0.025222125658136252,20.0
video10_final.mp4,Healthy,85,0.0343492544513196,20.0
video10_final.mp4,Healthy,86,0.048075474715789664,20.0
video10_final.mp4,Healthy,87,0.02659983553730106,20.0
video10_final.mp4,Healthy,88,0.023904793665397623,20.0
video10_final.mp4,Healthy,89,0.019793142499804593,20.0
video10_final.mp4,Healthy,90,0.024556290930882817,20.0
video10_final.mp4,Healthy,91,0.020537085310803928,20.0
video10_final.mp4,Healthy,92,0.008473811552052702,20.0
video10_final.mp4,Healthy,93,0.01168337492655728,20.0
video10_final.mp4,Healthy,94,0.026044431254509493,20.0
video10_final.mp4,Healthy,95,0.022213313878195484,20.0
video10_final.mp4,Healthy,96,0.02374213524005589,20.0
video10_final.mp4,Healthy,97,0.01897452834068864,20.0
video10_final.mp4,Healthy,98,0.07146220242314574,20.0
video10_final.mp4,Healthy,99,0.05942220255729762,20.0
video10_final.mp4,Healthy,100,0.08583276020704322,20.0
video11_final.mp4,Healthy,1,0.0,20.0
video11_final.mp4,Healthy,2,0.00672691674172894,20.0
video11_final.mp4,Healthy,3,0.0040189941787151665,20.0
video11_final.mp4,Healthy,4,0.0049097749629735885,20.0
video11_final.mp4,Healthy,5,0.006857959507408749,20.0
video11_final.mp4,Healthy,6,0.004424219418671436,20.0
video11_final.mp4,Healthy,7,0.004379806662484073,20.0
video11_final.mp4,Healthy,8,0.006607207795396866,20.0
video11_final.mp4,Healthy,9,0.008362151937212167,20.0
video11_final.mp4,Healthy,10,0.0031922011383484993,20.0
video11_final.mp4,Healthy,11,0.006198379262352469,20.0
video11_final.mp4,Healthy,12,0.006131040574455434,20.0
video11_final.mp4,Healthy,13,0.0029243720856562717,20.0
video11_final.mp4,Healthy,14,0.012448795491670338,20.0
video11_final.mp4,Healthy,15,0.00680035870722351,20.0
video11_final.mp4,Healthy,16,0.011165365663148411,20.0
video11_final.mp4,Healthy,17,0.004895706029602321,20.0
video11_final.mp4,Healthy,18,0.004316162379030751,20.0
video11_final.mp4,Healthy,19,0.01287181731977773,20.0
video11_final.mp4,Healthy,20,0.013019357091433334,20.0
video11_final.mp4,Healthy,21,0.004192371390299388,20.0
video11_final.mp4,Healthy,22,0.005686346125661933,20.0
video11_final.mp4,Healthy,23,0.0045632920737247885,20.0
video11_final.mp4,Healthy,24,0.01257421779941545,20.0
video11_final.mp4,Healthy,25,0.014602041591511674,20.0
video11_final.mp4,Healthy,26,0.009343453656243315,20.0
video11_final.mp4,Healthy,27,0.004327944002990059,20.0
video11_final.mp4,Healthy,28,0.004154495708567799,20.0
video11_final.mp4,Healthy,29,0.011472636468201198,20.0
video11_final.mp4,Healthy,30,0.010175721046113483,20.0
video11_final.mp4,Healthy,31,0.006756977978000329,20.0
video11_final.mp4,Healthy,32,0.0055081971541658375,20.0
video11_final.mp4,Healthy,33,0.004482727464777014,20.0
video11_final.mp4,Healthy,34,0.006179515428733004,20.0
video11_final.mp4,Healthy,35,0.006670439205856226,20.0
video11_final.mp4,Healthy,36,0.002524902461954712,20.0
video11_final.mp4,Healthy,37,0.01001277845507366,20.0
video11_final.mp4,Healthy,38,0.007225739242291288,20.0
video11_final.mp4,Healthy,39,0.007238708367014457,20.0
video11_final.mp4,Healthy,40,0.007568869579590165,20.0
video11_final.mp4,Healthy,41,0.00312244618241928,20.0
video11_final.mp4,Healthy,42,0.006862712259321097,20.0
video11_final.mp4,Healthy,43,0.009562858481682679,20.0
video11_final.mp4,Healthy,44,0.005840920644563362,20.0
video11_final.mp4,Healthy,45,0.0061911281443959385,20.0
video11_final.mp4,Healthy,46,0.007280794842634096,20.0
video11_final.mp4,Healthy,47,0.004250585607220211,20.0
video11_final.mp4,Healthy,48,0.006828911545381597,20.0
video11_final.mp4,Healthy,49,0.0120587857367702,20.0
video11_final.mp4,Healthy,50,0.011608512381628893,20.0
video11_final.mp4,Healthy,51,0.00604119214438825,20.0
video11_final.mp4,Healthy,52,0.027260227230755933,20.0
video11_final.mp4,Healthy,53,0.024996496090742122,20.0
video11_final.mp4,Healthy,54,0.040473056379372596,20.0
video11_final.mp4,Healthy,55,0.026025910163025356,20.0
video11_final.mp4,Healthy,56,0.01416723958986706,20.0
video11_final.mp4,Healthy,57,0.02218878409214633,20.0
video11_final.mp4,Healthy,58,0.01765579027905407,20.0
video11_final.mp4,Healthy,59,0.01721250419417859,20.0
video11_final.mp4,Healthy,60,0.016301440467777102,20.0
video11_final.mp4,Healthy,61,0.011524414491801272,20.0
video11_final.mp4,Healthy,62,0.05041154198141586,20.0
video11_final.mp4,Healthy,63,0.020476921241229767,20.0
video11_final.mp4,Healthy,64,0.024911976545239144,20.0
video11_final.mp4,Healthy,65,0.010371433557060489,20.0
video11_final.mp4,Healthy,66,0.01559522106838156,20.0
video11_final.mp4,Healthy,67,0.010691817724645957,20.0
video11_final.mp4,Healthy,68,0.005835077561140061,20.0
video11_final.mp4,Healthy,69,0.025432397908457492,20.0
video11_final.mp4,Healthy,70,0.014084334169108722,20.0
video11_final.mp4,Healthy,71,0.007794844346582218,20.0
video11_final.mp4,Healthy,72,0.01128425612024173,20.0
video11_final.mp4,Healthy,73,0.005048019552251623,20.0
video11_final.mp4,Healthy,74,0.01241419295799163,20.0
video11_final.mp4,Healthy,75,0.03600380204430535,20.0
video11_final.mp4,Healthy,76,0.03983863089179847,20.0
video11_final.mp4,Healthy,77,0.02761192724601315,20.0
video11_final.mp4,Healthy,78,0.023009489551276633,20.0
video11_final.mp4,Healthy,79,0.016223714593950514,20.0
video11_final.mp4,Healthy,80,0.027818301285456315,20.0
video11_final.mp4,Healthy,81,0.017126967536662485,20.0
video11_final.mp4,Healthy,82,0.029329537549005864,20.0
video11_final.mp4,Healthy,83,0.02652925165811335,20.0
video11_final.mp4,Healthy,84,0.01799543754364734,20.0
video11_final.mp4,Healthy,85,0.018959029648757834,20.0
video11_final.mp4,Healthy,86,0.005570046077890504,20.0
video11_final.mp4,Healthy,87,0.006117378156592659,20.0
video11_final.mp4,Healthy,88,0.004191092843171918,20.0
video11_final.mp4,Healthy,89,0.0140538863187142,20.0
video11_final.mp4,Healthy,90,0.007775123348916901,20.0
video11_final.mp4,Healthy,91,0.007789065278239495,20.0
video11_final.mp4,Healthy,92,0.01254333877726553,20.0
video11_final.mp4,Healthy,93,0.005242929561785073,20.0
video11_final.mp4,Healthy,94,0.0020931674533689747,20.0
video11_final.mp4,Healthy,95,0.015440124913981933,20.0
video11_final.mp4,Healthy,96,0.006113382971451596,20.0
video11_final.mp4,Healthy,97,0.013834326397224227,20.0
video11_final.mp4,Healthy,98,0.012080915184569569,20.0
video11_final.mp4,Healthy,99,0.015312488501312338,20.0
video11_final.mp4,Healthy,100,0.008772103172593622,20.0
video125_final.mp4,Healthy,1,0.0,20.0
video125_final.mp4,Healthy,2,0.018365966737753824,20.0
video125_final.mp4,Healthy,3,0.008650656305350135,20.0
video125_final.mp4,Healthy,4,0.00599761884022537,20.0
video125_final.mp4,Healthy,5,0.00660153682657066,20.0
video125_final.mp4,Healthy,6,0.0023592055468490275,20.0
video125_final.mp4,Healthy,7,0.006651921368083144,20.0
video125_final.mp4,Healthy,8,0.0076109315852787894,20.0
video125_final.mp4,Healthy,9,0.011334196814033328,20.0
video125_final.mp4,Healthy,10,0.02102843162895212,20.0
video125_final.mp4,Healthy,11,0.010073975845356478,20.0
video125_final.mp4,Healthy,12,0.010028141826065031,20.0
video125_final.mp4,Healthy,13,0.007957847977264428,20.0
video125_final.mp4,Healthy,14,0.009509974401617976,20.0
video125_final.mp4,Healthy,15,0.008579361032203874,20.0
video125_final.mp4,Healthy,16,0.023270308733155068,20.0
video125_final.mp4,Healthy,17,0.007433892329041588,20.0
video125_final.mp4,Healthy,18,0.008217886784539928,20.0
video125_final.mp4,Healthy,19,0.0068570372272237,20.0
video125_final.mp4,Healthy,20,0.0094464445064042,20.0
video125_final.mp4,Healthy,21,0.0034362467993007398,20.0
video125_final.mp4,Healthy,22,0.010292546633239193,20.0
video125_final.mp4,Healthy,23,0.005427992325731312,20.0
video125_final.mp4,Healthy,24,0.007463079485146758,20.0
video125_final.mp4,Healthy,25,0.007719031978698526,20.0
video125_final.mp4,Healthy,26,0.02031828233881324,20.0
video125_final.mp4,Healthy,27,0.014034475856371093,20.0
video125_final.mp4,Healthy,28,0.003913265063378954,20.0
video125_final.mp4,Healthy,29,0.005293806728563876,20.0
video125_final.mp4,Healthy,30,0.007765374853984729,20.0
video125_final.mp4,Healthy,31,0.009035928365629473,20.0
video125_final.mp4,Healthy,32,0.009754568760031408,20.0
video125_final.mp4,Healthy,33,0.009816378152221144,20.0
video125_final.mp4,Healthy,34,0.010981391373040503,20.0
video125_final.mp4,Healthy,35,0.006373086774399038,20.0
video125_final.mp4,Healthy,36,0.015107779002248144,20.0
video125_final.mp4,Healthy,37,0.00916982469997653,20.0
video125_final.mp4,Healthy,38,0.004951346235593916,20.0
video125_final.mp4,Healthy,39,0.006037605025463492,20.0
video125_final.mp4,Healthy,40,0.007117433851557905,20.0
video125_final.mp4,Healthy,41,0.00672054493542935,20.0
video125_final.mp4,Healthy,42,0.002007048805271549,20.0
video125_final.mp4,Healthy,43,0.005418168073891648,20.0
video125_final.mp4,Healthy,44,0.006703130367794988,20.0
video125_final.mp4,Healthy,45,0.010232496650486896,20.0
video125_final.mp4,Healthy,46,0.014783893533518843,20.0
video125_final.mp4,Healthy,47,0.012789973165019739,20.0
video125_final.mp4,Healthy,48,0.008738559349125544,20.0
video125_final.mp4,Healthy,49,0.005693989716874259,20.0
video125_final.mp4,Healthy,50,0.0068998317479269985,20.0
video125_final.mp4,Healthy,51,0.006952870051460369,20.0
video125_final.mp4,Healthy,52,0.005638151856685352,20.0
video125_final.mp4,Healthy,53,0.013719923096275882,20.0
video125_final.mp4,Healthy,54,0.005927709438004358,20.0
video125_final.mp4,Healthy,55,0.002053974061589691,20.0
video125_final.mp4,Healthy,56,0.006054876044821983,20.0
video125_final.mp4,Healthy,57,0.003943180919829687,20.0
video125_final.mp4,Healthy,58,0.009343919325881942,20.0
video125_final.mp4,Healthy,59,0.008071916534626206,20.0
video125_final.mp4,Healthy,60,0.0023737829119024256,20.0
video125_final.mp4,Healthy,61,0.005511090983617306,20.0
video125_final.mp4,Healthy,62,0.016412623457715023,20.0
video125_final.mp4,Healthy,63,0.010478994757410496,20.0
video125_final.mp4,Healthy,64,0.003910227381792715,20.0
video125_final.mp4,Healthy,65,0.002307695843702733,20.0
video125_final.mp4,Healthy,66,0.0026866467477973943,20.0
video125_final.mp4,Healthy,67,0.0015269625951978463,20.0
video125_final.mp4,Healthy,68,0.005863403846045065,20.0
video125_final.mp4,Healthy,69,0.0054705761842230366,20.0
video125_final.mp4,Healthy,70,0.00703714370246494,20.0
video125_final.mp4,Healthy,71,0.003160588810255819,20.0
video125_final.mp4,Healthy,72,0.0010876741306361953,20.0
video125_final.mp4,Healthy,73,0.001942019639713052,20.0
video125_final.mp4,Healthy,74,0.00838977891637026,20.0
video125_final.mp4,Healthy,75,0.006729770590262192,20.0
video125_final.mp4,Healthy,76,0.01113602798658441,20.0
video125_final.mp4,Healthy,77,0.0036876488410069333,20.0
video125_final.mp4,Healthy,78,0.014541939104516158,20.0
video125_final.mp4,Healthy,79,0.004229528602403165,20.0
video125_final.mp4,Healthy,80,0.010032878519659602,20.0
video125_final.mp4,Healthy,81,0.00643789987963315,20.0
video125_final.mp4,Healthy,82,0.006221396398472942,20.0
video125_final.mp4,Healthy,83,0.008987380578808012,20.0
video125_final.mp4,Healthy,84,0.012309881415915559,20.0
video125_final.mp4,Healthy,85,0.014887558925073693,20.0
video125_final.mp4,Healthy,86,0.0023945876848029055,20.0
video125_final.mp4,Healthy,87,0.00860228600452964,20.0
video125_final.mp4,Healthy,88,0.005932596397158801,20.0
video125_final.mp4,Healthy,89,0.01040382720513453,20.0
video125_final.mp4,Healthy,90,0.007911854097345863,20.0
video125_final.mp4,Healthy,91,0.007148256248515364,20.0
video125_final.mp4,Healthy,92,0.008750178241801897,20.0
video125_final.mp4,Healthy,93,0.014539602290938859,20.0
video125_final.mp4,Healthy,94,0.00810998493814866,20.0
video125_final.mp4,Healthy,95,0.012620243616775117,20.0
video125_final.mp4,Healthy,96,0.013182916415514348,20.0
video125_final.mp4,Healthy,97,0.0037874953101348237,20.0
video125_final.mp4,Healthy,98,0.007624392645959999,20.0
video125_final.mp4,Healthy,99,0.0073118047409890165,20.0
video125_final.mp4,Healthy,100,0.005825006274998756,20.0
video132_final.mp4,Healthy,1,0.0,20.0
video132_final.mp4,Healthy,2,0.003938553719918372,20.0
video132_final.mp4,Healthy,3,0.00804699824119904,20.0
video132_final.mp4,Healthy,4,0.008443298345701908,20.0
video132_final.mp4,Healthy,5,0.009185821567605586,20.0
video132_final.mp4,Healthy,6,0.006744721077113406,20.0
video132_final.mp4,Healthy,7,0.0054314316805466455,20.0
video132_final.mp4,Healthy,8,0.004618684159259303,20.0
video132_final.mp4,Healthy,9,0.0007519646253275912,20.0
video132_final.mp4,Healthy,10,0.007390404342900993,20.0
video132_final.mp4,Healthy,11,0.0042527932561256835,20.0
video132_final.mp4,Healthy,12,0.011508239475656209,20.0
video132_final.mp4,Healthy,13,0.006994742522136088,20.0
video132_final.mp4,Healthy,14,0.011622156769787397,20.0
video132_final.mp4,Healthy,15,0.007915929933145568,20.0
video132_final.mp4,Healthy,16,0.007153959949426081,20.0
video132_final.mp4,Healthy,17,0.003970953683041287,20.0
video132_final.mp4,Healthy,18,0.0017946909184963788,20.0
video132_final.mp4,Healthy,19,0.0006243577266753393,20.0
video132_final.mp4,Healthy,20,0.00597154960227453,20.0
video132_final.mp4,Healthy,21,0.00434203963768059,20.0
video132_final.mp4,Healthy,22,0.005330113089122797,20.0
video132_final.mp4,Healthy,23,0.009672043829223143,20.0
video132_final.mp4,Healthy,24,0.013732718114660083,20.0
video132_final.mp4,Healthy,25,0.009069814368034562,20.0
video132_final.mp4,Healthy,26,0.01025153752796876,20.0
video132_final.mp4,Healthy,27,0.00489976029366779,20.0
video132_final.mp4,Healthy,28,0.00440763648754328,20.0
video132_final.mp4,Healthy,29,0.0054467535991202225,20.0
video132_final.mp4,Healthy,30,0.012657331113014609,20.0
video132_final.mp4,Healthy,31,0.008785322742097834,20.0
video132_final.mp4,Healthy,32,0.011787255181293355,20.0
video132_final.mp4,Healthy,33,0.009388142026773719,20.0
video132_final.mp4,Healthy,34,0.009438216140990312,20.0
video132_final.mp4,Healthy,35,0.005192848147998527,20.0
video132_final.mp4,Healthy,36,0.004463091375083296,20.0
video132_final.mp4,Healthy,37,0.003994093435019471,20.0
video132_final.mp4,Healthy,38,0.01050401091229222,20.0
video132_final.mp4,Healthy,39,0.004120445599830319,20.0
video132_final.mp4,Healthy,40,0.013058296089306504,20.0
video132_final.mp4,Healthy,41,0.004700934087192623,20.0
video132_final.mp4,Healthy,42,0.007229196029258952,20.0
video132_final.mp4,Healthy,43,0.0044316803335853585,20.0
video132_final.mp4,Healthy,44,0.005074947433214598,20.0
video132_final.mp4,Healthy,45,0.00741254610440481,20.0
video132_final.mp4,Healthy,46,0.010673014730915972,20.0
video132_final.mp4,Healthy,47,0.003558181172980005,20.0
video132_final.mp4,Healthy,48,0.006743109278597385,20.0
video132_final.mp4,Healthy,49,0.005849945311559907,20.0
video132_final.mp4,Healthy,50,0.004390263245388846,20.0
video132_final.mp4,Healthy,51,0.005520892483763605,20.0
video132_final.mp4,Healthy,52,0.004335100683990435,20.0
video132_final.mp4,Healthy,53,0.0044889727814603235,20.0
video132_final.mp4,Healthy,54,0.0033604117566292625,20.0
video132_final.mp4,Healthy,55,0.00975686148657395,20.0
video132_final.mp4,Healthy,56,0.01439229168595407,20.0
video132_final.mp4,Healthy,57,0.007127988003148669,20.0
video132_final.mp4,Healthy,58,0.004631328310029575,20.0
video132_final.mp4,Healthy,59,0.00796337349007321,20.0
video132_final.mp4,Healthy,60,0.009610765321530169,20.0
video132_final.mp4,Healthy,61,0.01188109717536586,20.0
video132_final.mp4,Healthy,62,0.02618537423331439,20.0
video132_final.mp4,Healthy,63,0.007942776410985359,20.0
video132_final.mp4,Healthy,64,0.007722790923374458,20.0
video132_final.mp4,Healthy,65,0.011254716007860533,20.0
video132_final.mp4,Healthy,66,0.0117438990354197,20.0
video132_final.mp4,Healthy,67,0.007790002762303218,20.0
video132_final.mp4,Healthy,68,0.006469299562547118,20.0
video132_final.mp4,Healthy,69,0.004478236750776786,20.0
video132_final.mp4,Healthy,70,0.006650849207488149,20.0
video132_final.mp4,Healthy,71,0.004131089375177365,20.0
video132_final.mp4,Healthy,72,0.009061062517385806,20.0
video132_final.mp4,Healthy,73,0.006390843703540513,20.0
video132_final.mp4,Healthy,74,0.00751117577172272,20.0
video132_final.mp4,Healthy,75,0.004315276354291703,20.0
video132_final.mp4,Healthy,76,0.0071649032745031175,20.0
video132_final.mp4,Healthy,77,0.003405221022121417,20.0
video132_final.mp4,Healthy,78,0.009428275333290078,20.0
video132_final.mp4,Healthy,79,0.005696110898085317,20.0
video132_final.mp4,Healthy,80,0.01292026258607124,20.0
video132_final.mp4,Healthy,81,0.00976363021294174,20.0
video132_final.mp4,Healthy,82,0.004661160649718784,20.0
video132_final.mp4,Healthy,83,0.002607377369212815,20.0
video132_final.mp4,Healthy,84,0.008547772101417668,20.0
video132_final.mp4,Healthy,85,0.008343636826688875,20.0
video132_final.mp4,Healthy,86,0.013144468415513911,20.0
video132_final.mp4,Healthy,87,0.006945774621643722,20.0
video132_final.mp4,Healthy,88,0.008648514200642166,20.0
video132_final.mp4,Healthy,89,0.003106734347451463,20.0
video132_final.mp4,Healthy,90,0.008997524063881874,20.0
video132_final.mp4,Healthy,91,0.0033383612219336127,20.0
video132_final.mp4,Healthy,92,0.00761327762092216,20.0
video132_final.mp4,Healthy,93,0.008552280468745574,20.0
video132_final.mp4,Healthy,94,0.006039348847569517,20.0
video132_final.mp4,Healthy,95,0.006140935632197973,20.0
video132_final.mp4,Healthy,96,0.001988351553022199,20.0
video132_final.mp4,Healthy,97,0.0033057441284053794,20.0
video132_final.mp4,Healthy,98,0.007026622953730131,20.0
video132_final.mp4,Healthy,99,0.0015629207114655698,20.0
video132_final.mp4,Healthy,100,0.003792340985820633,20.0
video133_final.mp4,Healthy,1,0.0,20.0
video133_final.mp4,Healthy,2,0.007815282689152533,20.0
video133_final.mp4,Healthy,3,0.008472116031113206,20.0
video133_final.mp4,Healthy,4,0.01273188001558696,20.0
video133_final.mp4,Healthy,5,0.007876723160023623,20.0
video133_final.mp4,Healthy,6,0.005044938163838169,20.0
video133_final.mp4,Healthy,7,0.004625665593432314,20.0
video133_final.mp4,Healthy,8,0.006208978566093254,20.0
video133_final.mp4,Healthy,9,0.004424024227061052,20.0
video133_final.mp4,Healthy,10,0.009953992163464969,20.0
video133_final.mp4,Healthy,11,0.012692096069598605,20.0
video133_final.mp4,Healthy,12,0.020350814307116116,20.0
video133_final.mp4,Healthy,13,0.016430954190242264,20.0
video133_final.mp4,Healthy,14,0.028761082917645998,20.0
video133_final.mp4,Healthy,15,0.02304149295424526,20.0
video133_final.mp4,Healthy,16,0.0183406842429102,20.0
video133_final.mp4,Healthy,17,0.014428617077716772,20.0
video133_final.mp4,Healthy,18,0.02658262328331522,20.0
video133_final.mp4,Healthy,19,0.01565798867882747,20.0
video133_final.mp4,Healthy,20,0.02803527938320536,20.0
video133_final.mp4,Healthy,21,0.019385342410773214,20.0
video133_final.mp4,Healthy,22,0.030169452772022348,20.0
video133_final.mp4,Healthy,23,0.022417203278920446,20.0
video133_final.mp4,Healthy,24,0.026728139289926862,20.0
video133_final.mp4,Healthy,25,0.018164962604626796,20.0
video133_final.mp4,Healthy,26,0.021232113390989273,20.0
video133_final.mp4,Healthy,27,0.01300769150697469,20.0
video133_final.mp4,Healthy,28,0.018407554881959082,20.0
video133_final.mp4,Healthy,29,0.005463646921054411,20.0
video133_final.mp4,Healthy,30,0.011207409109902332,20.0
video133_final.mp4,Healthy,31,0.005777959370940012,20.0
video133_final.mp4,Healthy,32,0.0073473906378782265,20.0
video133_final.mp4,Healthy,33,0.004087034027858652,20.0
video133_final.mp4,Healthy,34,0.0075171235650368816,20.0
video133_final.mp4,Healthy,35,0.0034543311090124715,20.0
video133_final.mp4,Healthy,36,0.0036812189094535715,20.0
video133_final.mp4,Healthy,37,0.001923352531052368,20.0
video133_final.mp4,Healthy,38,0.0039524684118988716,20.0
video133_final.mp4,Healthy,39,0.007994305232260957,20.0
video133_final.mp4,Healthy,40,0.004161946624512104,20.0
video133_final.mp4,Healthy,41,0.0048894443398261826,20.0
video133_final.mp4,Healthy,42,0.00573194236272977,20.0
video133_final.mp4,Healthy,43,0.03218368415892723,20.0
video133_final.mp4,Healthy,44,0.020931028772009246,20.0
video133_final.mp4,Healthy,45,0.011278475983487135,20.0
video133_final.mp4,Healthy,46,0.028352995999180935,20.0
video133_final.mp4,Healthy,47,0.02125150270247219,20.0
video133_final.mp4,Healthy,48,0.019079691216458708,20.0
video133_final.mp4,Healthy,49,0.008737775699598438,20.0
video133_final.mp4,Healthy,50,0.009985237025337582,20.0
video133_final.mp4,Healthy,51,0.004219299109596352,20.0
video133_final.mp4,Healthy,52,0.00344576531077506,20.0
video133_final.mp4,Healthy,53,0.00559435594398414,20.0
video133_final.mp4,Healthy,54,0.003411945936999428,20.0
video133_final.mp4,Healthy,55,0.0034337975858678735,20.0
video133_final.mp4,Healthy,56,0.005359697105049289,20.0
video133_final.mp4,Healthy,57,0.002346932236209108,20.0
video133_final.mp4,Healthy,58,0.003284978180798623,20.0
video133_final.mp4,Healthy,59,0.002804695602036133,20.0
video133_final.mp4,Healthy,60,0.005116820366239599,20.0
video133_final.mp4,Healthy,61,0.004583874744636755,20.0
video133_final.mp4,Healthy,62,0.0030585472748363277,20.0
video133_final.mp4,Healthy,63,0.0036409701956392642,20.0
video133_final.mp4,Healthy,64,0.005528379329683783,20.0
video133_final.mp4,Healthy,65,0.0050152502037226305,20.0
video133_final.mp4,Healthy,66,0.0033039759532289812,20.0
video133_final.mp4,Healthy,67,0.0054743060304064586,20.0
video133_final.mp4,Healthy,68,0.005070493555185577,20.0
video133_final.mp4,Healthy,69,0.004651140310779619,20.0
video133_final.mp4,Healthy,70,0.004895969849921868,20.0
video133_final.mp4,Healthy,71,0.008067793115284473,20.0
video133_final.mp4,Healthy,72,0.0060635359787698335,20.0
video133_final.mp4,Healthy,73,0.003084214917414139,20.0
video133_final.mp4,Healthy,74,0.003153920402346927,20.0
video133_final.mp4,Healthy,75,0.0046508291026712565,20.0
video133_final.mp4,Healthy,76,0.003320453096552614,20.0
video133_final.mp4,Healthy,77,0.006211806037998898,20.0
video133_final.mp4,Healthy,78,0.008875990918469152,20.0
video133_final.mp4,Healthy,79,0.00649488363741293,20.0
video133_final.mp4,Healthy,80,0.006376636619054187,20.0
video133_final.mp4,Healthy,81,0.019150590641933456,20.0
video133_final.mp4,Healthy,82,0.0529588618274448,20.0
video133_final.mp4,Healthy,83,0.04811580446860071,20.0
video133_final.mp4,Healthy,84,0.06564005878512165,20.0
video133_final.mp4,Healthy,85,0.044915484162115604,20.0
video133_final.mp4,Healthy,86,0.040313149135787436,20.0
video133_final.mp4,Healthy,87,0.021079771913542322,20.0
video133_final.mp4,Healthy,88,0.01237337790488665,20.0
video133_final.mp4,Healthy,89,0.009982368704815371,20.0
video133_final.mp4,Healthy,90,0.009999609954829887,20.0
video133_final.mp4,Healthy,91,0.009946270934324122,20.0
video133_final.mp4,Healthy,92,0.0066912148939482245,20.0
video133_final.mp4,Healthy,93,0.005993022352891858,20.0
video133_final.mp4,Healthy,94,0.008994866309658324,20.0
video133_final.mp4,Healthy,95,0.004852520185806767,20.0
video133_final.mp4,Healthy,96,0.0068956085437438235,20.0
video133_final.mp4,Healthy,97,0.004414206226317531,20.0
video133_final.mp4,Healthy,98,0.007912811797114245,20.0
video133_final.mp4,Healthy,99,0.007624245183160632,20.0
video133_final.mp4,Healthy,100,0.001961722281009524,20.0
video13_final.mp4,Healthy,1,0.0,20.0
video13_final.mp4,Healthy,2,0.009299643165330837,20.0
video13_final.mp4,Healthy,3,0.008603532774850441,20.0
video13_final.mp4,Healthy,4,0.011756609508201264,20.0
video13_final.mp4,Healthy,5,0.010247171408699038,20.0
video13_final.mp4,Healthy,6,0.00884269079764658,20.0
video13_final.mp4,Healthy,7,0.005133199871378572,20.0
video13_final.mp4,Healthy,8,0.006499027408223216,20.0
video13_final.mp4,Healthy,9,0.002455088578633048,20.0
video13_final.mp4,Healthy,10,0.0033499244501075495,20.0
video13_final.mp4,Healthy,11,0.0008365962506984208,20.0
video13_final.mp4,Healthy,12,0.004965544375462503,20.0
video13_final.mp4,Healthy,13,0.004651585994306117,20.0
video13_final.mp4,Healthy,14,0.0051510605393232396,20.0
video13_final.mp4,Healthy,15,0.006226960201631303,20.0
video13_final.mp4,Healthy,16,0.0160374679562234,20.0
video13_final.mp4,Healthy,17,0.014136760870740308,20.0
video13_final.mp4,Healthy,18,0.017120287913408236,20.0
video13_final.mp4,Healthy,19,0.014876153281037386,20.0
video13_final.mp4,Healthy,20,0.007658546259816374,20.0
video13_final.mp4,Healthy,21,0.0030087783511223718,20.0
video13_final.mp4,Healthy,22,0.0009965861719173,20.0
video13_final.mp4,Healthy,23,0.0015857423371006684,20.0
video13_final.mp4,Healthy,24,0.0036934853958372144,20.0
video13_final.mp4,Healthy,25,0.005641168491881379,20.0
video13_final.mp4,Healthy,26,0.0050421420309500874,20.0
video13_final.mp4,Healthy,27,0.0027973707928663034,20.0
video13_final.mp4,Healthy,28,0.001694777308828116,20.0
video13_final.mp4,Healthy,29,0.0010506021144550061,20.0
video13_final.mp4,Healthy,30,0.002600660488906624,20.0
video13_final.mp4,Healthy,31,0.0013207814093733681,20.0
video13_final.mp4,Healthy,32,0.0175929910425351,20.0
video13_final.mp4,Healthy,33,0.00851371017814523,20.0
video13_final.mp4,Healthy,34,0.006579414956299247,20.0
video13_final.mp4,Healthy,35,0.007224304409410629,20.0
video13_final.mp4,Healthy,36,0.01108109353248373,20.0
video13_final.mp4,Healthy,37,0.01029990218583198,20.0
video13_final.mp4,Healthy,38,0.003327584396800201,20.0
video13_final.mp4,Healthy,39,0.0036414442486892365,20.0
video13_final.mp4,Healthy,40,0.004949805479617833,20.0
video13_final.mp4,Healthy,41,0.004185804438731635,20.0
video13_final.mp4,Healthy,42,0.0062884477914444984,20.0
video13_final.mp4,Healthy,43,0.0030615727012796327,20.0
video13_final.mp4,Healthy,44,0.006733207038297559,20.0
video13_final.mp4,Healthy,45,0.006699382691746929,20.0
video13_final.mp4,Healthy,46,0.004063839986851062,20.0
video13_final.mp4,Healthy,47,0.005112373232992808,20.0
video13_final.mp4,Healthy,48,0.007609869059757727,20.0
video13_final.mp4,Healthy,49,0.002929417274270134,20.0
video13_final.mp4,Healthy,50,0.004075568135546226,20.0
video13_final.mp4,Healthy,51,0.0021442758756194235,20.0
video13_final.mp4,Healthy,52,0.005293748156986855,20.0
video13_final.mp4,Healthy,53,0.0022992873556365286,20.0
video13_final.mp4,Healthy,54,0.004316510848113071,20.0
video13_final.mp4,Healthy,55,0.001734571751829278,20.0
video13_final.mp4,Healthy,56,0.0036138582582221127,20.0
video13_final.mp4,Healthy,57,0.00422031594827353,20.0
video13_final.mp4,Healthy,58,0.004936563880565105,20.0
video13_final.mp4,Healthy,59,0.004514057868464021,20.0
video13_final.mp4,Healthy,60,0.017109626958369612,20.0
video13_final.mp4,Healthy,61,0.008632508229553363,20.0
video13_final.mp4,Healthy,62,0.0029285935043332012,20.0
video13_final.mp4,Healthy,63,0.0034390103771043136,20.0
video13_final.mp4,Healthy,64,0.004875995138182269,20.0
video13_final.mp4,Healthy,65,0.0019066023482897365,20.0
video13_final.mp4,Healthy,66,0.006548238585965677,20.0
video13_final.mp4,Healthy,67,0.009496192175332246,20.0
video13_final.mp4,Healthy,68,0.00796117381367082,20.0
video13_final.mp4,Healthy,69,0.007426308285426226,20.0
video13_final.mp4,Healthy,70,0.006094903750711535,20.0
video13_final.mp4,Healthy,71,0.004602647745568782,20.0
video13_final.mp4,Healthy,72,0.008837492114569821,20.0
video13_final.mp4,Healthy,73,0.009715068615106712,20.0
video13_final.mp4,Healthy,74,0.009671859942762031,20.0
video13_final.mp4,Healthy,75,0.007417705937380536,20.0
video13_final.mp4,Healthy,76,0.00774296764652966,20.0
video13_final.mp4,Healthy,77,0.009922582724983923,20.0
video13_final.mp4,Healthy,78,0.015008987515202146,20.0
video13_final.mp4,Healthy,79,0.005123634309761568,20.0
video13_final.mp4,Healthy,80,0.0019386960114930701,20.0
video13_final.mp4,Healthy,81,0.0027958203562943977,20.0
video13_final.mp4,Healthy,82,0.013134468532904195,20.0
video13_final.mp4,Healthy,83,0.004784380068867728,20.0
video13_final.mp4,Healthy,84,0.007808598094847931,20.0
video13_final.mp4,Healthy,85,0.004014591662209065,20.0
video13_final.mp4,Healthy,86,0.00694760176015395,20.0
video13_final.mp4,Healthy,87,0.004775180240786455,20.0
video13_final.mp4,Healthy,88,0.006332725208181976,20.0
video13_final.mp4,Healthy,89,0.00406046468380239,20.0
video13_final.mp4,Healthy,90,0.006145650714232169,20.0
video13_final.mp4,Healthy,91,0.003614112038849314,20.0
video13_final.mp4,Healthy,92,0.00491198218342165,20.0
video13_final.mp4,Healthy,93,0.009597722403894239,20.0
video13_final.mp4,Healthy,94,0.003955741861651229,20.0
video13_final.mp4,Healthy,95,0.004314710027175554,20.0
video13_final.mp4,Healthy,96,0.008441453716890934,20.0
video13_final.mp4,Healthy,97,0.0015544879605576367,20.0
video13_final.mp4,Healthy,98,0.0064766320701457394,20.0
video13_final.mp4,Healthy,99,0.0025299254836709728,20.0
video13_final.mp4,Healthy,100,0.0035409229553376186,20.0
video146_final.mp4,Healthy,1,0.0,20.0
video146_final.mp4,Healthy,2,0.012085064946686087,20.0
video146_final.mp4,Healthy,3,0.007548147785214005,20.0
video146_final.mp4,Healthy,4,0.009927226472840098,20.0
video146_final.mp4,Healthy,5,0.006868268376748981,20.0
video146_final.mp4,Healthy,6,0.008054063978974246,20.0
video146_final.mp4,Healthy,7,0.005003659409094438,20.0
video146_final.mp4,Healthy,8,0.004371475198771563,20.0
video146_final.mp4,Healthy,9,0.0027011087776821208,20.0
video146_final.mp4,Healthy,10,0.013158271233616162,20.0
video146_final.mp4,Healthy,11,0.004298626517474206,20.0
video146_final.mp4,Healthy,12,0.010705832666185959,20.0
video146_final.mp4,Healthy,13,0.007093366256262071,20.0
video146_final.mp4,Healthy,14,0.003688783926901512,20.0
video146_final.mp4,Healthy,15,0.005402074743549716,20.0
video146_final.mp4,Healthy,16,0.009360515245614714,20.0
video146_final.mp4,Healthy,17,0.00871789192906109,20.0
video146_final.mp4,Healthy,18,0.009742675565285724,20.0
video146_final.mp4,Healthy,19,0.004498544240959642,20.0
video146_final.mp4,Healthy,20,0.006298560036175056,20.0
video146_final.mp4,Healthy,21,0.004400535720152322,20.0
video146_final.mp4,Healthy,22,0.0015715932943824403,20.0
video146_final.mp4,Healthy,23,0.003824714244914401,20.0
video146_final.mp4,Healthy,24,0.005278519092906432,20.0
video146_final.mp4,Healthy,25,0.0025537601950183456,20.0
video146_final.mp4,Healthy,26,0.004055585237217329,20.0
video146_final.mp4,Healthy,27,0.0032701528359653322,20.0
video146_final.mp4,Healthy,28,0.0018434987681511996,20.0
video146_final.mp4,Healthy,29,0.0022446018980718492,20.0
video146_final.mp4,Healthy,30,0.005305399668916655,20.0
video146_final.mp4,Healthy,31,0.004099987153665184,20.0
video146_final.mp4,Healthy,32,0.003479293160626496,20.0
video146_final.mp4,Healthy,33,0.00668519675510585,20.0
video146_final.mp4,Healthy,34,0.002549304990360344,20.0
video146_final.mp4,Healthy,35,0.003508935099214588,20.0
video146_final.mp4,Healthy,36,0.0025414133811616658,20.0
video146_final.mp4,Healthy,37,0.0025433060726295868,20.0
video146_final.mp4,Healthy,38,0.004545226097469101,20.0
video146_final.mp4,Healthy,39,0.006329267621913319,20.0
video146_final.mp4,Healthy,40,0.004583251549680939,20.0
video146_final.mp4,Healthy,41,0.0028160354772284847,20.0
video146_final.mp4,Healthy,42,0.005925096103714312,20.0
video146_final.mp4,Healthy,43,0.0034956728680581328,20.0
video146_final.mp4,Healthy,44,0.002221928591728889,20.0
video146_final.mp4,Healthy,45,0.002875937904690454,20.0
video146_final.mp4,Healthy,46,0.0016085732973786532,20.0
video146_final.mp4,Healthy,47,0.0017457387184522878,20.0
video146_final.mp4,Healthy,48,0.002064457149215069,20.0
video146_final.mp4,Healthy,49,0.004663185291768625,20.0
video146_final.mp4,Healthy,50,0.005306850109640557,20.0
video146_final.mp4,Healthy,51,0.003649656603931962,20.0
video146_final.mp4,Healthy,52,0.00317044395850034,20.0
video146_final.mp4,Healthy,53,0.001960103347902521,20.0
video146_final.mp4,Healthy,54,0.0016708692478980224,20.0
video146_final.mp4,Healthy,55,0.0046932005854316994,20.0
video146_final.mp4,Healthy,56,0.005737345903199463,20.0
video146_final.mp4,Healthy,57,0.0025993512756721207,20.0
video146_final.mp4,Healthy,58,0.010727841460702735,20.0
video146_final.mp4,Healthy,59,0.01593520190861756,20.0
video146_final.mp4,Healthy,60,0.040969771364114616,20.0
video146_final.mp4,Healthy,61,0.04521867178895197,20.0
video146_final.mp4,Healthy,62,0.049417250643133945,20.0
video146_final.mp4,Healthy,63,0.02909256064400108,20.0
video146_final.mp4,Healthy,64,0.02273741627496335,20.0
video146_final.mp4,Healthy,65,0.005271530997127972,20.0
video146_final.mp4,Healthy,66,0.0034920094790023095,20.0
video146_final.mp4,Healthy,67,0.009653838815804458,20.0
video146_final.mp4,Healthy,68,0.0027192045827006154,20.0
video146_final.mp4,Healthy,69,0.004651632670697347,20.0
video146_final.mp4,Healthy,70,0.007553792109722342,20.0
video146_final.mp4,Healthy,71,0.009114042895528255,20.0
video146_final.mp4,Healthy,72,0.00604775945033605,20.0
video146_final.mp4,Healthy,73,0.0051209925271482794,20.0
video146_final.mp4,Healthy,74,0.0032910803959801576,20.0
video146_final.mp4,Healthy,75,0.0052105687437809045,20.0
video146_final.mp4,Healthy,76,0.010173526059212023,20.0
video146_final.mp4,Healthy,77,0.003970791151289307,20.0
video146_final.mp4,Healthy,78,0.006070385707134353,20.0
video146_final.mp4,Healthy,79,0.0047186746825536325,20.0
video146_final.mp4,Healthy,80,0.0026726342569793385,20.0
video146_final.mp4,Healthy,81,0.006310428359550625,20.0
video146_final.mp4,Healthy,82,0.004694651634708702,20.0
video146_final.mp4,Healthy,83,0.0023885067172289753,20.0
video146_final.mp4,Healthy,84,0.0025736347441554512,20.0
video146_final.mp4,Healthy,85,0.0035156631558881553,20.0
video146_final.mp4,Healthy,86,0.0018592063951993285,20.0
video146_final.mp4,Healthy,87,0.0073910012488658475,20.0
video146_final.mp4,Healthy,88,0.017676517165508738,20.0
video146_final.mp4,Healthy,89,0.015808655059899496,20.0
video146_final.mp4,Healthy,90,0.01702968636222358,20.0
video146_final.mp4,Healthy,91,0.010672743924933545,20.0
video146_final.mp4,Healthy,92,0.012652335629179523,20.0
video146_final.mp4,Healthy,93,0.006048154894101431,20.0
video146_final.mp4,Healthy,94,0.008086855900124878,20.0
video146_final.mp4,Healthy,95,0.002868783091410929,20.0
video146_final.mp4,Healthy,96,0.007080571093810313,20.0
video146_final.mp4,Healthy,97,0.008379879703222416,20.0
video146_final.mp4,Healthy,98,0.004477720881686761,20.0
video146_final.mp4,Healthy,99,0.004052385273492597,20.0
video146_final.mp4,Healthy,100,0.004165589601703377,20.0
video148_final.mp4,Healthy,1,0.0,20.0
video148_final.mp4,Healthy,2,0.013494849931645797,20.0
video148_final.mp4,Healthy,3,0.01401668874255706,20.0
video148_final.mp4,Healthy,4,0.011815846577877823,20.0
video148_final.mp4,Healthy,5,0.01351759835117378,20.0
video148_final.mp4,Healthy,6,0.023111547253648636,20.0
video148_final.mp4,Healthy,7,0.0193939926309934,20.0
video148_final.mp4,Healthy,8,0.0090278432365148,20.0
video148_final.mp4,Healthy,9,0.0036338372490224333,20.0
video148_final.mp4,Healthy,10,0.013849151609594245,20.0
video148_final.mp4,Healthy,11,0.03570621312955201,20.0
video148_final.mp4,Healthy,12,0.021967521261737212,20.0
video148_final.mp4,Healthy,13,0.009820239729218503,20.0
video148_final.mp4,Healthy,14,0.00887986107487711,20.0
video148_final.mp4,Healthy,15,0.027136994782270052,20.0
video148_final.mp4,Healthy,16,0.0213324920154231,20.0
video148_final.mp4,Healthy,17,0.010507856183720299,20.0
video148_final.mp4,Healthy,18,0.026593333574961103,20.0
video148_final.mp4,Healthy,19,0.03536622739368575,20.0
video148_final.mp4,Healthy,20,0.018085182484453864,20.0
video148_final.mp4,Healthy,21,0.014364534891473222,20.0
video148_final.mp4,Healthy,22,0.011508861099719719,20.0
video148_final.mp4,Healthy,23,0.00822319722807785,20.0
video148_final.mp4,Healthy,24,0.004752544571315857,20.0
video148_final.mp4,Healthy,25,0.0033632898659048892,20.0
video148_final.mp4,Healthy,26,0.00466271355796441,20.0
video148_final.mp4,Healthy,27,0.004027703448326296,20.0
video148_final.mp4,Healthy,28,0.0024367169512273436,20.0
video148_final.mp4,Healthy,29,0.005319347557771243,20.0
video148_final.mp4,Healthy,30,0.004659107667491245,20.0
video148_final.mp4,Healthy,31,0.020763524090909584,20.0
video148_final.mp4,Healthy,32,0.026074528759340465,20.0
video148_final.mp4,Healthy,33,0.030420948686984743,20.0
video148_final.mp4,Healthy,34,0.03556981862066229,20.0
video148_final.mp4,Healthy,35,0.048822372463055735,20.0
video148_final.mp4,Healthy,36,0.03532075522971305,20.0
video148_final.mp4,Healthy,37,0.031239707301135723,20.0
video148_final.mp4,Healthy,38,0.02452558345367481,20.0
video148_final.mp4,Healthy,39,0.04259896062944716,20.0
video148_final.mp4,Healthy,40,0.03231412343077392,20.0
video148_final.mp4,Healthy,41,0.02625253407656163,20.0
video148_final.mp4,Healthy,42,0.016057092924625517,20.0
video148_final.mp4,Healthy,43,0.009321869536554802,20.0
video148_final.mp4,Healthy,44,0.0055929141096883305,20.0
video148_final.mp4,Healthy,45,0.009311800176438581,20.0
video148_final.mp4,Healthy,46,0.0127974179674056,20.0
video148_final.mp4,Healthy,47,0.023465326386768733,20.0
video148_final.mp4,Healthy,48,0.014163190893736416,20.0
video148_final.mp4,Healthy,49,0.016792259172393728,20.0
video148_final.mp4,Healthy,50,0.012925409746280753,20.0
video148_final.mp4,Healthy,51,0.013043777778541219,20.0
video148_final.mp4,Healthy,52,0.00955730946546279,20.0
video148_final.mp4,Healthy,53,0.00814400747296198,20.0
video148_final.mp4,Healthy,54,0.011103007783657807,20.0
video148_final.mp4,Healthy,55,0.006333049549256488,20.0
video148_final.mp4,Healthy,56,0.003895619524351717,20.0
video148_final.mp4,Healthy,57,0.00864528420258607,20.0
video148_final.mp4,Healthy,58,0.0037484675138832768,20.0
video148_final.mp4,Healthy,59,0.011770990009098143,20.0
video148_final.mp4,Healthy,60,0.008491856781902656,20.0
video148_final.mp4,Healthy,61,0.01402601967747551,20.0
video148_final.mp4,Healthy,62,0.01667642704255839,20.0
video148_final.mp4,Healthy,63,0.020571444407236347,20.0
video148_final.mp4,Healthy,64,0.015691492664612592,20.0
video148_final.mp4,Healthy,65,0.00946832099682006,20.0
video148_final.mp4,Healthy,66,0.009086400382098084,20.0
video148_final.mp4,Healthy,67,0.017093481965063707,20.0
video148_final.mp4,Healthy,68,0.014475428730661915,20.0
video148_final.mp4,Healthy,69,0.010414156893626106,20.0
video148_final.mp4,Healthy,70,0.012399851987311162,20.0
video148_final.mp4,Healthy,71,0.021616116373831363,20.0
video148_final.mp4,Healthy,72,0.018048458167827956,20.0
video148_final.mp4,Healthy,73,0.02422004053982069,20.0
video148_final.mp4,Healthy,74,0.027437572712314708,20.0
video148_final.mp4,Healthy,75,0.027055363941175053,20.0
video148_final.mp4,Healthy,76,0.019507885289845615,20.0
video148_final.mp4,Healthy,77,0.015455692644041893,20.0
video148_final.mp4,Healthy,78,0.006799244948835515,20.0
video148_final.mp4,Healthy,79,0.0028150401106445634,20.0
video148_final.mp4,Healthy,80,0.004511750105097511,20.0
video148_final.mp4,Healthy,81,0.00924954617198271,20.0
video148_final.mp4,Healthy,82,0.011184711464646257,20.0
video148_final.mp4,Healthy,83,0.013415005780903475,20.0
video148_final.mp4,Healthy,84,0.005314464199051694,20.0
video148_final.mp4,Healthy,85,0.0077879866269180646,20.0
video148_final.mp4,Healthy,86,0.006715586234041509,20.0
video148_final.mp4,Healthy,87,0.01761728223677887,20.0
video148_final.mp4,Healthy,88,0.013476920760434306,20.0
video148_final.mp4,Healthy,89,0.006531345164840223,20.0
video148_final.mp4,Healthy,90,0.008773652688882357,20.0
video148_final.mp4,Healthy,91,0.017617247164930107,20.0
video148_final.mp4,Healthy,92,0.009219216978410365,20.0
video148_final.mp4,Healthy,93,0.008704066204981278,20.0
video148_final.mp4,Healthy,94,0.007746383146620922,20.0
video148_final.mp4,Healthy,95,0.006385752576860434,20.0
video148_final.mp4,Healthy,96,0.005186899613797051,20.0
video148_final.mp4,Healthy,97,0.008537679690792244,20.0
video148_final.mp4,Healthy,98,0.0034537588325270195,20.0
video148_final.mp4,Healthy,99,0.004984987323513055,20.0
video148_final.mp4,Healthy,100,0.007315181236541327,20.0
video184_final.mp4,Healthy,1,0.0,20.0
video184_final.mp4,Healthy,2,0.014811018249114415,20.0
video184_final.mp4,Healthy,3,0.02145601771303591,20.0
video184_final.mp4,Healthy,4,0.02532477630420642,20.0
video184_final.mp4,Healthy,5,0.005703352438480051,20.0
video184_final.mp4,Healthy,6,0.012968388043619822,20.0
video184_final.mp4,Healthy,7,0.0067197105349286095,20.0
video184_final.mp4,Healthy,8,0.013743819266454325,20.0
video184_final.mp4,Healthy,9,0.009852668525516289,20.0
video184_final.mp4,Healthy,10,0.01526779747509599,20.0
video184_final.mp4,Healthy,11,0.011285087207794722,20.0
video184_final.mp4,Healthy,12,0.008776149288350786,20.0
video184_final.mp4,Healthy,13,0.006054179293182314,20.0
video184_final.mp4,Healthy,14,0.004534838658712584,20.0
video184_final.mp4,Healthy,15,0.0024762189787380733,20.0
video184_final.mp4,Healthy,16,0.01471829751633201,20.0
video184_final.mp4,Healthy,17,0.015747112253564573,20.0
video184_final.mp4,Healthy,18,0.013224041343543247,20.0
video184_final.mp4,Healthy,19,0.006323970196382926,20.0
video184_final.mp4,Healthy,20,0.009395423426526661,20.0
video184_final.mp4,Healthy,21,0.005520731213097074,20.0
video184_final.mp4,Healthy,22,0.007018100715885335,20.0
video184_final.mp4,Healthy,23,0.011902955815162389,20.0
video184_final.mp4,Healthy,24,0.02425271075084138,20.0
video184_final.mp4,Healthy,25,0.00440860402843158,20.0
video184_final.mp4,Healthy,26,0.038614754515656116,20.0
video184_final.mp4,Healthy,27,0.022968468836338015,20.0
video184_final.mp4,Healthy,28,0.006421014521002133,20.0
video184_final.mp4,Healthy,29,0.004381958048991922,20.0
video184_final.mp4,Healthy,30,0.01277107488575425,20.0
video184_final.mp4,Healthy,31,0.019636504348223834,20.0
video184_final.mp4,Healthy,32,0.01592690005208509,20.0
video184_final.mp4,Healthy,33,0.016474814536936257,20.0
video184_final.mp4,Healthy,34,0.02621293936750383,20.0
video184_final.mp4,Healthy,35,0.01757208964712323,20.0
video184_final.mp4,Healthy,36,0.007388763017028168,20.0
video184_final.mp4,Healthy,37,0.006575253660994698,20.0
video184_final.mp4,Healthy,38,0.021156569278283736,20.0
video184_final.mp4,Healthy,39,0.011609382955092753,20.0
video184_final.mp4,Healthy,40,0.0192366970285988,20.0
video184_final.mp4,Healthy,41,0.0045972100527763,20.0
video184_final.mp4,Healthy,42,0.016620461524564787,20.0
video184_final.mp4,Healthy,43,0.006666769679771619,20.0
video184_final.mp4,Healthy,44,0.0074917292235800155,20.0
video184_final.mp4,Healthy,45,0.01858731263634601,20.0
video184_final.mp4,Healthy,46,0.023482552708716742,20.0
video184_final.mp4,Healthy,47,0.008980793888139767,20.0
video184_final.mp4,Healthy,48,0.01839895283504095,20.0
video184_final.mp4,Healthy,49,0.019736528586400834,20.0
video184_final.mp4,Healthy,50,0.027011778170517923,20.0
video184_final.mp4,Healthy,51,0.010502508849830356,20.0
video184_final.mp4,Healthy,52,0.0026893229963686196,20.0
video184_final.mp4,Healthy,53,0.0013517684662094963,20.0
video184_final.mp4,Healthy,54,0.005322258930822346,20.0
video184_final.mp4,Healthy,55,0.008432082384907596,20.0
video184_final.mp4,Healthy,56,0.008930309880529293,20.0
video184_final.mp4,Healthy,57,0.010235469445009188,20.0
video184_final.mp4,Healthy,58,0.011710006792431569,20.0
video184_final.mp4,Healthy,59,0.0054848526376761126,20.0
video184_final.mp4,Healthy,60,0.019041413720629712,20.0
video184_final.mp4,Healthy,61,0.014767976558272966,20.0
video184_final.mp4,Healthy,62,0.026268340258418132,20.0
video184_final.mp4,Healthy,63,0.00644038928513128,20.0
video184_final.mp4,Healthy,64,0.04398070403069616,20.0
video184_final.mp4,Healthy,65,0.030806027425294327,20.0
video184_final.mp4,Healthy,66,0.016819619757571194,20.0
video184_final.mp4,Healthy,67,0.030287421779835393,20.0
video184_final.mp4,Healthy,68,0.01682507579253443,20.0
video184_final.mp4,Healthy,69,0.012898865766003846,20.0
video184_final.mp4,Healthy,70,0.022180219272937337,20.0
video184_final.mp4,Healthy,71,0.01566887969427029,20.0
video184_final.mp4,Healthy,72,0.008526024469684554,20.0
video184_final.mp4,Healthy,73,0.004692264616629203,20.0
video184_final.mp4,Healthy,74,0.009348045146246684,20.0
video184_final.mp4,Healthy,75,0.006607810291260566,20.0
video184_final.mp4,Healthy,76,0.006939960022571707,20.0
video184_final.mp4,Healthy,77,0.004177992459096187,20.0
video184_final.mp4,Healthy,78,0.007856806258795417,20.0
video184_final.mp4,Healthy,79,0.008042487351144212,20.0
video184_final.mp4,Healthy,80,0.010418231312442506,20.0
video184_final.mp4,Healthy,81,0.006451380864756842,20.0
video184_final.mp4,Healthy,82,0.007514225601058776,20.0
video184_final.mp4,Healthy,83,0.005336040508245995,20.0
video184_final.mp4,Healthy,84,0.003296103411115951,20.0
video184_final.mp4,Healthy,85,0.0013242249199541872,20.0
video184_final.mp4,Healthy,86,0.007611940707816619,20.0
video184_final.mp4,Healthy,87,0.007904950916565782,20.0
video184_final.mp4,Healthy,88,0.010942748859482144,20.0
video184_final.mp4,Healthy,89,0.009929719935568676,20.0
video184_final.mp4,Healthy,90,0.004488145194110793,20.0
video184_final.mp4,Healthy,91,0.006709143363531741,20.0
video184_final.mp4,Healthy,92,0.00719035275324215,20.0
video184_final.mp4,Healthy,93,0.004469414649485198,20.0
video184_final.mp4,Healthy,94,0.0035166671890277646,20.0
video184_final.mp4,Healthy,95,0.002392809010420119,20.0
video184_final.mp4,Healthy,96,0.006958871131610433,20.0
video184_final.mp4,Healthy,97,0.004610449182954177,20.0
video184_final.mp4,Healthy,98,0.005784565040057348,20.0
video184_final.mp4,Healthy,99,0.0017926216612558425,20.0
video184_final.mp4,Healthy,100,0.005724824343939756,20.0
video185_final.mp4,Healthy,1,0.0,20.0
video185_final.mp4,Healthy,2,0.006389994713341318,20.0
video185_final.mp4,Healthy,3,0.005570130418441429,20.0
video185_final.mp4,Healthy,4,0.006671375538409241,20.0
video185_final.mp4,Healthy,5,0.005952230692314585,20.0
video185_final.mp4,Healthy,6,0.00590973108241113,20.0
video185_final.mp4,Healthy,7,0.008749160977937464,20.0
video185_final.mp4,Healthy,8,0.0071699253515331764,20.0
video185_final.mp4,Healthy,9,0.00466415396457791,20.0
video185_final.mp4,Healthy,10,0.012948498484694735,20.0
video185_final.mp4,Healthy,11,0.006104114450244099,20.0
video185_final.mp4,Healthy,12,0.009377101362002087,20.0
video185_final.mp4,Healthy,13,0.005587217194741921,20.0
video185_final.mp4,Healthy,14,0.007199138140609891,20.0
video185_final.mp4,Healthy,15,0.004564908859506905,20.0
video185_final.mp4,Healthy,16,0.009227876050033884,20.0
video185_final.mp4,Healthy,17,0.018728318368457494,20.0
video185_final.mp4,Healthy,18,0.04223988667286989,20.0
video185_final.mp4,Healthy,19,0.035872430088478256,20.0
video185_final.mp4,Healthy,20,0.03579984314834801,20.0
video185_final.mp4,Healthy,21,0.028367629422836042,20.0
video185_final.mp4,Healthy,22,0.03341535370057214,20.0
video185_final.mp4,Healthy,23,0.02501771001967231,20.0
video185_final.mp4,Healthy,24,0.03821058720258729,20.0
video185_final.mp4,Healthy,25,0.01959485122358505,20.0
video185_final.mp4,Healthy,26,0.01332561010546821,20.0
video185_final.mp4,Healthy,27,0.007965655591681251,20.0
video185_final.mp4,Healthy,28,0.009288481169438246,20.0
video185_final.mp4,Healthy,29,0.002189429951375358,20.0
video185_final.mp4,Healthy,30,0.0036590772061838037,20.0
video185_final.mp4,Healthy,31,0.0054921966135960554,20.0
video185_final.mp4,Healthy,32,0.008579202648715655,20.0
video185_final.mp4,Healthy,33,0.003650829321356428,20.0
video185_final.mp4,Healthy,34,0.0022926790936892124,20.0
video185_final.mp4,Healthy,35,0.0021143028776514352,20.0
video185_final.mp4,Healthy,36,0.0035330840409607146,20.0
video185_final.mp4,Healthy,37,0.0019593798309096725,20.0
video185_final.mp4,Healthy,38,0.002570621796922894,20.0
video185_final.mp4,Healthy,39,0.005950237564078765,20.0
video185_final.mp4,Healthy,40,0.012766457355311992,20.0
video185_final.mp4,Healthy,41,0.011255158874463852,20.0
video185_final.mp4,Healthy,42,0.012415602541948475,20.0
video185_final.mp4,Healthy,43,0.008761596988094804,20.0
video185_final.mp4,Healthy,44,0.003802176028255528,20.0
video185_final.mp4,Healthy,45,0.002169289302132009,20.0
video185_final.mp4,Healthy,46,0.010690629907798942,20.0
video185_final.mp4,Healthy,47,0.008113616357530313,20.0
video185_final.mp4,Healthy,48,0.013555140234631741,20.0
video185_final.mp4,Healthy,49,0.008937167970272065,20.0
video185_final.mp4,Healthy,50,0.019609680585844783,20.0
video185_final.mp4,Healthy,51,0.007085642577216056,20.0
video185_final.mp4,Healthy,52,0.005118753412698326,20.0
video185_final.mp4,Healthy,53,0.004261800606765631,20.0
video185_final.mp4,Healthy,54,0.011917706062978439,20.0
video185_final.mp4,Healthy,55,0.014874990845214982,20.0
video185_final.mp4,Healthy,56,0.0075584688313202865,20.0
video185_final.mp4,Healthy,57,0.005872629149138013,20.0
video185_final.mp4,Healthy,58,0.005998325208156438,20.0
video185_final.mp4,Healthy,59,0.0043328813363582306,20.0
video185_final.mp4,Healthy,60,0.007128434580294618,20.0
video185_final.mp4,Healthy,61,0.005087329944968497,20.0
video185_final.mp4,Healthy,62,0.012121997169080776,20.0
video185_final.mp4,Healthy,63,0.0071805957789411925,20.0
video185_final.mp4,Healthy,64,0.01297041497666102,20.0
video185_final.mp4,Healthy,65,0.01059625960311015,20.0
video185_final.mp4,Healthy,66,0.018717307218664003,20.0
video185_final.mp4,Healthy,67,0.017091594530833424,20.0
video185_final.mp4,Healthy,68,0.025126760883997554,20.0
video185_final.mp4,Healthy,69,0.017678669545712393,20.0
video185_final.mp4,Healthy,70,0.016406813037556863,20.0
video185_final.mp4,Healthy,71,0.009561006355401108,20.0
video185_final.mp4,Healthy,72,0.017908392120921122,20.0
video185_final.mp4,Healthy,73,0.00893064049696576,20.0
video185_final.mp4,Healthy,74,0.01188046191341806,20.0
video185_final.mp4,Healthy,75,0.011903551244415668,20.0
video185_final.mp4,Healthy,76,0.007113744935705486,20.0
video185_final.mp4,Healthy,77,0.0074041208059481695,20.0
video185_final.mp4,Healthy,78,0.019182792541728645,20.0
video185_final.mp4,Healthy,79,0.010337490375175748,20.0
video185_final.mp4,Healthy,80,0.02661290701259229,20.0
video185_final.mp4,Healthy,81,0.018470923931697324,20.0
video185_final.mp4,Healthy,82,0.010475062356545547,20.0
video185_final.mp4,Healthy,83,0.012683007821926804,20.0
video185_final.mp4,Healthy,84,0.005436554336028901,20.0
video185_final.mp4,Healthy,85,0.00969120810286227,20.0
video185_final.mp4,Healthy,86,0.009623078393734046,20.0
video185_final.mp4,Healthy,87,0.005597099193404434,20.0
video185_final.mp4,Healthy,88,0.0069268110416318834,20.0
video185_final.mp4,Healthy,89,0.006148867316037017,20.0
video185_final.mp4,Healthy,90,0.009846513940545564,20.0
video185_final.mp4,Healthy,91,0.01000856406976987,20.0
video185_final.mp4,Healthy,92,0.011662849529753019,20.0
video185_final.mp4,Healthy,93,0.007086552074466251,20.0
video185_final.mp4,Healthy,94,0.00839063144360701,20.0
video185_final.mp4,Healthy,95,0.007573216124904411,20.0
video185_final.mp4,Healthy,96,0.01860378397659338,20.0
video185_final.mp4,Healthy,97,0.011214985895774304,20.0
video185_final.mp4,Healthy,98,0.004078432505855763,20.0
video185_final.mp4,Healthy,99,0.0026030498376917515,20.0
video185_final.mp4,Healthy,100,0.012529030637996524,20.0
video190_final.mp4,Healthy,1,0.0,20.0
video190_final.mp4,Healthy,2,0.021732523409023673,20.0
video190_final.mp4,Healthy,3,0.04185849731564693,20.0
video190_final.mp4,Healthy,4,0.0732086176496423,20.0
video190_final.mp4,Healthy,5,0.04898732689044647,20.0
video190_final.mp4,Healthy,6,0.03554040392385942,20.0
video190_final.mp4,Healthy,7,0.020747717527087914,20.0
video190_final.mp4,Healthy,8,0.013266704219715106,20.0
video190_final.mp4,Healthy,9,0.005535740923794324,20.0
video190_final.mp4,Healthy,10,0.011372877221106312,20.0
video190_final.mp4,Healthy,11,0.02104941439987981,20.0
video190_final.mp4,Healthy,12,0.025490645408657024,20.0
video190_final.mp4,Healthy,13,0.02364029401303895,20.0
video190_final.mp4,Healthy,14,0.015092626960864287,20.0
video190_final.mp4,Healthy,15,0.013506625731010427,20.0
video190_final.mp4,Healthy,16,0.01250403694601597,20.0
video190_final.mp4,Healthy,17,0.00684482567571697,20.0
video190_final.mp4,Healthy,18,0.0037619092788049764,20.0
video190_final.mp4,Healthy,19,0.010498152102740976,20.0
video190_final.mp4,Healthy,20,0.00888451270649978,20.0
video190_final.mp4,Healthy,21,0.004623403283101334,20.0
video190_final.mp4,Healthy,22,0.0022591350452261286,20.0
video190_final.mp4,Healthy,23,0.0018023656593683806,20.0
video190_final.mp4,Healthy,24,0.00303426074039464,20.0
video190_final.mp4,Healthy,25,0.0024129487909585697,20.0
video190_final.mp4,Healthy,26,0.002726007026020082,20.0
video190_final.mp4,Healthy,27,0.005237929911298111,20.0
video190_final.mp4,Healthy,28,0.0019072145237588284,20.0
video190_final.mp4,Healthy,29,0.007016516321354889,20.0
video190_final.mp4,Healthy,30,0.009642194209858807,20.0
video190_final.mp4,Healthy,31,0.0057041567509773,20.0
video190_final.mp4,Healthy,32,0.004719216371624806,20.0
video190_final.mp4,Healthy,33,0.02634076365377287,20.0
video190_final.mp4,Healthy,34,0.0719774219035095,20.0
video190_final.mp4,Healthy,35,0.04962377389890795,20.0
video190_final.mp4,Healthy,36,0.05076911968023633,20.0
video190_final.mp4,Healthy,37,0.03887034406191349,20.0
video190_final.mp4,Healthy,38,0.0215631658666791,20.0
video190_final.mp4,Healthy,39,0.01384375455664046,20.0
video190_final.mp4,Healthy,40,0.008192274556396026,20.0
video190_final.mp4,Healthy,41,0.00765058459518767,20.0
video190_final.mp4,Healthy,42,0.018056250987414396,20.0
video190_final.mp4,Healthy,43,0.017692403786654914,20.0
video190_final.mp4,Healthy,44,0.02174939443468495,20.0
video190_final.mp4,Healthy,45,0.014153854438872817,20.0
video190_final.mp4,Healthy,46,0.02736247491679028,20.0
video190_final.mp4,Healthy,47,0.011278066313995406,20.0
video190_final.mp4,Healthy,48,0.011852577700701963,20.0
video190_final.mp4,Healthy,49,0.011272736020295845,20.0
video190_final.mp4,Healthy,50,0.004879775125321976,20.0
video190_final.mp4,Healthy,51,0.015962715741062,20.0
video190_final.mp4,Healthy,52,0.016618764442976545,20.0
video190_final.mp4,Healthy,53,0.009963815529772825,20.0
video190_final.mp4,Healthy,54,0.006258919742096335,20.0
video190_final.mp4,Healthy,55,0.0026891324591541066,20.0
video190_final.mp4,Healthy,56,0.012506730569416447,20.0
video190_final.mp4,Healthy,57,0.021108507282640604,20.0
video190_final.mp4,Healthy,58,0.022930334138288433,20.0
video190_final.mp4,Healthy,59,0.05469937930441345,20.0
video190_final.mp4,Healthy,60,0.046418795444017794,20.0
video190_final.mp4,Healthy,61,0.023451419273614937,20.0
video190_final.mp4,Healthy,62,0.006751361249541406,20.0
video190_final.mp4,Healthy,63,0.019211049886849567,20.0
video190_final.mp4,Healthy,64,0.017444551082253713,20.0
video190_final.mp4,Healthy,65,0.011243568549367653,20.0
video190_final.mp4,Healthy,66,0.011354628963261882,20.0
video190_final.mp4,Healthy,67,0.0073392339835659905,20.0
video190_final.mp4,Healthy,68,0.01570771704471873,20.0
video190_final.mp4,Healthy,69,0.011609411862176023,20.0
video190_final.mp4,Healthy,70,0.007802459052933851,20.0
video190_final.mp4,Healthy,71,0.008297970849476078,20.0
video190_final.mp4,Healthy,72,0.009035105086885622,20.0
video190_final.mp4,Healthy,73,0.006169534641479937,20.0
video190_final.mp4,Healthy,74,0.019848293904546167,20.0
video190_final.mp4,Healthy,75,0.012423323108139388,20.0
video190_final.mp4,Healthy,76,0.013320392117142147,20.0
video190_final.mp4,Healthy,77,0.03374646410048916,20.0
video190_final.mp4,Healthy,78,0.01814944691123429,20.0
video190_final.mp4,Healthy,79,0.019654191822553017,20.0
video190_final.mp4,Healthy,80,0.009411241400541259,20.0
video190_final.mp4,Healthy,81,0.015498929853734666,20.0
video190_final.mp4,Healthy,82,0.02146849918370164,20.0
video190_final.mp4,Healthy,83,0.03344005523786957,20.0
video190_final.mp4,Healthy,84,0.053519731856277605,20.0
video190_final.mp4,Healthy,85,0.015235525733044115,20.0
video190_final.mp4,Healthy,86,0.008821869340609526,20.0
video190_final.mp4,Healthy,87,0.011854760162127415,20.0
video190_final.mp4,Healthy,88,0.004723409108683784,20.0
video190_final.mp4,Healthy,89,0.0068953188408209815,20.0
video190_final.mp4,Healthy,90,0.0038534627444637114,20.0
video190_final.mp4,Healthy,91,0.005141475921083667,20.0
video190_final.mp4,Healthy,92,0.006011242111864972,20.0
video190_final.mp4,Healthy,93,0.02028231918818071,20.0
video190_final.mp4,Healthy,94,0.0061265857195575675,20.0
video190_final.mp4,Healthy,95,0.013869709437385266,20.0
video190_final.mp4,Healthy,96,0.017350784774175107,20.0
video190_final.mp4,Healthy,97,0.004079208292672515,20.0
video190_final.mp4,Healthy,98,0.004124102974496646,20.0
video190_final.mp4,Healthy,99,0.004145099938314032,20.0
video190_final.mp4,Healthy,100,0.009179893680742266,20.0
video191_final.mp4,Healthy,1,0.0,20.0
video191_final.mp4,Healthy,2,0.004541862979124665,20.0
video191_final.mp4,Healthy,3,0.005429459774119552,20.0
video191_final.mp4,Healthy,4,0.01605676692389403,20.0
video191_final.mp4,Healthy,5,0.01752262628797477,20.0
video191_final.mp4,Healthy,6,0.01785862482733514,20.0
video191_final.mp4,Healthy,7,0.01362305962553893,20.0
video191_final.mp4,Healthy,8,0.0090181344913691,20.0
video191_final.mp4,Healthy,9,0.010429479083988587,20.0
video191_final.mp4,Healthy,10,0.010974941598461484,20.0
video191_final.mp4,Healthy,11,0.012452847907799684,20.0
video191_final.mp4,Healthy,12,0.01114595303528879,20.0
video191_final.mp4,Healthy,13,0.014166786909577936,20.0
video191_final.mp4,Healthy,14,0.013029670588260087,20.0
video191_final.mp4,Healthy,15,0.013701858987265898,20.0
video191_final.mp4,Healthy,16,0.013421690104796649,20.0
video191_final.mp4,Healthy,17,0.010084112927848648,20.0
video191_final.mp4,Healthy,18,0.006857270355467983,20.0
video191_final.mp4,Healthy,19,0.008321451005721181,20.0
video191_final.mp4,Healthy,20,0.0027134158947052615,20.0
video191_final.mp4,Healthy,21,0.002284250331404457,20.0
video191_final.mp4,Healthy,22,0.00833302994976005,20.0
video191_final.mp4,Healthy,23,0.004457019209676805,20.0
video191_final.mp4,Healthy,24,0.006988366367048599,20.0
video191_final.mp4,Healthy,25,0.01288571789935551,20.0
video191_final.mp4,Healthy,26,0.004695639109084473,20.0
video191_final.mp4,Healthy,27,0.005832806031736186,20.0
video191_final.mp4,Healthy,28,0.0029113130709866753,20.0
video191_final.mp4,Healthy,29,0.003952353922273422,20.0
video191_final.mp4,Healthy,30,0.005428397692192763,20.0
video191_final.mp4,Healthy,31,0.0026899499906187186,20.0
video191_final.mp4,Healthy,32,0.007896439004955964,20.0
video191_final.mp4,Healthy,33,0.0058543188878556855,20.0
video191_final.mp4,Healthy,34,0.008632319100727849,20.0
video191_final.mp4,Healthy,35,0.009471573321287126,20.0
video191_final.mp4,Healthy,36,0.0014242897683837336,20.0
video191_final.mp4,Healthy,37,0.004814256708618081,20.0
video191_final.mp4,Healthy,38,0.006904645855366175,20.0
video191_final.mp4,Healthy,39,0.0033019549907423343,20.0
video191_final.mp4,Healthy,40,0.003164112473891008,20.0
video191_final.mp4,Healthy,41,0.003516867398054265,20.0
video191_final.mp4,Healthy,42,0.001967306578360126,20.0
video191_final.mp4,Healthy,43,0.002878586335055141,20.0
video191_final.mp4,Healthy,44,0.005063342700304229,20.0
video191_final.mp4,Healthy,45,0.003234056854425,20.0
video191_final.mp4,Healthy,46,0.004461644250443231,20.0
video191_final.mp4,Healthy,47,0.0038473792705606066,20.0
video191_final.mp4,Healthy,48,0.0034840947789020046,20.0
video191_final.mp4,Healthy,49,0.0056399836478343525,20.0
video191_final.mp4,Healthy,50,0.005015439220285717,20.0
video191_final.mp4,Healthy,51,0.006185961838894364,20.0
video191_final.mp4,Healthy,52,0.002100856975735905,20.0
video191_final.mp4,Healthy,53,0.002526498272980857,20.0
video191_final.mp4,Healthy,54,0.008447817560657215,20.0
video191_final.mp4,Healthy,55,0.004890590679403418,20.0
video191_final.mp4,Healthy,56,0.005693705060759407,20.0
video191_final.mp4,Healthy,57,0.004806220196542953,20.0
video191_final.mp4,Healthy,58,0.0027904785727737537,20.0
video191_final.mp4,Healthy,59,0.003808215569873322,20.0
video191_final.mp4,Healthy,60,0.0034845692232069615,20.0
video191_final.mp4,Healthy,61,0.0036452172584803978,20.0
video191_final.mp4,Healthy,62,0.0009615271094078402,20.0
video191_final.mp4,Healthy,63,0.00804450138739289,20.0
video191_final.mp4,Healthy,64,0.004834863753756167,20.0
video191_final.mp4,Healthy,65,0.003308862360657476,20.0
video191_final.mp4,Healthy,66,0.001833998254537753,20.0
video191_final.mp4,Healthy,67,0.0017572164523431619,20.0
video191_final.mp4,Healthy,68,0.003776772764066871,20.0
video191_final.mp4,Healthy,69,0.0055330577297333945,20.0
video191_final.mp4,Healthy,70,0.0056996023905989575,20.0
video191_final.mp4,Healthy,71,0.004310130769601701,20.0
video191_final.mp4,Healthy,72,0.0095797536328,20.0
video191_final.mp4,Healthy,73,0.006586305720368135,20.0
video191_final.mp4,Healthy,74,0.004649600998868322,20.0
video191_final.mp4,Healthy,75,0.0022777464276985083,20.0
video191_final.mp4,Healthy,76,0.0033870032852243224,20.0
video191_final.mp4,Healthy,77,0.003651466614693472,20.0
video191_final.mp4,Healthy,78,0.006198927459833627,20.0
video191_final.mp4,Healthy,79,0.019147182464512698,20.0
video191_final.mp4,Healthy,80,0.007395229273427815,20.0
video191_final.mp4,Healthy,81,0.004782205641408732,20.0
video191_final.mp4,Healthy,82,0.0035470252269631268,20.0
video191_final.mp4,Healthy,83,0.012218275508455369,20.0
video191_final.mp4,Healthy,84,0.013140556729457692,20.0
video191_final.mp4,Healthy,85,0.008472334142264039,20.0
video191_final.mp4,Healthy,86,0.01319403049085564,20.0
video191_final.mp4,Healthy,87,0.011921897604867929,20.0
video191_final.mp4,Healthy,88,0.005656523148331678,20.0
video191_final.mp4,Healthy,89,0.008058884828665343,20.0
video191_final.mp4,Healthy,90,0.007915746448104949,20.0
video191_final.mp4,Healthy,91,0.006225097894196065,20.0
video191_final.mp4,Healthy,92,0.004969691462886318,20.0
video191_final.mp4,Healthy,93,0.0022767475000593975,20.0
video191_final.mp4,Healthy,94,0.015333696567051434,20.0
video191_final.mp4,Healthy,95,0.006677807904941984,20.0
video191_final.mp4,Healthy,96,0.0045013997715397025,20.0
video191_final.mp4,Healthy,97,0.003466303376366294,20.0
video191_final.mp4,Healthy,98,0.006589464509756924,20.0
video191_final.mp4,Healthy,99,0.004579792867010346,20.0
video191_final.mp4,Healthy,100,0.009841511628367721,20.0
video192_final.mp4,Healthy,1,0.0,20.0
video192_final.mp4,Healthy,2,0.01094929327830112,20.0
video192_final.mp4,Healthy,3,0.0072497253272917304,20.0
video192_final.mp4,Healthy,4,0.016216831764723903,20.0
video192_final.mp4,Healthy,5,0.01401212737487127,20.0
video192_final.mp4,Healthy,6,0.01841349605884511,20.0
video192_final.mp4,Healthy,7,0.008304064133410324,20.0
video192_final.mp4,Healthy,8,0.008032451471088092,20.0
video192_final.mp4,Healthy,9,0.02110068800256799,20.0
video192_final.mp4,Healthy,10,0.021060431766916576,20.0
video192_final.mp4,Healthy,11,0.017846566049383523,20.0
video192_final.mp4,Healthy,12,0.012567091816785203,20.0
video192_final.mp4,Healthy,13,0.008632988829151884,20.0
video192_final.mp4,Healthy,14,0.020243674881006937,20.0
video192_final.mp4,Healthy,15,0.02243910770796998,20.0
video192_final.mp4,Healthy,16,0.02314387900719908,20.0
video192_final.mp4,Healthy,17,0.018885768426343316,20.0
video192_final.mp4,Healthy,18,0.011336860521022389,20.0
video192_final.mp4,Healthy,19,0.008367698667372463,20.0
video192_final.mp4,Healthy,20,0.005323636335139799,20.0
video192_final.mp4,Healthy,21,0.010081096031239889,20.0
video192_final.mp4,Healthy,22,0.01306958271599173,20.0
video192_final.mp4,Healthy,23,0.006706396069235546,20.0
video192_final.mp4,Healthy,24,0.007988963576461667,20.0
video192_final.mp4,Healthy,25,0.002483073375886248,20.0
video192_final.mp4,Healthy,26,0.002906768655699242,20.0
video192_final.mp4,Healthy,27,0.007061317443540238,20.0
video192_final.mp4,Healthy,28,0.010586836853120745,20.0
video192_final.mp4,Healthy,29,0.015317498007231105,20.0
video192_final.mp4,Healthy,30,0.012020948635239729,20.0
video192_final.mp4,Healthy,31,0.019826502703514715,20.0
video192_final.mp4,Healthy,32,0.024655605655880528,20.0
video192_final.mp4,Healthy,33,0.02572289725298864,20.0
video192_final.mp4,Healthy,34,0.030807714951834302,20.0
video192_final.mp4,Healthy,35,0.01778035411612874,20.0
video192_final.mp4,Healthy,36,0.008104901607576754,20.0
video192_final.mp4,Healthy,37,0.0031991734403962217,20.0
video192_final.mp4,Healthy,38,0.004189944782553304,20.0
video192_final.mp4,Healthy,39,0.020032420189403852,20.0
video192_final.mp4,Healthy,40,0.017829001421047094,20.0
video192_final.mp4,Healthy,41,0.022285023636163356,20.0
video192_final.mp4,Healthy,42,0.01596199528849191,20.0
video192_final.mp4,Healthy,43,0.020655802091622554,20.0
video192_final.mp4,Healthy,44,0.0272695919971838,20.0
video192_final.mp4,Healthy,45,0.017678514500420853,20.0
video192_final.mp4,Healthy,46,0.01351843836765821,20.0
video192_final.mp4,Healthy,47,0.01390580391628557,20.0
video192_final.mp4,Healthy,48,0.006912903767623334,20.0
video192_final.mp4,Healthy,49,0.003767576668933263,20.0
video192_final.mp4,Healthy,50,0.012919727311935008,20.0
video192_final.mp4,Healthy,51,0.004296554309855309,20.0
video192_final.mp4,Healthy,52,0.0063156129510059215,20.0
video192_final.mp4,Healthy,53,0.003997590096503774,20.0
video192_final.mp4,Healthy,54,0.010127801046792683,20.0
video192_final.mp4,Healthy,55,0.01660287162168144,20.0
video192_final.mp4,Healthy,56,0.02212105096086663,20.0
video192_final.mp4,Healthy,57,0.02298756791856281,20.0
video192_final.mp4,Healthy,58,0.02205990561247974,20.0
video192_final.mp4,Healthy,59,0.02364041711441732,20.0
video192_final.mp4,Healthy,60,0.013765802534060595,20.0
video192_final.mp4,Healthy,61,0.00559175333457203,20.0
video192_final.mp4,Healthy,62,0.001208391405846633,20.0
video192_final.mp4,Healthy,63,0.007495765053418612,20.0
video192_final.mp4,Healthy,64,0.0076029675986109095,20.0
video192_final.mp4,Healthy,65,0.00449088080807268,20.0
video192_final.mp4,Healthy,66,0.004813511650148448,20.0
video192_final.mp4,Healthy,67,0.0076367784549593275,20.0
video192_final.mp4,Healthy,68,0.016215849276712484,20.0
video192_final.mp4,Healthy,69,0.03340529883075327,20.0
video192_final.mp4,Healthy,70,0.02731212153068928,20.0
video192_final.mp4,Healthy,71,0.02828256285692276,20.0
video192_final.mp4,Healthy,72,0.046701677721418686,20.0
video192_final.mp4,Healthy,73,0.029290519483199405,20.0
video192_final.mp4,Healthy,74,0.008665584323697531,20.0
video192_final.mp4,Healthy,75,0.02217836604179067,20.0
video192_final.mp4,Healthy,76,0.021967390340112938,20.0
video192_final.mp4,Healthy,77,0.020890976413634334,20.0
video192_final.mp4,Healthy,78,0.016011487771796052,20.0
video192_final.mp4,Healthy,79,0.010664022166349799,20.0
video192_final.mp4,Healthy,80,0.015913911763192238,20.0
video192_final.mp4,Healthy,81,0.01142777881726652,20.0
video192_final.mp4,Healthy,82,0.011033840231082618,20.0
video192_final.mp4,Healthy,83,0.015972796510026605,20.0
video192_final.mp4,Healthy,84,0.02933934659714177,20.0
video192_final.mp4,Healthy,85,0.022632656509300884,20.0
video192_final.mp4,Healthy,86,0.01705686528538318,20.0
video192_final.mp4,Healthy,87,0.011963208888064712,20.0
video192_final.mp4,Healthy,88,0.01577862305512425,20.0
video192_final.mp4,Healthy,89,0.018567763211751055,20.0
video192_final.mp4,Healthy,90,0.00986388332439926,20.0
video192_final.mp4,Healthy,91,0.003977416625512581,20.0
video192_final.mp4,Healthy,92,0.004852907930447673,20.0
video192_final.mp4,Healthy,93,0.009951464806136326,20.0
video192_final.mp4,Healthy,94,0.01940292397264954,20.0
video192_final.mp4,Healthy,95,0.010164540908814065,20.0
video192_final.mp4,Healthy,96,0.0050186866498041875,20.0
video192_final.mp4,Healthy,97,0.00792222219591693,20.0
video192_final.mp4,Healthy,98,0.00421992726373333,20.0
video192_final.mp4,Healthy,99,0.00794915052012716,20.0
video192_final.mp4,Healthy,100,0.010517629753090313,20.0
video193_final.mp4,Healthy,1,0.0,20.0
video193_final.mp4,Healthy,2,0.02366124250985311,20.0
video193_final.mp4,Healthy,3,0.013368708167860895,20.0
video193_final.mp4,Healthy,4,0.006527714068084998,20.0
video193_final.mp4,Healthy,5,0.005290602905840343,20.0
video193_final.mp4,Healthy,6,0.008531930292225903,20.0
video193_final.mp4,Healthy,7,0.005587627922439372,20.0
video193_final.mp4,Healthy,8,0.003837006248720897,20.0
video193_final.mp4,Healthy,9,0.015307107866024725,20.0
video193_final.mp4,Healthy,10,0.007201392463702011,20.0
video193_final.mp4,Healthy,11,0.01615757158741606,20.0
video193_final.mp4,Healthy,12,0.007133027974225234,20.0
video193_final.mp4,Healthy,13,0.007634600279855093,20.0
video193_final.mp4,Healthy,14,0.014495524652909406,20.0
video193_final.mp4,Healthy,15,0.006689245424835397,20.0
video193_final.mp4,Healthy,16,0.007308058872939475,20.0
video193_final.mp4,Healthy,17,0.0035615711368427736,20.0
video193_final.mp4,Healthy,18,0.004010044854628966,20.0
video193_final.mp4,Healthy,19,0.007910447366667888,20.0
video193_final.mp4,Healthy,20,0.004428565553898359,20.0
video193_final.mp4,Healthy,21,0.0010768407127230482,20.0
video193_final.mp4,Healthy,22,0.0018456795770948528,20.0
video193_final.mp4,Healthy,23,0.0051405157336360556,20.0
video193_final.mp4,Healthy,24,0.020576271644621048,20.0
video193_final.mp4,Healthy,25,0.014963132894926756,20.0
video193_final.mp4,Healthy,26,0.010718702532884091,20.0
video193_final.mp4,Healthy,27,0.024316231218695885,20.0
video193_final.mp4,Healthy,28,0.024653538403378843,20.0
video193_final.mp4,Healthy,29,0.012391802138249398,20.0
video193_final.mp4,Healthy,30,0.012353543515039377,20.0
video193_final.mp4,Healthy,31,0.023799875489460155,20.0
video193_final.mp4,Healthy,32,0.012880091775963895,20.0
video193_final.mp4,Healthy,33,0.011386042369912839,20.0
video193_final.mp4,Healthy,34,0.015107820997199196,20.0
video193_final.mp4,Healthy,35,0.0031730463757971136,20.0
video193_final.mp4,Healthy,36,0.008749489010030444,20.0
video193_final.mp4,Healthy,37,0.016937444548554455,20.0
video193_final.mp4,Healthy,38,0.011967464101227506,20.0
video193_final.mp4,Healthy,39,0.019429096252437994,20.0
video193_final.mp4,Healthy,40,0.011776773970317195,20.0
video193_final.mp4,Healthy,41,0.0034614492620039274,20.0
video193_final.mp4,Healthy,42,0.005743949806767755,20.0
video193_final.mp4,Healthy,43,0.005033450945014048,20.0
video193_final.mp4,Healthy,44,0.012381874393849137,20.0
video193_final.mp4,Healthy,45,0.012983100083098506,20.0
video193_final.mp4,Healthy,46,0.011978945460478726,20.0
video193_final.mp4,Healthy,47,0.008776613975690878,20.0
video193_final.mp4,Healthy,48,0.018179035526942968,20.0
video193_final.mp4,Healthy,49,0.07221509899653168,20.0
video193_final.mp4,Healthy,50,0.05256502469485638,20.0
video193_final.mp4,Healthy,51,0.03285080381924438,20.0
video193_final.mp4,Healthy,52,0.012578599235459011,20.0
video193_final.mp4,Healthy,53,0.019206868994543262,20.0
video193_final.mp4,Healthy,54,0.03542490386515591,20.0
video193_final.mp4,Healthy,55,0.025006171190634877,20.0
video193_final.mp4,Healthy,56,0.019612986326002217,20.0
video193_final.mp4,Healthy,57,0.009180760455900843,20.0
video193_final.mp4,Healthy,58,0.011771701988938609,20.0
video193_final.mp4,Healthy,59,0.02628041197614871,20.0
video193_final.mp4,Healthy,60,0.022267616232291697,20.0
video193_final.mp4,Healthy,61,0.012889638988930854,20.0
video193_final.mp4,Healthy,62,0.013814868035972688,20.0
video193_final.mp4,Healthy,63,0.009521271475808668,20.0
video193_final.mp4,Healthy,64,0.013598005089421022,20.0
video193_final.mp4,Healthy,65,0.009119875180660235,20.0
video193_final.mp4,Healthy,66,0.0034406271280676423,20.0
video193_final.mp4,Healthy,67,0.003980256111802846,20.0
video193_final.mp4,Healthy,68,0.006078201205383598,20.0
video193_final.mp4,Healthy,69,0.005130176360157598,20.0
video193_final.mp4,Healthy,70,0.005500635347680548,20.0
video193_final.mp4,Healthy,71,0.003743747245145505,20.0
video193_final.mp4,Healthy,72,0.0021317800155074913,20.0
video193_final.mp4,Healthy,73,0.006611204225316099,20.0
video193_final.mp4,Healthy,74,0.029994955713398608,20.0
video193_final.mp4,Healthy,75,0.023445876980155805,20.0
video193_final.mp4,Healthy,76,0.009513956089011656,20.0
video193_final.mp4,Healthy,77,0.005792376015085335,20.0
video193_final.mp4,Healthy,78,0.008880462154704227,20.0
video193_final.mp4,Healthy,79,0.015355920670580062,20.0
video193_final.mp4,Healthy,80,0.012669573010212362,20.0
video193_final.mp4,Healthy,81,0.008958841460950067,20.0
video193_final.mp4,Healthy,82,0.005818987593736523,20.0
video193_final.mp4,Healthy,83,0.00312293257859536,20.0
video193_final.mp4,Healthy,84,0.005575449208864056,20.0
video193_final.mp4,Healthy,85,0.01241231169028061,20.0
video193_final.mp4,Healthy,86,0.014567904247165123,20.0
video193_final.mp4,Healthy,87,0.008575993651617628,20.0
video193_final.mp4,Healthy,88,0.010181503169535764,20.0
video193_final.mp4,Healthy,89,0.009876342202378994,20.0
video193_final.mp4,Healthy,90,0.010126781163270386,20.0
video193_final.mp4,Healthy,91,0.002845020799268932,20.0
video193_final.mp4,Healthy,92,0.007195920273874635,20.0
video193_final.mp4,Healthy,93,0.010373345013431543,20.0
video193_final.mp4,Healthy,94,0.01746237329573982,20.0
video193_final.mp4,Healthy,95,0.004945050847233139,20.0
video193_final.mp4,Healthy,96,0.0037922741809441585,20.0
video193_final.mp4,Healthy,97,0.005570276465884921,20.0
video193_final.mp4,Healthy,98,0.007346230269052559,20.0
video193_final.mp4,Healthy,99,0.007106015968435012,20.0
video193_final.mp4,Healthy,100,0.011223356912238518,20.0
video194_final.mp4,Healthy,1,0.0,20.0
video194_final.mp4,Healthy,2,0.002670472410532661,20.0
video194_final.mp4,Healthy,3,0.002410194297162959,20.0
video194_final.mp4,Healthy,4,0.11363652143516284,20.0
video194_final.mp4,Healthy,5,0.04226608400897118,20.0
video194_final.mp4,Healthy,6,0.016216459809167076,20.0
video194_final.mp4,Healthy,7,0.004664823991694306,20.0
video194_final.mp4,Healthy,8,0.007877032102503238,20.0
video194_final.mp4,Healthy,9,0.012570275709346428,20.0
video194_final.mp4,Healthy,10,0.006678801479917442,20.0
video194_final.mp4,Healthy,11,0.004827098353431507,20.0
video194_final.mp4,Healthy,12,0.004276434929660976,20.0
video194_final.mp4,Healthy,13,0.004600669315825281,20.0
video194_final.mp4,Healthy,14,0.003113947318583785,20.0
video194_final.mp4,Healthy,15,0.004853813548938313,20.0
video194_final.mp4,Healthy,16,0.003386944363145654,20.0
video194_final.mp4,Healthy,17,0.0018425324288206756,20.0
video194_final.mp4,Healthy,18,0.0032698654005516034,20.0
video194_final.mp4,Healthy,19,0.005964752181977768,20.0
video194_final.mp4,Healthy,20,0.006251980375483827,20.0
video194_final.mp4,Healthy,21,0.004524617592482686,20.0
video194_final.mp4,Healthy,22,0.008396714175647597,20.0
video194_final.mp4,Healthy,23,0.0044460201981409994,20.0
video194_final.mp4,Healthy,24,0.006961069762408028,20.0
video194_final.mp4,Healthy,25,0.005334438070930954,20.0
video194_final.mp4,Healthy,26,0.0038103393460393957,20.0
video194_final.mp4,Healthy,27,0.002592821498516186,20.0
video194_final.mp4,Healthy,28,0.004952233742100903,20.0
video194_final.mp4,Healthy,29,0.009770800191931776,20.0
video194_final.mp4,Healthy,30,0.008813809035971903,20.0
video194_final.mp4,Healthy,31,0.007916566539255418,20.0
video194_final.mp4,Healthy,32,0.0058500382603708535,20.0
video194_final.mp4,Healthy,33,0.010027238161993201,20.0
video194_final.mp4,Healthy,34,0.017991150030321014,20.0
video194_final.mp4,Healthy,35,0.004823086683740657,20.0
video194_final.mp4,Healthy,36,0.006005212912150477,20.0
video194_final.mp4,Healthy,37,0.00920567427498253,20.0
video194_final.mp4,Healthy,38,0.003952762253104305,20.0
video194_final.mp4,Healthy,39,0.009754170204952417,20.0
video194_final.mp4,Healthy,40,0.010863138510180562,20.0
video194_final.mp4,Healthy,41,0.005132004107330692,20.0
video194_final.mp4,Healthy,42,0.0042233594006892364,20.0
video194_final.mp4,Healthy,43,0.007982255321668276,20.0
video194_final.mp4,Healthy,44,0.004062001977152355,20.0
video194_final.mp4,Healthy,45,0.006735984124544764,20.0
video194_final.mp4,Healthy,46,0.00199097448267534,20.0
video194_final.mp4,Healthy,47,0.005979869938163249,20.0
video194_final.mp4,Healthy,48,0.006605595922081627,20.0
video194_final.mp4,Healthy,49,0.011225151756323923,20.0
video194_final.mp4,Healthy,50,0.013232184400362005,20.0
video194_final.mp4,Healthy,51,0.002841837839537083,20.0
video194_final.mp4,Healthy,52,0.010933592952658408,20.0
video194_final.mp4,Healthy,53,0.015896256972639796,20.0
video194_final.mp4,Healthy,54,0.010962551013805505,20.0
video194_final.mp4,Healthy,55,0.006542840118243581,20.0
video194_final.mp4,Healthy,56,0.005060804924171091,20.0
video194_final.mp4,Healthy,57,0.0011331015076358293,20.0
video194_final.mp4,Healthy,58,0.002833302681338853,20.0
video194_final.mp4,Healthy,59,0.0061773918671306095,20.0
video194_final.mp4,Healthy,60,0.005198866922508339,20.0
video194_final.mp4,Healthy,61,0.002146795474069666,20.0
video194_final.mp4,Healthy,62,0.006971424905871114,20.0
video194_final.mp4,Healthy,63,0.009655571610236452,20.0
video194_final.mp4,Healthy,64,0.004113607884173993,20.0
video194_final.mp4,Healthy,65,0.004664504552492718,20.0
video194_final.mp4,Healthy,66,0.002758762937409019,20.0
video194_final.mp4,Healthy,67,0.005010918335474915,20.0
video194_final.mp4,Healthy,68,0.0063021914557257735,20.0
video194_final.mp4,Healthy,69,0.015716051205625255,20.0
video194_final.mp4,Healthy,70,0.00761540707325605,20.0
video194_final.mp4,Healthy,71,0.002484390235580058,20.0
video194_final.mp4,Healthy,72,0.0071227073105448666,20.0
video194_final.mp4,Healthy,73,0.004911019899697654,20.0
video194_final.mp4,Healthy,74,0.004490148676258244,20.0
video194_final.mp4,Healthy,75,0.010341807360998554,20.0
video194_final.mp4,Healthy,76,0.009300094398069324,20.0
video194_final.mp4,Healthy,77,0.004421846917930382,20.0
video194_final.mp4,Healthy,78,0.002247039556512772,20.0
video194_final.mp4,Healthy,79,0.005479517428196192,20.0
video194_final.mp4,Healthy,80,0.006868956215771378,20.0
video194_final.mp4,Healthy,81,0.006878207445810215,20.0
video194_final.mp4,Healthy,82,0.0064068088398644306,20.0
video194_final.mp4,Healthy,83,0.010107439685385798,20.0
video194_final.mp4,Healthy,84,0.008065153940134046,20.0
video194_final.mp4,Healthy,85,0.006635066155966984,20.0
video194_final.mp4,Healthy,86,0.005304731811016191,20.0
video194_final.mp4,Healthy,87,0.0036320790547399026,20.0
video194_final.mp4,Healthy,88,0.0018795096594450805,20.0
video194_final.mp4,Healthy,89,0.009734327762152275,20.0
video194_final.mp4,Healthy,90,0.008508554729629336,20.0
video194_final.mp4,Healthy,91,0.006520012537498826,20.0
video194_final.mp4,Healthy,92,0.005339436022283045,20.0
video194_final.mp4,Healthy,93,0.007915787358542505,20.0
video194_final.mp4,Healthy,94,0.012307207533096946,20.0
video194_final.mp4,Healthy,95,0.011483420181612526,20.0
video194_final.mp4,Healthy,96,0.009352851707431243,20.0
video194_final.mp4,Healthy,97,0.012012375440541501,20.0
video194_final.mp4,Healthy,98,0.014511219890057873,20.0
video194_final.mp4,Healthy,99,0.014893582825935411,20.0
video194_final.mp4,Healthy,100,0.010152140224621155,20.0
video195_final.mp4,Healthy,1,0.0,20.0
video195_final.mp4,Healthy,2,0.010550164188552482,20.0
video195_final.mp4,Healthy,3,0.005704086673865,20.0
video195_final.mp4,Healthy,4,0.00767137166333252,20.0
video195_final.mp4,Healthy,5,0.0032777759481666447,20.0
video195_final.mp4,Healthy,6,0.008093202586291391,20.0
video195_final.mp4,Healthy,7,0.006665027993123149,20.0
video195_final.mp4,Healthy,8,0.008960220427657234,20.0
video195_final.mp4,Healthy,9,0.004403903840976146,20.0
video195_final.mp4,Healthy,10,0.007143911161769462,20.0
video195_final.mp4,Healthy,11,0.00553524293006027,20.0
video195_final.mp4,Healthy,12,0.002679734738843056,20.0
video195_final.mp4,Healthy,13,0.007169396920536102,20.0
video195_final.mp4,Healthy,14,0.008635689405894974,20.0
video195_final.mp4,Healthy,15,0.0036169652484769857,20.0
video195_final.mp4,Healthy,16,0.0026265254222396857,20.0
video195_final.mp4,Healthy,17,0.005579570682862316,20.0
video195_final.mp4,Healthy,18,0.00322404136462952,20.0
video195_final.mp4,Healthy,19,0.0017059003451210882,20.0
video195_final.mp4,Healthy,20,0.0035490833942394104,20.0
video195_final.mp4,Healthy,21,0.0020902774592456656,20.0
video195_final.mp4,Healthy,22,0.0024628363429945012,20.0
video195_final.mp4,Healthy,23,0.0028270443636902206,20.0
video195_final.mp4,Healthy,24,0.0009456345264961597,20.0
video195_final.mp4,Healthy,25,0.0027285118416672683,20.0
video195_final.mp4,Healthy,26,0.0025961334565884507,20.0
video195_final.mp4,Healthy,27,0.0021740702858449594,20.0
video195_final.mp4,Healthy,28,0.0025641534088177557,20.0
video195_final.mp4,Healthy,29,0.002158279238986067,20.0
video195_final.mp4,Healthy,30,0.003143833751260758,20.0
video195_final.mp4,Healthy,31,0.0014266657251156415,20.0
video195_final.mp4,Healthy,32,0.002541510249737467,20.0
video195_final.mp4,Healthy,33,0.004831579220123631,20.0
video195_final.mp4,Healthy,34,0.006741821400175341,20.0
video195_final.mp4,Healthy,35,0.016829534276249745,20.0
video195_final.mp4,Healthy,36,0.00661390433843341,20.0
video195_final.mp4,Healthy,37,0.004998294542783452,20.0
video195_final.mp4,Healthy,38,0.003548234410405436,20.0
video195_final.mp4,Healthy,39,0.003544002275420117,20.0
video195_final.mp4,Healthy,40,0.004857994140260763,20.0
video195_final.mp4,Healthy,41,0.0022498049472284105,20.0
video195_final.mp4,Healthy,42,0.0016187205284982306,20.0
video195_final.mp4,Healthy,43,0.0008150501478292011,20.0
video195_final.mp4,Healthy,44,0.0016238170266997041,20.0
video195_final.mp4,Healthy,45,0.003107107764386741,20.0
video195_final.mp4,Healthy,46,0.0017007906843635897,20.0
video195_final.mp4,Healthy,47,0.0017599589657430203,20.0
video195_final.mp4,Healthy,48,0.003168545196322558,20.0
video195_final.mp4,Healthy,49,0.0018147316566554318,20.0
video195_final.mp4,Healthy,50,0.005071260952732465,20.0
video195_final.mp4,Healthy,51,0.0035488932932060966,20.0
video195_final.mp4,Healthy,52,0.004049370811977819,20.0
video195_final.mp4,Healthy,53,0.0043913533051250985,20.0
video195_final.mp4,Healthy,54,0.004673500784924044,20.0
video195_final.mp4,Healthy,55,0.0025092389392677122,20.0
video195_final.mp4,Healthy,56,0.004249972069794343,20.0
video195_final.mp4,Healthy,57,0.001437329817307782,20.0
video195_final.mp4,Healthy,58,0.0019475578112827597,20.0
video195_final.mp4,Healthy,59,0.0020203532914407985,20.0
video195_final.mp4,Healthy,60,0.002996887013672574,20.0
video195_final.mp4,Healthy,61,0.00405454023982261,20.0
video195_final.mp4,Healthy,62,0.0020214647691508833,20.0
video195_final.mp4,Healthy,63,0.007899400687020339,20.0
video195_final.mp4,Healthy,64,0.002942671723567825,20.0
video195_final.mp4,Healthy,65,0.003284701683569962,20.0
video195_final.mp4,Healthy,66,0.005916608740322921,20.0
video195_final.mp4,Healthy,67,0.003465117295155994,20.0
video195_final.mp4,Healthy,68,0.008436126576457993,20.0
video195_final.mp4,Healthy,69,0.006202327945494157,20.0
video195_final.mp4,Healthy,70,0.002852645108070487,20.0
video195_final.mp4,Healthy,71,0.002584160918171754,20.0
video195_final.mp4,Healthy,72,0.006505603443888183,20.0
video195_final.mp4,Healthy,73,0.003420254854432058,20.0
video195_final.mp4,Healthy,74,0.007874812828330465,20.0
video195_final.mp4,Healthy,75,0.0042152288502392025,20.0
video195_final.mp4,Healthy,76,0.002734734829267089,20.0
video195_final.mp4,Healthy,77,0.0024985387640084154,20.0
video195_final.mp4,Healthy,78,0.007866649611808883,20.0
video195_final.mp4,Healthy,79,0.007560355073664359,20.0
video195_final.mp4,Healthy,80,0.006689523514874254,20.0
video195_final.mp4,Healthy,81,0.0007546418292129483,20.0
video195_final.mp4,Healthy,82,0.0017884911486734632,20.0
video195_final.mp4,Healthy,83,0.0025376120402941906,20.0
video195_final.mp4,Healthy,84,0.002782326585700304,20.0
video195_final.mp4,Healthy,85,0.005607944351342407,20.0
video195_final.mp4,Healthy,86,0.006132884562551054,20.0
video195_final.mp4,Healthy,87,0.006663760919462473,20.0
video195_final.mp4,Healthy,88,0.0048534063939202066,20.0
video195_final.mp4,Healthy,89,0.004633991382296255,20.0
video195_final.mp4,Healthy,90,0.006955865934632197,20.0
video195_final.mp4,Healthy,91,0.006600994400114053,20.0
video195_final.mp4,Healthy,92,0.0046597347522376814,20.0
video195_final.mp4,Healthy,93,0.004077510912307189,20.0
video195_final.mp4,Healthy,94,0.006528391883137152,20.0
video195_final.mp4,Healthy,95,0.007698882855785559,20.0
video195_final.mp4,Healthy,96,0.0031133698361969723,20.0
video195_final.mp4,Healthy,97,0.0019353980157677541,20.0
video195_final.mp4,Healthy,98,0.005284775961462021,20.0
video195_final.mp4,Healthy,99,0.0034755371381752073,20.0
video195_final.mp4,Healthy,100,0.0019100621847092023,20.0
video22_final.mp4,Healthy,1,0.0,20.0
video22_final.mp4,Healthy,2,0.00851464111198919,20.0
video22_final.mp4,Healthy,3,0.003008923249162369,20.0
video22_final.mp4,Healthy,4,0.007628356848405658,20.0
video22_final.mp4,Healthy,5,0.003791134648721254,20.0
video22_final.mp4,Healthy,6,0.0037163851645283788,20.0
video22_final.mp4,Healthy,7,0.0018776303667722254,20.0
video22_final.mp4,Healthy,8,0.004392177271795476,20.0
video22_final.mp4,Healthy,9,0.001836250594977963,20.0
video22_final.mp4,Healthy,10,0.002129256080122504,20.0
video22_final.mp4,Healthy,11,0.002908795527194164,20.0
video22_final.mp4,Healthy,12,0.004380173233325616,20.0
video22_final.mp4,Healthy,13,0.0022006790795149524,20.0
video22_final.mp4,Healthy,14,0.0033300773670167693,20.0
video22_final.mp4,Healthy,15,0.0030404207314539185,20.0
video22_final.mp4,Healthy,16,0.004690297928808301,20.0
video22_final.mp4,Healthy,17,0.0041883037605267,20.0
video22_final.mp4,Healthy,18,0.0030372012989973132,20.0
video22_final.mp4,Healthy,19,0.007129595123745522,20.0
video22_final.mp4,Healthy,20,0.004323697876136232,20.0
video22_final.mp4,Healthy,21,0.005519138540849072,20.0
video22_final.mp4,Healthy,22,0.005682053261310579,20.0
video22_final.mp4,Healthy,23,0.002221298978340145,20.0
video22_final.mp4,Healthy,24,0.0041600924104302165,20.0
video22_final.mp4,Healthy,25,0.0029705090683857915,20.0
video22_final.mp4,Healthy,26,0.0019510200268142326,20.0
video22_final.mp4,Healthy,27,0.0028701689171254084,20.0
video22_final.mp4,Healthy,28,0.01050688887428581,20.0
video22_final.mp4,Healthy,29,0.012681509430548433,20.0
video22_final.mp4,Healthy,30,0.006476598369572034,20.0
video22_final.mp4,Healthy,31,0.006303438522409476,20.0
video22_final.mp4,Healthy,32,0.005920759949946269,20.0
video22_final.mp4,Healthy,33,0.004611968747600244,20.0
video22_final.mp4,Healthy,34,0.008812896081937437,20.0
video22_final.mp4,Healthy,35,0.001627589436934196,20.0
video22_final.mp4,Healthy,36,0.007307435392994479,20.0
video22_final.mp4,Healthy,37,0.005757598343338954,20.0
video22_final.mp4,Healthy,38,0.008736558225520387,20.0
video22_final.mp4,Healthy,39,0.004454082395656529,20.0
video22_final.mp4,Healthy,40,0.0064995132216968945,20.0
video22_final.mp4,Healthy,41,0.004311877090634071,20.0
video22_final.mp4,Healthy,42,0.0065714532209797125,20.0
video22_final.mp4,Healthy,43,0.003577866603323573,20.0
video22_final.mp4,Healthy,44,0.002810638627849025,20.0
video22_final.mp4,Healthy,45,0.001112733557648971,20.0
video22_final.mp4,Healthy,46,0.0030111846987116004,20.0
video22_final.mp4,Healthy,47,0.000795895382097082,20.0
video22_final.mp4,Healthy,48,0.0026109165376582205,20.0
video22_final.mp4,Healthy,49,0.002407017356458704,20.0
video22_final.mp4,Healthy,50,0.001627926734453729,20.0
video22_final.mp4,Healthy,51,0.0028618719351159554,20.0
video22_final.mp4,Healthy,52,0.001893254796332544,20.0
video22_final.mp4,Healthy,53,0.002637488233597445,20.0
video22_final.mp4,Healthy,54,0.022764192126597613,20.0
video22_final.mp4,Healthy,55,0.01526952702285242,20.0
video22_final.mp4,Healthy,56,0.023679447575497482,20.0
video22_final.mp4,Healthy,57,0.015397263806165747,20.0
video22_final.mp4,Healthy,58,0.01336467620959575,20.0
video22_final.mp4,Healthy,59,0.007041034802870033,20.0
video22_final.mp4,Healthy,60,0.0071131418475462865,20.0
video22_final.mp4,Healthy,61,0.006929125207866025,20.0
video22_final.mp4,Healthy,62,0.005198573598971034,20.0
video22_final.mp4,Healthy,63,0.003926848974622608,20.0
video22_final.mp4,Healthy,64,0.0043508945242510845,20.0
video22_final.mp4,Healthy,65,0.004831793808602656,20.0
video22_final.mp4,Healthy,66,0.004353266678087344,20.0
video22_final.mp4,Healthy,67,0.006502825905018029,20.0
video22_final.mp4,Healthy,68,0.0033519847272183508,20.0
video22_final.mp4,Healthy,69,0.005133865645906615,20.0
video22_final.mp4,Healthy,70,0.010745475538277587,20.0
video22_final.mp4,Healthy,71,0.011502954512820218,20.0
video22_final.mp4,Healthy,72,0.01780065816838984,20.0
video22_final.mp4,Healthy,73,0.015138013820470364,20.0
video22_final.mp4,Healthy,74,0.01662602670206177,20.0
video22_final.mp4,Healthy,75,0.020021578487891337,20.0
video22_final.mp4,Healthy,76,0.025874499691411208,20.0
video22_final.mp4,Healthy,77,0.012497047473465979,20.0
video22_final.mp4,Healthy,78,0.006003669753252203,20.0
video22_final.mp4,Healthy,79,0.006066922424000355,20.0
video22_final.mp4,Healthy,80,0.002083414922978317,20.0
video22_final.mp4,Healthy,81,0.0034082829341065927,20.0
video22_final.mp4,Healthy,82,0.013155686283279245,20.0
video22_final.mp4,Healthy,83,0.007751221519978594,20.0
video22_final.mp4,Healthy,84,0.007138369684781933,20.0
video22_final.mp4,Healthy,85,0.0028385238161595864,20.0
video22_final.mp4,Healthy,86,0.0034117274148229224,20.0
video22_final.mp4,Healthy,87,0.0017919391312797657,20.0
video22_final.mp4,Healthy,88,0.005329341072326192,20.0
video22_final.mp4,Healthy,89,0.0031109642128293266,20.0
video22_final.mp4,Healthy,90,0.003961583299061965,20.0
video22_final.mp4,Healthy,91,0.003764880465424713,20.0
video22_final.mp4,Healthy,92,0.005731828558601221,20.0
video22_final.mp4,Healthy,93,0.0034481162272200776,20.0
video22_final.mp4,Healthy,94,0.010480784616908783,20.0
video22_final.mp4,Healthy,95,0.00903650772952674,20.0
video22_final.mp4,Healthy,96,0.010761187766267694,20.0
video22_final.mp4,Healthy,97,0.007220975416155503,20.0
video22_final.mp4,Healthy,98,0.005901603056284796,20.0
video22_final.mp4,Healthy,99,0.002655099379684991,20.0
video22_final.mp4,Healthy,100,0.002501225799778108,20.0
video25_final.mp4,Healthy,1,0.0,20.0
video25_final.mp4,Healthy,2,0.010866255785960104,20.0
video25_final.mp4,Healthy,3,0.003368949653298845,20.0
video25_final.mp4,Healthy,4,0.0021208618872268934,20.0
video25_final.mp4,Healthy,5,0.002669382209703202,20.0
video25_final.mp4,Healthy,6,0.0034217320118199003,20.0
video25_final.mp4,Healthy,7,0.004830808061917304,20.0
video25_final.mp4,Healthy,8,0.0023562703886744014,20.0
video25_final.mp4,Healthy,9,0.0023336304492528204,20.0
video25_final.mp4,Healthy,10,0.0035746304928186423,20.0
video25_final.mp4,Healthy,11,0.005206591219975517,20.0
video25_final.mp4,Healthy,12,0.058094932992687406,20.0
video25_final.mp4,Healthy,13,0.021214100371116797,20.0
video25_final.mp4,Healthy,14,0.012591795633439118,20.0
video25_final.mp4,Healthy,15,0.010320973123457592,20.0
video25_final.mp4,Healthy,16,0.006257196998940247,20.0
video25_final.mp4,Healthy,17,0.008545025139275362,20.0
video25_final.mp4,Healthy,18,0.015283892889714271,20.0
video25_final.mp4,Healthy,19,0.003948708738167393,20.0
video25_final.mp4,Healthy,20,0.007810387745642404,20.0
video25_final.mp4,Healthy,21,0.013071118213117499,20.0
video25_final.mp4,Healthy,22,0.007230759777673358,20.0
video25_final.mp4,Healthy,23,0.012064302032477315,20.0
video25_final.mp4,Healthy,24,0.004035223214261948,20.0
video25_final.mp4,Healthy,25,0.005887282917445171,20.0
video25_final.mp4,Healthy,26,0.016744167715425758,20.0
video25_final.mp4,Healthy,27,0.006484949522951064,20.0
video25_final.mp4,Healthy,28,0.012053080848149902,20.0
video25_final.mp4,Healthy,29,0.02260656846454386,20.0
video25_final.mp4,Healthy,30,0.013071429260076697,20.0
video25_final.mp4,Healthy,31,0.01321344147909781,20.0
video25_final.mp4,Healthy,32,0.012758356715497557,20.0
video25_final.mp4,Healthy,33,0.014602984572810895,20.0
video25_final.mp4,Healthy,34,0.0128070634773256,20.0
video25_final.mp4,Healthy,35,0.009064553006817603,20.0
video25_final.mp4,Healthy,36,0.008584308390844307,20.0
video25_final.mp4,Healthy,37,0.00816576439033433,20.0
video25_final.mp4,Healthy,38,0.011356123492678703,20.0
video25_final.mp4,Healthy,39,0.006905435111683825,20.0
video25_final.mp4,Healthy,40,0.013147815737601076,20.0
video25_final.mp4,Healthy,41,0.009137754983013373,20.0
video25_final.mp4,Healthy,42,0.015394711316315987,20.0
video25_final.mp4,Healthy,43,0.00950415068017096,20.0
video25_final.mp4,Healthy,44,0.0064229459430910464,20.0
video25_final.mp4,Healthy,45,0.008676790804620946,20.0
video25_final.mp4,Healthy,46,0.007602932496857441,20.0
video25_final.mp4,Healthy,47,0.003277815217863239,20.0
video25_final.mp4,Healthy,48,0.010892079178083418,20.0
video25_final.mp4,Healthy,49,0.0025536336444582043,20.0
video25_final.mp4,Healthy,50,0.0038820646496221098,20.0
video25_final.mp4,Healthy,51,0.0068898770883692225,20.0
video25_final.mp4,Healthy,52,0.012629804685275622,20.0
video25_final.mp4,Healthy,53,0.0036103754056079048,20.0
video25_final.mp4,Healthy,54,0.002302020760843842,20.0
video25_final.mp4,Healthy,55,0.007712696007609332,20.0
video25_final.mp4,Healthy,56,0.02266182149892907,20.0
video25_final.mp4,Healthy,57,0.03337927838796302,20.0
video25_final.mp4,Healthy,58,0.0250608323050329,20.0
video25_final.mp4,Healthy,59,0.007544653188120131,20.0
video25_final.mp4,Healthy,60,0.031060518549951576,20.0
video25_final.mp4,Healthy,61,0.021572533709519302,20.0
video25_final.mp4,Healthy,62,0.016515818533838718,20.0
video25_final.mp4,Healthy,63,0.009490304751455665,20.0
video25_final.mp4,Healthy,64,0.012512642572901902,20.0
video25_final.mp4,Healthy,65,0.01208528118403492,20.0
video25_final.mp4,Healthy,66,0.004375668149407918,20.0
video25_final.mp4,Healthy,67,0.016600395914536693,20.0
video25_final.mp4,Healthy,68,0.01538158000193338,20.0
video25_final.mp4,Healthy,69,0.005723544791045367,20.0
video25_final.mp4,Healthy,70,0.006996167411092552,20.0
video25_final.mp4,Healthy,71,0.007427135254594791,20.0
video25_final.mp4,Healthy,72,0.007547621030807243,20.0
video25_final.mp4,Healthy,73,0.011084933484233145,20.0
video25_final.mp4,Healthy,74,0.01959352880398919,20.0
video25_final.mp4,Healthy,75,0.004448817334938531,20.0
video25_final.mp4,Healthy,76,0.023812506054399003,20.0
video25_final.mp4,Healthy,77,0.007454025106742447,20.0
video25_final.mp4,Healthy,78,0.009236515107759196,20.0
video25_final.mp4,Healthy,79,0.007155068642288607,20.0
video25_final.mp4,Healthy,80,0.009076564285567643,20.0
video25_final.mp4,Healthy,81,0.005474362527614506,20.0
video25_final.mp4,Healthy,82,0.0017177892352152572,20.0
video25_final.mp4,Healthy,83,0.008928502075466051,20.0
video25_final.mp4,Healthy,84,0.010672234397252168,20.0
video25_final.mp4,Healthy,85,0.004735076994574502,20.0
video25_final.mp4,Healthy,86,0.0054490858322245135,20.0
video25_final.mp4,Healthy,87,0.012187506865609819,20.0
video25_final.mp4,Healthy,88,0.018088165689329173,20.0
video25_final.mp4,Healthy,89,0.01088932574928712,20.0
video25_final.mp4,Healthy,90,0.005244125538798329,20.0
video25_final.mp4,Healthy,91,0.009799214640864109,20.0
video25_final.mp4,Healthy,92,0.015345111126903257,20.0
video25_final.mp4,Healthy,93,0.003952489653005344,20.0
video25_final.mp4,Healthy,94,0.008330519762243655,20.0
video25_final.mp4,Healthy,95,0.005849468462556415,20.0
video25_final.mp4,Healthy,96,0.005343849291140639,20.0
video25_final.mp4,Healthy,97,0.010367071141965301,20.0
video25_final.mp4,Healthy,98,0.005452454537094762,20.0
video25_final.mp4,Healthy,99,0.0032086163577941334,20.0
video25_final.mp4,Healthy,100,0.010151329218268423,20.0
video28_final.mp4,Healthy,1,0.0,20.0
video28_final.mp4,Healthy,2,0.014200559638357663,20.0
video28_final.mp4,Healthy,3,0.010741160010479039,20.0
video28_final.mp4,Healthy,4,0.013077946919210515,20.0
video28_final.mp4,Healthy,5,0.004989019412531933,20.0
video28_final.mp4,Healthy,6,0.007842292405250301,20.0
video28_final.mp4,Healthy,7,0.004217209189669354,20.0
video28_final.mp4,Healthy,8,0.02485640595928077,20.0
video28_final.mp4,Healthy,9,0.010477499239031213,20.0
video28_final.mp4,Healthy,10,0.01393261153884828,20.0
video28_final.mp4,Healthy,11,0.0074887283729823855,20.0
video28_final.mp4,Healthy,12,0.01638359169753796,20.0
video28_final.mp4,Healthy,13,0.01281312521785918,20.0
video28_final.mp4,Healthy,14,0.009527545303664332,20.0
video28_final.mp4,Healthy,15,0.00864013677687508,20.0
video28_final.mp4,Healthy,16,0.010522911852395959,20.0
video28_final.mp4,Healthy,17,0.01107024373141562,20.0
video28_final.mp4,Healthy,18,0.014513138111385071,20.0
video28_final.mp4,Healthy,19,0.012696988586817065,20.0
video28_final.mp4,Healthy,20,0.008056955472042803,20.0
video28_final.mp4,Healthy,21,0.005009981050073108,20.0
video28_final.mp4,Healthy,22,0.016169108413912833,20.0
video28_final.mp4,Healthy,23,0.005901889315667143,20.0
video28_final.mp4,Healthy,24,0.007461610044494978,20.0
video28_final.mp4,Healthy,25,0.00567898328275456,20.0
video28_final.mp4,Healthy,26,0.01218540752955819,20.0
video28_final.mp4,Healthy,27,0.00674804590524406,20.0
video28_final.mp4,Healthy,28,0.021299071592726548,20.0
video28_final.mp4,Healthy,29,0.013145123019501322,20.0
video28_final.mp4,Healthy,30,0.013261470951422924,20.0
video28_final.mp4,Healthy,31,0.01820646561124952,20.0
video28_final.mp4,Healthy,32,0.008847452969345377,20.0
video28_final.mp4,Healthy,33,0.008578700108686164,20.0
video28_final.mp4,Healthy,34,0.013601730036300889,20.0
video28_final.mp4,Healthy,35,0.01482696417773432,20.0
video28_final.mp4,Healthy,36,0.024752165729135554,20.0
video28_final.mp4,Healthy,37,0.015224452479878298,20.0
video28_final.mp4,Healthy,38,0.012680480134795771,20.0
video28_final.mp4,Healthy,39,0.011218254260237781,20.0
video28_final.mp4,Healthy,40,0.00570196592428703,20.0
video28_final.mp4,Healthy,41,0.006735560511717173,20.0
video28_final.mp4,Healthy,42,0.0066657452859946505,20.0
video28_final.mp4,Healthy,43,0.006701207072087557,20.0
video28_final.mp4,Healthy,44,0.013618304693514402,20.0
video28_final.mp4,Healthy,45,0.005854989493512762,20.0
video28_final.mp4,Healthy,46,0.009182432069344496,20.0
video28_final.mp4,Healthy,47,0.0060610485392061965,20.0
video28_final.mp4,Healthy,48,0.019436807829214465,20.0
video28_final.mp4,Healthy,49,0.006832983357123477,20.0
video28_final.mp4,Healthy,50,0.00949621629580891,20.0
video28_final.mp4,Healthy,51,0.005189682717528306,20.0
video28_final.mp4,Healthy,52,0.009006891167791107,20.0
video28_final.mp4,Healthy,53,0.010103357425497457,20.0
video28_final.mp4,Healthy,54,0.021405310747712913,20.0
video28_final.mp4,Healthy,55,0.008134903766177126,20.0
video28_final.mp4,Healthy,56,0.01952614370453321,20.0
video28_final.mp4,Healthy,57,0.012350512033984429,20.0
video28_final.mp4,Healthy,58,0.01158254531742571,20.0
video28_final.mp4,Healthy,59,0.011414581294964555,20.0
video28_final.mp4,Healthy,60,0.015307668919636513,20.0
video28_final.mp4,Healthy,61,0.0028917726095268733,20.0
video28_final.mp4,Healthy,62,0.008055716986668834,20.0
video28_final.mp4,Healthy,63,0.0032323770489824247,20.0
video28_final.mp4,Healthy,64,0.011686108154862013,20.0
video28_final.mp4,Healthy,65,0.013033322012082498,20.0
video28_final.mp4,Healthy,66,0.0190089601379732,20.0
video28_final.mp4,Healthy,67,0.01251067436105815,20.0
video28_final.mp4,Healthy,68,0.01830726360001631,20.0
video28_final.mp4,Healthy,69,0.005012956647497532,20.0
video28_final.mp4,Healthy,70,0.003369623556491224,20.0
video28_final.mp4,Healthy,71,0.010876118760935194,20.0
video28_final.mp4,Healthy,72,0.021944381298089594,20.0
video28_final.mp4,Healthy,73,0.011278260830619365,20.0
video28_final.mp4,Healthy,74,0.014035520809789268,20.0
video28_final.mp4,Healthy,75,0.020243021139845375,20.0
video28_final.mp4,Healthy,76,0.04449682973143092,20.0
video28_final.mp4,Healthy,77,0.02708762719090471,20.0
video28_final.mp4,Healthy,78,0.01144970401006825,20.0
video28_final.mp4,Healthy,79,0.006515461193629059,20.0
video28_final.mp4,Healthy,80,0.016844022130427818,20.0
video28_final.mp4,Healthy,81,0.012698963508718413,20.0
video28_final.mp4,Healthy,82,0.01764350191967724,20.0
video28_final.mp4,Healthy,83,0.00636162552591363,20.0
video28_final.mp4,Healthy,84,0.02393483441067896,20.0
video28_final.mp4,Healthy,85,0.01735638702992446,20.0
video28_final.mp4,Healthy,86,0.022401781550999873,20.0
video28_final.mp4,Healthy,87,0.01446471446434865,20.0
video28_final.mp4,Healthy,88,0.013720761287755168,20.0
video28_final.mp4,Healthy,89,0.01987447257736227,20.0
video28_final.mp4,Healthy,90,0.020690059574159893,20.0
video28_final.mp4,Healthy,91,0.004269277408376282,20.0
video28_final.mp4,Healthy,92,0.010943048826260755,20.0
video28_final.mp4,Healthy,93,0.0071088215357466705,20.0
video28_final.mp4,Healthy,94,0.008520376161087521,20.0
video28_final.mp4,Healthy,95,0.005563952772910128,20.0
video28_final.mp4,Healthy,96,0.007308102469418122,20.0
video28_final.mp4,Healthy,97,0.00446623384298592,20.0
video28_final.mp4,Healthy,98,0.007049857993559561,20.0
video28_final.mp4,Healthy,99,0.005142853688350225,20.0
video28_final.mp4,Healthy,100,0.005670776182959367,20.0
video35_final.mp4,Healthy,1,0.0,20.0
video35_final.mp4,Healthy,2,0.019805712816359705,20.0
video35_final.mp4,Healthy,3,0.0209819910703963,20.0
video35_final.mp4,Healthy,4,0.006533161731108667,20.0
video35_final.mp4,Healthy,5,0.007403956864686918,20.0
video35_final.mp4,Healthy,6,0.011033386245288847,20.0
video35_final.mp4,Healthy,7,0.009159101181420772,20.0
video35_final.mp4,Healthy,8,0.005378025185456882,20.0
video35_final.mp4,Healthy,9,0.007446348775590488,20.0
video35_final.mp4,Healthy,10,0.004088517162601628,20.0
video35_final.mp4,Healthy,11,0.008654362923164936,20.0
video35_final.mp4,Healthy,12,0.005661662949798951,20.0
video35_final.mp4,Healthy,13,0.012441310841684448,20.0
video35_final.mp4,Healthy,14,0.0215251023993855,20.0
video35_final.mp4,Healthy,15,0.009337925519759517,20.0
video35_final.mp4,Healthy,16,0.009813781448671384,20.0
video35_final.mp4,Healthy,17,0.011187780050045252,20.0
video35_final.mp4,Healthy,18,0.015554881949359488,20.0
video35_final.mp4,Healthy,19,0.018273065413909505,20.0
video35_final.mp4,Healthy,20,0.009009322661626374,20.0
video35_final.mp4,Healthy,21,0.01047417013238882,20.0
video35_final.mp4,Healthy,22,0.008563953088781094,20.0
video35_final.mp4,Healthy,23,0.014397527562112274,20.0
video35_final.mp4,Healthy,24,0.007528208488093544,20.0
video35_final.mp4,Healthy,25,0.007354238549656705,20.0
video35_final.mp4,Healthy,26,0.009348411901993486,20.0
video35_final.mp4,Healthy,27,0.008945006792816328,20.0
video35_final.mp4,Healthy,28,0.010896480692079168,20.0
video35_final.mp4,Healthy,29,0.010067465229383132,20.0
video35_final.mp4,Healthy,30,0.01390710916618228,20.0
video35_final.mp4,Healthy,31,0.004138518419032748,20.0
video35_final.mp4,Healthy,32,0.002922495611610517,20.0
video35_final.mp4,Healthy,33,0.011722426758716879,20.0
video35_final.mp4,Healthy,34,0.010358813356423217,20.0
video35_final.mp4,Healthy,35,0.009742987019885695,20.0
video35_final.mp4,Healthy,36,0.012842820954495399,20.0
video35_final.mp4,Healthy,37,0.017784138490637397,20.0
video35_final.mp4,Healthy,38,0.004615680549651428,20.0
video35_final.mp4,Healthy,39,0.042914964711563655,20.0
video35_final.mp4,Healthy,40,0.025437281829122367,20.0
video35_final.mp4,Healthy,41,0.015560875422194208,20.0
video35_final.mp4,Healthy,42,0.011599424200529859,20.0
video35_final.mp4,Healthy,43,0.008915944928657802,20.0
video35_final.mp4,Healthy,44,0.017327917878684207,20.0
video35_final.mp4,Healthy,45,0.0071632641175002855,20.0
video35_final.mp4,Healthy,46,0.012602607119273756,20.0
video35_final.mp4,Healthy,47,0.015126081830325808,20.0
video35_final.mp4,Healthy,48,0.011719570865717918,20.0
video35_final.mp4,Healthy,49,0.01754809444758893,20.0
video35_final.mp4,Healthy,50,0.011724360823734983,20.0
video35_final.mp4,Healthy,51,0.01148910423955794,20.0
video35_final.mp4,Healthy,52,0.00493013630546797,20.0
video35_final.mp4,Healthy,53,0.0074792399462254595,20.0
video35_final.mp4,Healthy,54,0.008824218069045011,20.0
video35_final.mp4,Healthy,55,0.007630130668942581,20.0
video35_final.mp4,Healthy,56,0.018071387446729335,20.0
video35_final.mp4,Healthy,57,0.007822976679409422,20.0
video35_final.mp4,Healthy,58,0.004473643159056332,20.0
video35_final.mp4,Healthy,59,0.009040028480308906,20.0
video35_final.mp4,Healthy,60,0.03609325541357749,20.0
video35_final.mp4,Healthy,61,0.01763984580282599,20.0
video35_final.mp4,Healthy,62,0.005708161221381977,20.0
video35_final.mp4,Healthy,63,0.00831720605455041,20.0
video35_final.mp4,Healthy,64,0.006168933120364965,20.0
video35_final.mp4,Healthy,65,0.0074654365987270556,20.0
video35_final.mp4,Healthy,66,0.007088271544600429,20.0
video35_final.mp4,Healthy,67,0.017759408347196533,20.0
video35_final.mp4,Healthy,68,0.00428387588055173,20.0
video35_final.mp4,Healthy,69,0.012578874009732312,20.0
video35_final.mp4,Healthy,70,0.0073157117117405735,20.0
video35_final.mp4,Healthy,71,0.012899716821856321,20.0
video35_final.mp4,Healthy,72,0.009809648974715156,20.0
video35_final.mp4,Healthy,73,0.0031753402456909338,20.0
video35_final.mp4,Healthy,74,0.00808816324926086,20.0
video35_final.mp4,Healthy,75,0.016964705959642903,20.0
video35_final.mp4,Healthy,76,0.015510580214750505,20.0
video35_final.mp4,Healthy,77,0.0036500790910172325,20.0
video35_final.mp4,Healthy,78,0.003919135313305558,20.0
video35_final.mp4,Healthy,79,0.00541437189486042,20.0
video35_final.mp4,Healthy,80,0.01199329130154871,20.0
video35_final.mp4,Healthy,81,0.0027441986957699566,20.0
video35_final.mp4,Healthy,82,0.007986582751655435,20.0
video35_final.mp4,Healthy,83,0.009981636738878048,20.0
video35_final.mp4,Healthy,84,0.005307655604888337,20.0
video35_final.mp4,Healthy,85,0.00183555407620022,20.0
video35_final.mp4,Healthy,86,0.009178814926131717,20.0
video35_final.mp4,Healthy,87,0.013045001437823656,20.0
video35_final.mp4,Healthy,88,0.011469002114046131,20.0
video35_final.mp4,Healthy,89,0.0065928380247286655,20.0
video35_final.mp4,Healthy,90,0.00424615076388409,20.0
video35_final.mp4,Healthy,91,0.005044270955031414,20.0
video35_final.mp4,Healthy,92,0.010362381815206788,20.0
video35_final.mp4,Healthy,93,0.006540821612483307,20.0
video35_final.mp4,Healthy,94,0.004408076072423659,20.0
video35_final.mp4,Healthy,95,0.006956269665338302,20.0
video35_final.mp4,Healthy,96,0.002287583573056925,20.0
video35_final.mp4,Healthy,97,0.004055443736179427,20.0
video35_final.mp4,Healthy,98,0.005903670706313092,20.0
video35_final.mp4,Healthy,99,0.0037952631693683376,20.0
video35_final.mp4,Healthy,100,0.010410485201598934,20.0
video37_final.mp4,Healthy,1,0.0,20.0
video37_final.mp4,Healthy,2,0.00879337319301389,20.0
video37_final.mp4,Healthy,3,0.010427156058490261,20.0
video37_final.mp4,Healthy,4,0.006339412872673577,20.0
video37_final.mp4,Healthy,5,0.007648274753161588,20.0
video37_final.mp4,Healthy,6,0.007036551071775879,20.0
video37_final.mp4,Healthy,7,0.008953938805698254,20.0
video37_final.mp4,Healthy,8,0.0038978799603513253,20.0
video37_final.mp4,Healthy,9,0.006269152942215447,20.0
video37_final.mp4,Healthy,10,0.008480341204256578,20.0
video37_final.mp4,Healthy,11,0.0059404716878201725,20.0
video37_final.mp4,Healthy,12,0.008640964388003514,20.0
video37_final.mp4,Healthy,13,0.003594855919512148,20.0
video37_final.mp4,Healthy,14,0.006759404063559303,20.0
video37_final.mp4,Healthy,15,0.0076217256306836696,20.0
video37_final.mp4,Healthy,16,0.007504485475581293,20.0
video37_final.mp4,Healthy,17,0.0035848438256738716,20.0
video37_final.mp4,Healthy,18,0.0035547954090020496,20.0
video37_final.mp4,Healthy,19,0.011011329143674534,20.0
video37_final.mp4,Healthy,20,0.009571552813335027,20.0
video37_final.mp4,Healthy,21,0.014955377842514944,20.0
video37_final.mp4,Healthy,22,0.0039660270785913075,20.0
video37_final.mp4,Healthy,23,0.006081680687586527,20.0
video37_final.mp4,Healthy,24,0.005439626856265799,20.0
video37_final.mp4,Healthy,25,0.0029809790115540016,20.0
video37_final.mp4,Healthy,26,0.007858074081056269,20.0
video37_final.mp4,Healthy,27,0.0017028860127090949,20.0
video37_final.mp4,Healthy,28,0.017016525349451483,20.0
video37_final.mp4,Healthy,29,0.01139866463407975,20.0
video37_final.mp4,Healthy,30,0.006653526172496026,20.0
video37_final.mp4,Healthy,31,0.0017778828542250665,20.0
video37_final.mp4,Healthy,32,0.003161887705037998,20.0
video37_final.mp4,Healthy,33,0.005253041706692808,20.0
video37_final.mp4,Healthy,34,0.00714115670929723,20.0
video37_final.mp4,Healthy,35,0.008962738767993125,20.0
video37_final.mp4,Healthy,36,0.003510309918673284,20.0
video37_final.mp4,Healthy,37,0.0037788675357972846,20.0
video37_final.mp4,Healthy,38,0.006977513316004401,20.0
video37_final.mp4,Healthy,39,0.007513679832303899,20.0
video37_final.mp4,Healthy,40,0.0061861812693228355,20.0
video37_final.mp4,Healthy,41,0.0021692234334736733,20.0
video37_final.mp4,Healthy,42,0.0018576860724718483,20.0
video37_final.mp4,Healthy,43,0.002898316149676611,20.0
video37_final.mp4,Healthy,44,0.004456001485280303,20.0
video37_final.mp4,Healthy,45,0.0038340291971568825,20.0
video37_final.mp4,Healthy,46,0.00360862139597068,20.0
video37_final.mp4,Healthy,47,0.008508207911596644,20.0
video37_final.mp4,Healthy,48,0.003096105009144144,20.0
video37_final.mp4,Healthy,49,0.0057805773312310715,20.0
video37_final.mp4,Healthy,50,0.004792248868250049,20.0
video37_final.mp4,Healthy,51,0.009297222351994624,20.0
video37_final.mp4,Healthy,52,0.005794185088289053,20.0
video37_final.mp4,Healthy,53,0.0019135418383046817,20.0
video37_final.mp4,Healthy,54,0.00554756206642463,20.0
video37_final.mp4,Healthy,55,0.004222639735066594,20.0
video37_final.mp4,Healthy,56,0.005983531984746298,20.0
video37_final.mp4,Healthy,57,0.003189619714416755,20.0
video37_final.mp4,Healthy,58,0.00406774889010859,20.0
video37_final.mp4,Healthy,59,0.006021495784398097,20.0
video37_final.mp4,Healthy,60,0.014307949287654578,20.0
video37_final.mp4,Healthy,61,0.00701125866353036,20.0
video37_final.mp4,Healthy,62,0.003969198873992009,20.0
video37_final.mp4,Healthy,63,0.003936733809742814,20.0
video37_final.mp4,Healthy,64,0.0072076571910027355,20.0
video37_final.mp4,Healthy,65,0.0065575517919285896,20.0
video37_final.mp4,Healthy,66,0.009372568372260994,20.0
video37_final.mp4,Healthy,67,0.004621938121211549,20.0
video37_final.mp4,Healthy,68,0.0034418350366189066,20.0
video37_final.mp4,Healthy,69,0.008736194289241394,20.0
video37_final.mp4,Healthy,70,0.011633259671561588,20.0
video37_final.mp4,Healthy,71,0.00794854202586787,20.0
video37_final.mp4,Healthy,72,0.0049132951211472205,20.0
video37_final.mp4,Healthy,73,0.0037685028945229986,20.0
video37_final.mp4,Healthy,74,0.0318512839978375,20.0
video37_final.mp4,Healthy,75,0.039536407979709226,20.0
video37_final.mp4,Healthy,76,0.018319882456324356,20.0
video37_final.mp4,Healthy,77,0.009336484747832597,20.0
video37_final.mp4,Healthy,78,0.0075083598052056956,20.0
video37_final.mp4,Healthy,79,0.014932334007359178,20.0
video37_final.mp4,Healthy,80,0.005409363539862759,20.0
video37_final.mp4,Healthy,81,0.006958284978326124,20.0
video37_final.mp4,Healthy,82,0.004375696799837572,20.0
video37_final.mp4,Healthy,83,0.005029795933631349,20.0
video37_final.mp4,Healthy,84,0.002843787710572451,20.0
video37_final.mp4,Healthy,85,0.004262432640243309,20.0
video37_final.mp4,Healthy,86,0.0035721641564616475,20.0
video37_final.mp4,Healthy,87,0.010358453217224364,20.0
video37_final.mp4,Healthy,88,0.01311473093820974,20.0
video37_final.mp4,Healthy,89,0.013233694299677403,20.0
video37_final.mp4,Healthy,90,0.004677639326244586,20.0
video37_final.mp4,Healthy,91,0.004894643100284171,20.0
video37_final.mp4,Healthy,92,0.0037798671830990165,20.0
video37_final.mp4,Healthy,93,0.006129459341798237,20.0
video37_final.mp4,Healthy,94,0.0035980462165981545,20.0
video37_final.mp4,Healthy,95,0.011216004402398482,20.0
video37_final.mp4,Healthy,96,0.0034353261722773936,20.0
video37_final.mp4,Healthy,97,0.006163542930828754,20.0
video37_final.mp4,Healthy,98,0.0053689957616410875,20.0
video37_final.mp4,Healthy,99,0.004919439700899683,20.0
video37_final.mp4,Healthy,100,0.005993654750954763,20.0
video42_final.mp4,Healthy,1,0.0,20.0
video42_final.mp4,Healthy,2,0.013335307730337254,20.0
video42_final.mp4,Healthy,3,0.00840430050073722,20.0
video42_final.mp4,Healthy,4,0.0027275281555953156,20.0
video42_final.mp4,Healthy,5,0.005686834911955893,20.0
video42_final.mp4,Healthy,6,0.006665969209748751,20.0
video42_final.mp4,Healthy,7,0.0068077753241785515,20.0
video42_final.mp4,Healthy,8,0.0045917466428215615,20.0
video42_final.mp4,Healthy,9,0.008001663158858457,20.0
video42_final.mp4,Healthy,10,0.0069862446697865725,20.0
video42_final.mp4,Healthy,11,0.001861959725165808,20.0
video42_final.mp4,Healthy,12,0.005121625496009621,20.0
video42_final.mp4,Healthy,13,0.006466119604615288,20.0
video42_final.mp4,Healthy,14,0.003527091700417938,20.0
video42_final.mp4,Healthy,15,0.01191369940654443,20.0
video42_final.mp4,Healthy,16,0.007786524114731834,20.0
video42_final.mp4,Healthy,17,0.005623855645350047,20.0
video42_final.mp4,Healthy,18,0.011741311683138083,20.0
video42_final.mp4,Healthy,19,0.005697212158298722,20.0
video42_final.mp4,Healthy,20,0.0072316097047551665,20.0
video42_final.mp4,Healthy,21,0.004195359791319063,20.0
video42_final.mp4,Healthy,22,0.010433660289959,20.0
video42_final.mp4,Healthy,23,0.005144125584555128,20.0
video42_final.mp4,Healthy,24,0.006462455222007796,20.0
video42_final.mp4,Healthy,25,0.003517638636685116,20.0
video42_final.mp4,Healthy,26,0.006650041145688258,20.0
video42_final.mp4,Healthy,27,0.00662197581704067,20.0
video42_final.mp4,Healthy,28,0.003166203240561253,20.0
video42_final.mp4,Healthy,29,0.012039898242463046,20.0
video42_final.mp4,Healthy,30,0.015302451208722609,20.0
video42_final.mp4,Healthy,31,0.0032706436682746866,20.0
video42_final.mp4,Healthy,32,0.015542277779196931,20.0
video42_final.mp4,Healthy,33,0.0035286311081633268,20.0
video42_final.mp4,Healthy,34,0.010316200973701584,20.0
video42_final.mp4,Healthy,35,0.002480694377717841,20.0
video42_final.mp4,Healthy,36,0.013828723033238257,20.0
video42_final.mp4,Healthy,37,0.007500370284117038,20.0
video42_final.mp4,Healthy,38,0.013047059702340843,20.0
video42_final.mp4,Healthy,39,0.005433334667229465,20.0
video42_final.mp4,Healthy,40,0.01697051235158959,20.0
video42_final.mp4,Healthy,41,0.008625134172705958,20.0
video42_final.mp4,Healthy,42,0.008983387030555647,20.0
video42_final.mp4,Healthy,43,0.00579793226401718,20.0
video42_final.mp4,Healthy,44,0.010997637016716362,20.0
video42_final.mp4,Healthy,45,0.011995904301377045,20.0
video42_final.mp4,Healthy,46,0.010093259773287322,20.0
video42_final.mp4,Healthy,47,0.005345336243902795,20.0
video42_final.mp4,Healthy,48,0.004728351441454042,20.0
video42_final.mp4,Healthy,49,0.00313665605365929,20.0
video42_final.mp4,Healthy,50,0.003724287959913926,20.0
video42_final.mp4,Healthy,51,0.00695064291431337,20.0
video42_final.mp4,Healthy,52,0.02504115839584055,20.0
video42_final.mp4,Healthy,53,0.017848368317617477,20.0
video42_final.mp4,Healthy,54,0.02525021306787488,20.0
video42_final.mp4,Healthy,55,0.017754810027248175,20.0
video42_final.mp4,Healthy,56,0.0173399420213649,20.0
video42_final.mp4,Healthy,57,0.01002374248742966,20.0
video42_final.mp4,Healthy,58,0.012355195270615509,20.0
video42_final.mp4,Healthy,59,0.005896035616436928,20.0
video42_final.mp4,Healthy,60,0.006504363111695063,20.0
video42_final.mp4,Healthy,61,0.01025577069102691,20.0
video42_final.mp4,Healthy,62,0.010657752219478024,20.0
video42_final.mp4,Healthy,63,0.01560910004383037,20.0
video42_final.mp4,Healthy,64,0.01716487571214388,20.0
video42_final.mp4,Healthy,65,0.0069228720023745026,20.0
video42_final.mp4,Healthy,66,0.01546702812826561,20.0
video42_final.mp4,Healthy,67,0.009506456430645183,20.0
video42_final.mp4,Healthy,68,0.006458944027221939,20.0
video42_final.mp4,Healthy,69,0.014972029193542276,20.0
video42_final.mp4,Healthy,70,0.006498999445955458,20.0
video42_final.mp4,Healthy,71,0.005654611063795129,20.0
video42_final.mp4,Healthy,72,0.00874197964062858,20.0
video42_final.mp4,Healthy,73,0.00867948737138625,20.0
video42_final.mp4,Healthy,74,0.024271934095424007,20.0
video42_final.mp4,Healthy,75,0.03672142787571094,20.0
video42_final.mp4,Healthy,76,0.031183144263885,20.0
video42_final.mp4,Healthy,77,0.015400551085448346,20.0
video42_final.mp4,Healthy,78,0.01823746119454879,20.0
video42_final.mp4,Healthy,79,0.007960219408108113,20.0
video42_final.mp4,Healthy,80,0.012367006937379703,20.0
video42_final.mp4,Healthy,81,0.006856651242932306,20.0
video42_final.mp4,Healthy,82,0.006976384092101365,20.0
video42_final.mp4,Healthy,83,0.013275214519957718,20.0
video42_final.mp4,Healthy,84,0.007613448224927534,20.0
video42_final.mp4,Healthy,85,0.008485726405551208,20.0
video42_final.mp4,Healthy,86,0.00712692015531603,20.0
video42_final.mp4,Healthy,87,0.008264077990370999,20.0
video42_final.mp4,Healthy,88,0.010453970346856712,20.0
video42_final.mp4,Healthy,89,0.0037632399660742872,20.0
video42_final.mp4,Healthy,90,0.007983235255721265,20.0
video42_final.mp4,Healthy,91,0.009079468879069017,20.0
video42_final.mp4,Healthy,92,0.006859187145111104,20.0
video42_final.mp4,Healthy,93,0.016179150902043117,20.0
video42_final.mp4,Healthy,94,0.010075962106961439,20.0
video42_final.mp4,Healthy,95,0.004549085157549162,20.0
video42_final.mp4,Healthy,96,0.010901368052487715,20.0
video42_final.mp4,Healthy,97,0.008323652346093096,20.0
video42_final.mp4,Healthy,98,0.011540813428875609,20.0
video42_final.mp4,Healthy,99,0.008575223174961996,20.0
video42_final.mp4,Healthy,100,0.01146605571961457,20.0
video4_final.mp4,Healthy,1,0.0,20.0
video4_final.mp4,Healthy,2,0.014387420742575685,20.0
video4_final.mp4,Healthy,3,0.00879499356271335,20.0
video4_final.mp4,Healthy,4,0.0052519234008023,20.0
video4_final.mp4,Healthy,5,0.004186506017896541,20.0
video4_final.mp4,Healthy,6,0.005494735076004069,20.0
video4_final.mp4,Healthy,7,0.0031615937766583347,20.0
video4_final.mp4,Healthy,8,0.0025998626960049625,20.0
video4_final.mp4,Healthy,9,0.0018576432746648358,20.0
video4_final.mp4,Healthy,10,0.00415365594747509,20.0
video4_final.mp4,Healthy,11,0.010833030965089434,20.0
video4_final.mp4,Healthy,12,0.013427275260581914,20.0
video4_final.mp4,Healthy,13,0.012130075313895223,20.0
video4_final.mp4,Healthy,14,0.008147879768107233,20.0
video4_final.mp4,Healthy,15,0.007440078975692427,20.0
video4_final.mp4,Healthy,16,0.011596321019101307,20.0
video4_final.mp4,Healthy,17,0.008342827973988413,20.0
video4_final.mp4,Healthy,18,0.005717674004567562,20.0
video4_final.mp4,Healthy,19,0.004334258058395425,20.0
video4_final.mp4,Healthy,20,0.011803902059888918,20.0
video4_final.mp4,Healthy,21,0.006126677791961666,20.0
video4_final.mp4,Healthy,22,0.006175452774151749,20.0
video4_final.mp4,Healthy,23,0.006003535412830118,20.0
video4_final.mp4,Healthy,24,0.007982042810147076,20.0
video4_final.mp4,Healthy,25,0.006136667548902236,20.0
video4_final.mp4,Healthy,26,0.009047186440241512,20.0
video4_final.mp4,Healthy,27,0.006017309551377572,20.0
video4_final.mp4,Healthy,28,0.018058860412602983,20.0
video4_final.mp4,Healthy,29,0.015269215692210425,20.0
video4_final.mp4,Healthy,30,0.028550503593151068,20.0
video4_final.mp4,Healthy,31,0.022769232452236228,20.0
video4_final.mp4,Healthy,32,0.0282284398312628,20.0
video4_final.mp4,Healthy,33,0.019391840123429014,20.0
video4_final.mp4,Healthy,34,0.04741363890538891,20.0
video4_final.mp4,Healthy,35,0.03167337952660515,20.0
video4_final.mp4,Healthy,36,0.03500048279111674,20.0
video4_final.mp4,Healthy,37,0.01825377324177417,20.0
video4_final.mp4,Healthy,38,0.02768300763142458,20.0
video4_final.mp4,Healthy,39,0.018466496948172362,20.0
video4_final.mp4,Healthy,40,0.02254447645232867,20.0
video4_final.mp4,Healthy,41,0.00899047247956735,20.0
video4_final.mp4,Healthy,42,0.012644034937399188,20.0
video4_final.mp4,Healthy,43,0.010590492614811015,20.0
video4_final.mp4,Healthy,44,0.0092736353590069,20.0
video4_final.mp4,Healthy,45,0.003250446366249199,20.0
video4_final.mp4,Healthy,46,0.009264391884613584,20.0
video4_final.mp4,Healthy,47,0.011386040083440515,20.0
video4_final.mp4,Healthy,48,0.00792690426780659,20.0
video4_final.mp4,Healthy,49,0.00882622117716746,20.0
video4_final.mp4,Healthy,50,0.010866200360634262,20.0
video4_final.mp4,Healthy,51,0.006806208517577288,20.0
video4_final.mp4,Healthy,52,0.02158492161073678,20.0
video4_final.mp4,Healthy,53,0.015302487641508624,20.0
video4_final.mp4,Healthy,54,0.01774463701487179,20.0
video4_final.mp4,Healthy,55,0.017713118318927402,20.0
video4_final.mp4,Healthy,56,0.024965697405587354,20.0
video4_final.mp4,Healthy,57,0.013418457028830988,20.0
video4_final.mp4,Healthy,58,0.01407456614647215,20.0
video4_final.mp4,Healthy,59,0.011084721428291078,20.0
video4_final.mp4,Healthy,60,0.012766808802982726,20.0
video4_final.mp4,Healthy,61,0.00836454155019872,20.0
video4_final.mp4,Healthy,62,0.011845745015870695,20.0
video4_final.mp4,Healthy,63,0.010801998974910324,20.0
video4_final.mp4,Healthy,64,0.010486989702758477,20.0
video4_final.mp4,Healthy,65,0.006921435425654552,20.0
video4_final.mp4,Healthy,66,0.014646317749682267,20.0
video4_final.mp4,Healthy,67,0.03225844473299869,20.0
video4_final.mp4,Healthy,68,0.03294437535393409,20.0
video4_final.mp4,Healthy,69,0.024793098098152267,20.0
video4_final.mp4,Healthy,70,0.025134061913449003,20.0
video4_final.mp4,Healthy,71,0.014888562978405804,20.0
video4_final.mp4,Healthy,72,0.02360861222209564,20.0
video4_final.mp4,Healthy,73,0.020588347156057736,20.0
video4_final.mp4,Healthy,74,0.02775070470694015,20.0
video4_final.mp4,Healthy,75,0.005678410609421755,20.0
video4_final.mp4,Healthy,76,0.0067433215210745395,20.0
video4_final.mp4,Healthy,77,0.006893030087314497,20.0
video4_final.mp4,Healthy,78,0.004997232641590319,20.0
video4_final.mp4,Healthy,79,0.005233271526836733,20.0
video4_final.mp4,Healthy,80,0.015004596907707895,20.0
video4_final.mp4,Healthy,81,0.015354895635728403,20.0
video4_final.mp4,Healthy,82,0.03040662596119948,20.0
video4_final.mp4,Healthy,83,0.018354511507685863,20.0
video4_final.mp4,Healthy,84,0.012781392460423587,20.0
video4_final.mp4,Healthy,85,0.010145873236312868,20.0
video4_final.mp4,Healthy,86,0.011712618908436948,20.0
video4_final.mp4,Healthy,87,0.00768238540645632,20.0
video4_final.mp4,Healthy,88,0.01499640772814114,20.0
video4_final.mp4,Healthy,89,0.020229561792927023,20.0
video4_final.mp4,Healthy,90,0.020840766047905957,20.0
video4_final.mp4,Healthy,91,0.015862468476273053,20.0
video4_final.mp4,Healthy,92,0.007032943446021504,20.0
video4_final.mp4,Healthy,93,0.004847961603004859,20.0
video4_final.mp4,Healthy,94,0.030668780820660713,20.0
video4_final.mp4,Healthy,95,0.032005362768318946,20.0
video4_final.mp4,Healthy,96,0.029279012936120962,20.0
video4_final.mp4,Healthy,97,0.014081661032363121,20.0
video4_final.mp4,Healthy,98,0.010255071949446025,20.0
video4_final.mp4,Healthy,99,0.00657534885658167,20.0
video4_final.mp4,Healthy,100,0.013441289318967601,20.0
video50_final.mp4,Healthy,1,0.0,20.0
video50_final.mp4,Healthy,2,0.006008421621454576,20.0
video50_final.mp4,Healthy,3,0.016604541592281377,20.0
video50_final.mp4,Healthy,4,0.011161575764593878,20.0
video50_final.mp4,Healthy,5,0.012530102939783221,20.0
video50_final.mp4,Healthy,6,0.00469419135718628,20.0
video50_final.mp4,Healthy,7,0.005658593687759085,20.0
video50_final.mp4,Healthy,8,0.011001944465436694,20.0
video50_final.mp4,Healthy,9,0.01328323951760077,20.0
video50_final.mp4,Healthy,10,0.0030101169215218703,20.0
video50_final.mp4,Healthy,11,0.004441569197332497,20.0
video50_final.mp4,Healthy,12,0.015991262714922877,20.0
video50_final.mp4,Healthy,13,0.00567109887646451,20.0
video50_final.mp4,Healthy,14,0.007287388925196742,20.0
video50_final.mp4,Healthy,15,0.006305468372404007,20.0
video50_final.mp4,Healthy,16,0.0051170906174709315,20.0
video50_final.mp4,Healthy,17,0.010469285859118327,20.0
video50_final.mp4,Healthy,18,0.010733107938715954,20.0
video50_final.mp4,Healthy,19,0.006369149988786184,20.0
video50_final.mp4,Healthy,20,0.005429351213334047,20.0
video50_final.mp4,Healthy,21,0.0032052282799791233,20.0
video50_final.mp4,Healthy,22,0.01370583818093426,20.0
video50_final.mp4,Healthy,23,0.008945558640174456,20.0
video50_final.mp4,Healthy,24,0.005546915590113611,20.0
video50_final.mp4,Healthy,25,0.005373045427098672,20.0
video50_final.mp4,Healthy,26,0.0050016303694237225,20.0
video50_final.mp4,Healthy,27,0.0022935414257946557,20.0
video50_final.mp4,Healthy,28,0.009356028604638881,20.0
video50_final.mp4,Healthy,29,0.0064816315760601205,20.0
video50_final.mp4,Healthy,30,0.01571105577745796,20.0
video50_final.mp4,Healthy,31,0.010793248567252563,20.0
video50_final.mp4,Healthy,32,0.003068845382073803,20.0
video50_final.mp4,Healthy,33,0.009858105901179446,20.0
video50_final.mp4,Healthy,34,0.007451049996679247,20.0
video50_final.mp4,Healthy,35,0.009177326023335066,20.0
video50_final.mp4,Healthy,36,0.010350246962108501,20.0
video50_final.mp4,Healthy,37,0.004588090382594537,20.0
video50_final.mp4,Healthy,38,0.0060709767806151746,20.0
video50_final.mp4,Healthy,39,0.008696895753498907,20.0
video50_final.mp4,Healthy,40,0.0029121956533330684,20.0
video50_final.mp4,Healthy,41,0.007588305886334927,20.0
video50_final.mp4,Healthy,42,0.013164228199923966,20.0
video50_final.mp4,Healthy,43,0.009071057592097559,20.0
video50_final.mp4,Healthy,44,0.014412975090528796,20.0
video50_final.mp4,Healthy,45,0.0026633184211522455,20.0
video50_final.mp4,Healthy,46,0.013213121006053614,20.0
video50_final.mp4,Healthy,47,0.004308662329938396,20.0
video50_final.mp4,Healthy,48,0.005611716384278282,20.0
video50_final.mp4,Healthy,49,0.010372427690202714,20.0
video50_final.mp4,Healthy,50,0.003383220193517898,20.0
video50_final.mp4,Healthy,51,0.006262398765510706,20.0
video50_final.mp4,Healthy,52,0.003511993957281294,20.0
video50_final.mp4,Healthy,53,0.001375866704335908,20.0
video50_final.mp4,Healthy,54,0.00443272486834295,20.0
video50_final.mp4,Healthy,55,0.006058586914472768,20.0
video50_final.mp4,Healthy,56,0.006708154342973172,20.0
video50_final.mp4,Healthy,57,0.007223844757533187,20.0
video50_final.mp4,Healthy,58,0.0026260477239612033,20.0
video50_final.mp4,Healthy,59,0.0049849846719524655,20.0
video50_final.mp4,Healthy,60,0.016699628198673537,20.0
video50_final.mp4,Healthy,61,0.009354156820535168,20.0
video50_final.mp4,Healthy,62,0.008153679049262615,20.0
video50_final.mp4,Healthy,63,0.0013946283907423254,20.0
video50_final.mp4,Healthy,64,0.007109874917008266,20.0
video50_final.mp4,Healthy,65,0.004025823640395577,20.0
video50_final.mp4,Healthy,66,0.007200303929684246,20.0
video50_final.mp4,Healthy,67,0.005168507963789146,20.0
video50_final.mp4,Healthy,68,0.002852905220627809,20.0
video50_final.mp4,Healthy,69,0.0020652145109928965,20.0
video50_final.mp4,Healthy,70,0.017181036602273967,20.0
video50_final.mp4,Healthy,71,0.007511361714314366,20.0
video50_final.mp4,Healthy,72,0.01609516044071846,20.0
video50_final.mp4,Healthy,73,0.008386246119360567,20.0
video50_final.mp4,Healthy,74,0.010125620370741936,20.0
video50_final.mp4,Healthy,75,0.013860176865961396,20.0
video50_final.mp4,Healthy,76,0.010395898857963963,20.0
video50_final.mp4,Healthy,77,0.00499302770660891,20.0
video50_final.mp4,Healthy,78,0.0024460013995119298,20.0
video50_final.mp4,Healthy,79,0.004831774079794651,20.0
video50_final.mp4,Healthy,80,0.012122775273343033,20.0
video50_final.mp4,Healthy,81,0.004607343740580388,20.0
video50_final.mp4,Healthy,82,0.005384613072108675,20.0
video50_final.mp4,Healthy,83,0.003935330664780527,20.0
video50_final.mp4,Healthy,84,0.007976404198242654,20.0
video50_final.mp4,Healthy,85,0.006665210833294933,20.0
video50_final.mp4,Healthy,86,0.007744694471383026,20.0
video50_final.mp4,Healthy,87,0.01469824842329458,20.0
video50_final.mp4,Healthy,88,0.007508792616614459,20.0
video50_final.mp4,Healthy,89,0.012819254569375544,20.0
video50_final.mp4,Healthy,90,0.008136833904485937,20.0
video50_final.mp4,Healthy,91,0.003674892942260039,20.0
video50_final.mp4,Healthy,92,0.002310504169949945,20.0
video50_final.mp4,Healthy,93,0.002883366129607449,20.0
video50_final.mp4,Healthy,94,0.0026810227193500374,20.0
video50_final.mp4,Healthy,95,0.0036821368158605483,20.0
video50_final.mp4,Healthy,96,0.004133309379980571,20.0
video50_final.mp4,Healthy,97,0.004528516870881708,20.0
video50_final.mp4,Healthy,98,0.00584171272570274,20.0
video50_final.mp4,Healthy,99,0.005500520341295495,20.0
video50_final.mp4,Healthy,100,0.017297526800211314,20.0
video5_final.mp4,Healthy,1,0.0,19.776536312849164
video5_final.mp4,Healthy,2,0.02031387811442048,19.776536312849164
video5_final.mp4,Healthy,3,0.006943485123289635,19.776536312849164
video5_final.mp4,Healthy,4,0.005077546625120309,19.776536312849164
video5_final.mp4,Healthy,5,0.01477049863588013,19.776536312849164
video5_final.mp4,Healthy,6,0.033391000920946295,19.776536312849164
video5_final.mp4,Healthy,7,0.018457481549139284,19.776536312849164
video5_final.mp4,Healthy,8,0.019165807529603805,19.776536312849164
video5_final.mp4,Healthy,9,0.009079946769217678,19.776536312849164
video5_final.mp4,Healthy,10,0.01276625566390902,19.776536312849164
video5_final.mp4,Healthy,11,0.011791317675583644,19.776536312849164
video5_final.mp4,Healthy,12,0.011891319448914682,19.776536312849164
video5_final.mp4,Healthy,13,0.02018695723775831,19.776536312849164
video5_final.mp4,Healthy,14,0.03132160974636058,19.776536312849164
video5_final.mp4,Healthy,15,0.046715513607551745,19.776536312849164
video5_final.mp4,Healthy,16,0.10302636129399671,19.776536312849164
video5_final.mp4,Healthy,17,0.08053620950562089,19.776536312849164
video5_final.mp4,Healthy,18,0.08045537386928295,19.776536312849164
video5_final.mp4,Healthy,19,0.04786895619929384,19.776536312849164
video5_final.mp4,Healthy,20,0.038225190049593474,19.776536312849164
video5_final.mp4,Healthy,21,0.027206610290095263,19.776536312849164
video5_final.mp4,Healthy,22,0.012500613515662277,19.776536312849164
video5_final.mp4,Healthy,23,0.010174011124391195,19.776536312849164
video5_final.mp4,Healthy,24,0.01863930728428371,19.776536312849164
video5_final.mp4,Healthy,25,0.012415129272363259,19.776536312849164
video5_final.mp4,Healthy,26,0.01573642644172636,19.776536312849164
video5_final.mp4,Healthy,27,0.017491603981709698,19.776536312849164
video5_final.mp4,Healthy,28,0.01943702792509886,19.776536312849164
video5_final.mp4,Healthy,29,0.023523494100048316,19.776536312849164
video5_final.mp4,Healthy,30,0.025257982445981587,19.776536312849164
video5_final.mp4,Healthy,31,0.0204569940699135,19.776536312849164
video5_final.mp4,Healthy,32,0.06976084857094443,19.776536312849164
video5_final.mp4,Healthy,33,0.07374014210089488,19.776536312849164
video5_final.mp4,Healthy,34,0.0899772185747302,19.776536312849164
video5_final.mp4,Healthy,35,0.040780784641918144,19.776536312849164
video5_final.mp4,Healthy,36,0.034728014614999254,19.776536312849164
video5_final.mp4,Healthy,37,0.0196278842870119,19.776536312849164
video5_final.mp4,Healthy,38,0.013358937964828423,19.776536312849164
video5_final.mp4,Healthy,39,0.01111928731449761,19.776536312849164
video5_final.mp4,Healthy,40,0.015854239299886476,19.776536312849164
video5_final.mp4,Healthy,41,0.011683694280131437,19.776536312849164
video5_final.mp4,Healthy,42,0.011587849086572493,19.776536312849164
video5_final.mp4,Healthy,43,0.0055796807526034865,19.776536312849164
video5_final.mp4,Healthy,44,0.007672059673176299,19.776536312849164
video5_final.mp4,Healthy,45,0.006223753885679159,19.776536312849164
video5_final.mp4,Healthy,46,0.005536826597787724,19.776536312849164
video5_final.mp4,Healthy,47,0.007824457302259925,19.776536312849164
video5_final.mp4,Healthy,48,0.0034178900338123672,19.776536312849164
video5_final.mp4,Healthy,49,0.0032071601389551015,19.776536312849164
video5_final.mp4,Healthy,50,0.0062768566803134305,19.776536312849164
video5_final.mp4,Healthy,51,0.006424577767920674,19.776536312849164
video5_final.mp4,Healthy,52,0.016026543805985564,19.776536312849164
video5_final.mp4,Healthy,53,0.023641550461831702,19.776536312849164
video5_final.mp4,Healthy,54,0.0338756183505694,19.776536312849164
video5_final.mp4,Healthy,55,0.01030099340912592,19.776536312849164
video5_final.mp4,Healthy,56,0.01104045244591867,19.776536312849164
video5_final.mp4,Healthy,57,0.017327206183918826,19.776536312849164
video5_final.mp4,Healthy,58,0.039588611113542505,19.776536312849164
video5_final.mp4,Healthy,59,0.03864344971319297,19.776536312849164
video5_final.mp4,Healthy,60,0.06583457776175572,19.776536312849164
video5_final.mp4,Healthy,61,0.04541485062987442,19.776536312849164
video5_final.mp4,Healthy,62,0.06468146940207062,19.776536312849164
video5_final.mp4,Healthy,63,0.04518993441465357,19.776536312849164
video5_final.mp4,Healthy,64,0.04390222576852015,19.776536312849164
video5_final.mp4,Healthy,65,0.013278329422335875,19.776536312849164
video5_final.mp4,Healthy,66,0.014512857037856144,19.776536312849164
video5_final.mp4,Healthy,67,0.008606172723504602,19.776536312849164
video5_final.mp4,Healthy,68,0.01345706106951428,19.776536312849164
video5_final.mp4,Healthy,69,0.008064610529872184,19.776536312849164
video5_final.mp4,Healthy,70,0.004910066231147795,19.776536312849164
video5_final.mp4,Healthy,71,0.0041006327644732025,19.776536312849164
video5_final.mp4,Healthy,72,0.02070899816742244,19.776536312849164
video5_final.mp4,Healthy,73,0.009048308084440179,19.776536312849164
video5_final.mp4,Healthy,74,0.005363053144794394,19.776536312849164
video5_final.mp4,Healthy,75,0.0043647588031406805,19.776536312849164
video5_final.mp4,Healthy,76,0.00974412245406686,19.776536312849164
video5_final.mp4,Healthy,77,0.010998892096765817,19.776536312849164
video5_final.mp4,Healthy,78,0.010475800710894378,19.776536312849164
video5_final.mp4,Healthy,79,0.00729644758351977,19.776536312849164
video5_final.mp4,Healthy,80,0.007651965686051004,19.776536312849164
video5_final.mp4,Healthy,81,0.008445048983747896,19.776536312849164
video5_final.mp4,Healthy,82,0.0060072791432588925,19.776536312849164
video5_final.mp4,Healthy,83,0.0037774059260071158,19.776536312849164
video5_final.mp4,Healthy,84,0.005163165856438302,19.776536312849164
video5_final.mp4,Healthy,85,0.006424498006649922,19.776536312849164
video5_final.mp4,Healthy,86,0.004862613316530344,19.776536312849164
video5_final.mp4,Healthy,87,0.007161597167004247,19.776536312849164
video5_final.mp4,Healthy,88,0.005929211413500729,19.776536312849164
video5_final.mp4,Healthy,89,0.003179179775608934,19.776536312849164
video5_final.mp4,Healthy,90,0.025430302117412144,19.776536312849164
video5_final.mp4,Healthy,91,0.014506924712093439,19.776536312849164
video5_final.mp4,Healthy,92,0.008197898932991821,19.776536312849164
video5_final.mp4,Healthy,93,0.005194353066037757,19.776536312849164
video5_final.mp4,Healthy,94,0.005404080062631668,19.776536312849164
video5_final.mp4,Healthy,95,0.004390437991476741,19.776536312849164
video5_final.mp4,Healthy,96,0.0127622859404336,19.776536312849164
video5_final.mp4,Healthy,97,0.008909188762463358,19.776536312849164
video5_final.mp4,Healthy,98,0.010960980328689585,19.776536312849164
video66_final.mp4,Healthy,1,0.0,20.0
video66_final.mp4,Healthy,2,0.008473649562531578,20.0
video66_final.mp4,Healthy,3,0.0044219405775602445,20.0
video66_final.mp4,Healthy,4,0.001641752765496929,20.0
video66_final.mp4,Healthy,5,0.0022348516442382738,20.0
video66_final.mp4,Healthy,6,0.006409988824017729,20.0
video66_final.mp4,Healthy,7,0.002612288171692831,20.0
video66_final.mp4,Healthy,8,0.0023248417638273102,20.0
video66_final.mp4,Healthy,9,0.00106550343471485,20.0
video66_final.mp4,Healthy,10,0.009240842078010916,20.0
video66_final.mp4,Healthy,11,0.003978790202006978,20.0
video66_final.mp4,Healthy,12,0.00262384457438843,20.0
video66_final.mp4,Healthy,13,0.003932917053523869,20.0
video66_final.mp4,Healthy,14,0.002626398832287233,20.0
video66_final.mp4,Healthy,15,0.003004063842948562,20.0
video66_final.mp4,Healthy,16,0.003309790697906702,20.0
video66_final.mp4,Healthy,17,0.0027206367332311978,20.0
video66_final.mp4,Healthy,18,0.002724592843856421,20.0
video66_final.mp4,Healthy,19,0.0022723451926280804,20.0
video66_final.mp4,Healthy,20,0.003191868347152933,20.0
video66_final.mp4,Healthy,21,0.0018785711678065379,20.0
video66_final.mp4,Healthy,22,0.0007390453335208922,20.0
video66_final.mp4,Healthy,23,0.0009612050989160733,20.0
video66_final.mp4,Healthy,24,0.014236758171364758,20.0
video66_final.mp4,Healthy,25,0.00765625366775269,20.0
video66_final.mp4,Healthy,26,0.01122048942199657,20.0
video66_final.mp4,Healthy,27,0.007653667253990455,20.0
video66_final.mp4,Healthy,28,0.010892089190506778,20.0
video66_final.mp4,Healthy,29,0.009451738716149082,20.0
video66_final.mp4,Healthy,30,0.015899193791603365,20.0
video66_final.mp4,Healthy,31,0.01207831610196101,20.0
video66_final.mp4,Healthy,32,0.020258518247918637,20.0
video66_final.mp4,Healthy,33,0.012393428693398,20.0
video66_final.mp4,Healthy,34,0.007687277584288704,20.0
video66_final.mp4,Healthy,35,0.005740465086172613,20.0
video66_final.mp4,Healthy,36,0.003838467686383366,20.0
video66_final.mp4,Healthy,37,0.0052853955798092215,20.0
video66_final.mp4,Healthy,38,0.0032560805816452473,20.0
video66_final.mp4,Healthy,39,0.0054334247812335024,20.0
video66_final.mp4,Healthy,40,0.008933271688281539,20.0
video66_final.mp4,Healthy,41,0.011941606170236877,20.0
video66_final.mp4,Healthy,42,0.01758757062180799,20.0
video66_final.mp4,Healthy,43,0.010238874627248023,20.0
video66_final.mp4,Healthy,44,0.006424494268099243,20.0
video66_final.mp4,Healthy,45,0.00418767601739449,20.0
video66_final.mp4,Healthy,46,0.008948303626852623,20.0
video66_final.mp4,Healthy,47,0.009148619009381345,20.0
video66_final.mp4,Healthy,48,0.005231895689935472,20.0
video66_final.mp4,Healthy,49,0.00722607453056359,20.0
video66_final.mp4,Healthy,50,0.014591915165068825,20.0
video66_final.mp4,Healthy,51,0.016569904132586015,20.0
video66_final.mp4,Healthy,52,0.03238440688690063,20.0
video66_final.mp4,Healthy,53,0.028283459064051115,20.0
video66_final.mp4,Healthy,54,0.03568166921004554,20.0
video66_final.mp4,Healthy,55,0.01886878947899966,20.0
video66_final.mp4,Healthy,56,0.01683713197495898,20.0
video66_final.mp4,Healthy,57,0.011671566622796914,20.0
video66_final.mp4,Healthy,58,0.004021144547611288,20.0
video66_final.mp4,Healthy,59,0.005046957967144588,20.0
video66_final.mp4,Healthy,60,0.016969433446155577,20.0
video66_final.mp4,Healthy,61,0.011187452804089542,20.0
video66_final.mp4,Healthy,62,0.008216181114466406,20.0
video66_final.mp4,Healthy,63,0.006762898912818785,20.0
video66_final.mp4,Healthy,64,0.0069264205089580744,20.0
video66_final.mp4,Healthy,65,0.012719955051912406,20.0
video66_final.mp4,Healthy,66,0.007188245004687788,20.0
video66_final.mp4,Healthy,67,0.007149771654870919,20.0
video66_final.mp4,Healthy,68,0.007573672572892024,20.0
video66_final.mp4,Healthy,69,0.006971838189423009,20.0
video66_final.mp4,Healthy,70,0.004668015983425777,20.0
video66_final.mp4,Healthy,71,0.0015309771853801103,20.0
video66_final.mp4,Healthy,72,0.0027254888080351343,20.0
video66_final.mp4,Healthy,73,0.004549131207512987,20.0
video66_final.mp4,Healthy,74,0.0034024858398416956,20.0
video66_final.mp4,Healthy,75,0.0013589698041814432,20.0
video66_final.mp4,Healthy,76,0.005529975395554353,20.0
video66_final.mp4,Healthy,77,0.003626802542612442,20.0
video66_final.mp4,Healthy,78,0.002082278679442122,20.0
video66_final.mp4,Healthy,79,0.003486401054467381,20.0
video66_final.mp4,Healthy,80,0.0063641090357632185,20.0
video66_final.mp4,Healthy,81,0.0029718273652844522,20.0
video66_final.mp4,Healthy,82,0.0032736186414706833,20.0
video66_final.mp4,Healthy,83,0.0024802982955834303,20.0
video66_final.mp4,Healthy,84,0.0022648692456086446,20.0
video66_final.mp4,Healthy,85,0.0031371429931685555,20.0
video66_final.mp4,Healthy,86,0.0020554779106697818,20.0
video66_final.mp4,Healthy,87,0.004467441318815591,20.0
video66_final.mp4,Healthy,88,0.002280484205181695,20.0
video66_final.mp4,Healthy,89,0.0035998414301534293,20.0
video66_final.mp4,Healthy,90,0.0074849200180266,20.0
video66_final.mp4,Healthy,91,0.005292540628507208,20.0
video66_final.mp4,Healthy,92,0.01168995053436593,20.0
video66_final.mp4,Healthy,93,0.016111255114879174,20.0
video66_final.mp4,Healthy,94,0.02625740546751096,20.0
video66_final.mp4,Healthy,95,0.015207102132464996,20.0
video66_final.mp4,Healthy,96,0.005351888025666991,20.0
video66_final.mp4,Healthy,97,0.006018677703004819,20.0
video66_final.mp4,Healthy,98,0.007186725119241509,20.0
video66_final.mp4,Healthy,99,0.005466495621552207,20.0
video66_final.mp4,Healthy,100,0.010763364165945826,20.0
video67_final.mp4,Healthy,1,0.0,20.0
video67_final.mp4,Healthy,2,0.008402616287238499,20.0
video67_final.mp4,Healthy,3,0.0034013369672735104,20.0
video67_final.mp4,Healthy,4,0.0031979135585308354,20.0
video67_final.mp4,Healthy,5,0.0035225674005638224,20.0
video67_final.mp4,Healthy,6,0.004951853006732493,20.0
video67_final.mp4,Healthy,7,0.0033430360172263026,20.0
video67_final.mp4,Healthy,8,0.003007094322202018,20.0
video67_final.mp4,Healthy,9,0.002173920339046826,20.0
video67_final.mp4,Healthy,10,0.007309684635616167,20.0
video67_final.mp4,Healthy,11,0.004068890738259697,20.0
video67_final.mp4,Healthy,12,0.004861351632999742,20.0
video67_final.mp4,Healthy,13,0.008436805750121701,20.0
video67_final.mp4,Healthy,14,0.005988732132704089,20.0
video67_final.mp4,Healthy,15,0.0013947783307788387,20.0
video67_final.mp4,Healthy,16,0.003011602847482284,20.0
video67_final.mp4,Healthy,17,0.007849616856756452,20.0
video67_final.mp4,Healthy,18,0.018609501201034287,20.0
video67_final.mp4,Healthy,19,0.017503734155406417,20.0
video67_final.mp4,Healthy,20,0.026792611793741577,20.0
video67_final.mp4,Healthy,21,0.0247654462597692,20.0
video67_final.mp4,Healthy,22,0.023618357978413308,20.0
video67_final.mp4,Healthy,23,0.011781911247424068,20.0
video67_final.mp4,Healthy,24,0.011668440642071082,20.0
video67_final.mp4,Healthy,25,0.001960655016002509,20.0
video67_final.mp4,Healthy,26,0.0011076889212162557,20.0
video67_final.mp4,Healthy,27,0.002151518739861578,20.0
video67_final.mp4,Healthy,28,0.00569503756811872,20.0
video67_final.mp4,Healthy,29,0.002769862216648685,20.0
video67_final.mp4,Healthy,30,0.0035408802574688424,20.0
video67_final.mp4,Healthy,31,0.002979037034455346,20.0
video67_final.mp4,Healthy,32,0.0022089792548269514,20.0
video67_final.mp4,Healthy,33,0.0012391882858544746,20.0
video67_final.mp4,Healthy,34,0.0028286250406623905,20.0
video67_final.mp4,Healthy,35,0.0025380201697294,20.0
video67_final.mp4,Healthy,36,0.007895731451745266,20.0
video67_final.mp4,Healthy,37,0.0027175624704263222,20.0
video67_final.mp4,Healthy,38,0.004401624463202055,20.0
video67_final.mp4,Healthy,39,0.004657917459303381,20.0
video67_final.mp4,Healthy,40,0.002413068111838156,20.0
video67_final.mp4,Healthy,41,0.002144999330703703,20.0
video67_final.mp4,Healthy,42,0.0006861395846566801,20.0
video67_final.mp4,Healthy,43,0.0028944930376242984,20.0
video67_final.mp4,Healthy,44,0.00855321844589175,20.0
video67_final.mp4,Healthy,45,0.002533142247130781,20.0
video67_final.mp4,Healthy,46,0.0030846064069924126,20.0
video67_final.mp4,Healthy,47,0.0036347479458282545,20.0
video67_final.mp4,Healthy,48,0.0071698288116215075,20.0
video67_final.mp4,Healthy,49,0.0025297028804757383,20.0
video67_final.mp4,Healthy,50,0.004272713045892442,20.0
video67_final.mp4,Healthy,51,0.0025611640950147646,20.0
video67_final.mp4,Healthy,52,0.005292635317125487,20.0
video67_final.mp4,Healthy,53,0.004301339683720444,20.0
video67_final.mp4,Healthy,54,0.004622380859874478,20.0
video67_final.mp4,Healthy,55,0.004595406442580481,20.0
video67_final.mp4,Healthy,56,0.0022469396261035257,20.0
video67_final.mp4,Healthy,57,0.006168738016904029,20.0
video67_final.mp4,Healthy,58,0.004505042586956788,20.0
video67_final.mp4,Healthy,59,0.008574440251991543,20.0
video67_final.mp4,Healthy,60,0.004432139554214834,20.0
video67_final.mp4,Healthy,61,0.003404821113293919,20.0
video67_final.mp4,Healthy,62,0.0035043714512815204,20.0
video67_final.mp4,Healthy,63,0.0024576360493945852,20.0
video67_final.mp4,Healthy,64,0.0015612049118841815,20.0
video67_final.mp4,Healthy,65,0.004969223524188918,20.0
video67_final.mp4,Healthy,66,0.012941155841085008,20.0
video67_final.mp4,Healthy,67,0.010584722966365593,20.0
video67_final.mp4,Healthy,68,0.02265412312290016,20.0
video67_final.mp4,Healthy,69,0.018863357634095138,20.0
video67_final.mp4,Healthy,70,0.025845034686665835,20.0
video67_final.mp4,Healthy,71,0.007165479924529253,20.0
video67_final.mp4,Healthy,72,0.003729662872170953,20.0
video67_final.mp4,Healthy,73,0.005961979313450338,20.0
video67_final.mp4,Healthy,74,0.0032557017799211283,20.0
video67_final.mp4,Healthy,75,0.006530779577234464,20.0
video67_final.mp4,Healthy,76,0.006135993664880221,20.0
video67_final.mp4,Healthy,77,0.0052909349564710184,20.0
video67_final.mp4,Healthy,78,0.003270955910711179,20.0
video67_final.mp4,Healthy,79,0.005935157206817057,20.0
video67_final.mp4,Healthy,80,0.004169434028510113,20.0
video67_final.mp4,Healthy,81,0.006367412823442447,20.0
video67_final.mp4,Healthy,82,0.006941493755355624,20.0
video67_final.mp4,Healthy,83,0.008050383554691516,20.0
video67_final.mp4,Healthy,84,0.006024758238173305,20.0
video67_final.mp4,Healthy,85,0.003003963556792859,20.0
video67_final.mp4,Healthy,86,0.001654828979791273,20.0
video67_final.mp4,Healthy,87,0.005847188921959103,20.0
video67_final.mp4,Healthy,88,0.020030491637345885,20.0
video67_final.mp4,Healthy,89,0.01264542861110941,20.0
video67_final.mp4,Healthy,90,0.020374249728686282,20.0
video67_final.mp4,Healthy,91,0.017781168818344135,20.0
video67_final.mp4,Healthy,92,0.02489763231283452,20.0
video67_final.mp4,Healthy,93,0.0075152273253482615,20.0
video67_final.mp4,Healthy,94,0.011184783592728873,20.0
video67_final.mp4,Healthy,95,0.0032111554833963675,20.0
video67_final.mp4,Healthy,96,0.0037825905990298246,20.0
video67_final.mp4,Healthy,97,0.004329938599896725,20.0
video67_final.mp4,Healthy,98,0.008531515570277388,20.0
video67_final.mp4,Healthy,99,0.005685243769547972,20.0
video67_final.mp4,Healthy,100,0.00525779064993674,20.0
video68_final.mp4,Healthy,1,0.0,20.0
video68_final.mp4,Healthy,2,0.04152502574992013,20.0
video68_final.mp4,Healthy,3,0.03137008700011306,20.0
video68_final.mp4,Healthy,4,0.02209892587488168,20.0
video68_final.mp4,Healthy,5,0.008617413102551829,20.0
video68_final.mp4,Healthy,6,0.0037477145737517792,20.0
video68_final.mp4,Healthy,7,0.006273525176787598,20.0
video68_final.mp4,Healthy,8,0.011250934290798466,20.0
video68_final.mp4,Healthy,9,0.009475847397226369,20.0
video68_final.mp4,Healthy,10,0.016262709254401576,20.0
video68_final.mp4,Healthy,11,0.016242268238893035,20.0
video68_final.mp4,Healthy,12,0.027409680018893427,20.0
video68_final.mp4,Healthy,13,0.015448576894102459,20.0
video68_final.mp4,Healthy,14,0.01669728510657816,20.0
video68_final.mp4,Healthy,15,0.009656474287944755,20.0
video68_final.mp4,Healthy,16,0.0029741216144541305,20.0
video68_final.mp4,Healthy,17,0.006220904844035651,20.0
video68_final.mp4,Healthy,18,0.005141881992156525,20.0
video68_final.mp4,Healthy,19,0.004250952758954202,20.0
video68_final.mp4,Healthy,20,0.0054428023157254025,20.0
video68_final.mp4,Healthy,21,0.003826241021216438,20.0
video68_final.mp4,Healthy,22,0.002595682538153207,20.0
video68_final.mp4,Healthy,23,0.0040109830964171304,20.0
video68_final.mp4,Healthy,24,0.002751290761428731,20.0
video68_final.mp4,Healthy,25,0.003953124324536302,20.0
video68_final.mp4,Healthy,26,0.004088331541387783,20.0
video68_final.mp4,Healthy,27,0.007700282265896795,20.0
video68_final.mp4,Healthy,28,0.008456617498679386,20.0
video68_final.mp4,Healthy,29,0.010981831540893956,20.0
video68_final.mp4,Healthy,30,0.007842410777664342,20.0
video68_final.mp4,Healthy,31,0.0033607253652173444,20.0
video68_final.mp4,Healthy,32,0.004882593723646926,20.0
video68_final.mp4,Healthy,33,0.0034096432855256946,20.0
video68_final.mp4,Healthy,34,0.003961988976013237,20.0
video68_final.mp4,Healthy,35,0.004177928314291066,20.0
video68_final.mp4,Healthy,36,0.005522485287384462,20.0
video68_final.mp4,Healthy,37,0.0034001131090636953,20.0
video68_final.mp4,Healthy,38,0.008113289881135724,20.0
video68_final.mp4,Healthy,39,0.0040563085565994495,20.0
video68_final.mp4,Healthy,40,0.0022715475380837027,20.0
video68_final.mp4,Healthy,41,0.0027417261720023554,20.0
video68_final.mp4,Healthy,42,0.005047238456235149,20.0
video68_final.mp4,Healthy,43,0.0018596972656705637,20.0
video68_final.mp4,Healthy,44,0.007122351494683894,20.0
video68_final.mp4,Healthy,45,0.003999211763429657,20.0
video68_final.mp4,Healthy,46,0.0075204612039279665,20.0
video68_final.mp4,Healthy,47,0.0054150557932890675,20.0
video68_final.mp4,Healthy,48,0.001467261599390169,20.0
video68_final.mp4,Healthy,49,0.0013527211563032215,20.0
video68_final.mp4,Healthy,50,0.008168635803994063,20.0
video68_final.mp4,Healthy,51,0.010060006743242334,20.0
video68_final.mp4,Healthy,52,0.011579186881926475,20.0
video68_final.mp4,Healthy,53,0.0022650151767262417,20.0
video68_final.mp4,Healthy,54,0.0025653199074900804,20.0
video68_final.mp4,Healthy,55,0.0013553106899989631,20.0
video68_final.mp4,Healthy,56,0.003913482502796233,20.0
video68_final.mp4,Healthy,57,0.0020847989513463477,20.0
video68_final.mp4,Healthy,58,0.00540088607705166,20.0
video68_final.mp4,Healthy,59,0.005947526778339095,20.0
video68_final.mp4,Healthy,60,0.0032951232799703087,20.0
video68_final.mp4,Healthy,61,0.0042622506109886975,20.0
video68_final.mp4,Healthy,62,0.0035388927332386825,20.0
video68_final.mp4,Healthy,63,0.002080600693618501,20.0
video68_final.mp4,Healthy,64,0.002077451320168281,20.0
video68_final.mp4,Healthy,65,0.004067210455843549,20.0
video68_final.mp4,Healthy,66,0.0025984000993281805,20.0
video68_final.mp4,Healthy,67,0.002847898270739964,20.0
video68_final.mp4,Healthy,68,0.002134183840673829,20.0
video68_final.mp4,Healthy,69,0.005122260151514955,20.0
video68_final.mp4,Healthy,70,0.002312319186933117,20.0
video68_final.mp4,Healthy,71,0.009492454165280384,20.0
video68_final.mp4,Healthy,72,0.008886343421527262,20.0
video68_final.mp4,Healthy,73,0.008017100615596722,20.0
video68_final.mp4,Healthy,74,0.009380125302956599,20.0
video68_final.mp4,Healthy,75,0.004168710142128429,20.0
video68_final.mp4,Healthy,76,0.013513585511148025,20.0
video68_final.mp4,Healthy,77,0.009272697841419103,20.0
video68_final.mp4,Healthy,78,0.00506014782522147,20.0
video68_final.mp4,Healthy,79,0.005585050036501333,20.0
video68_final.mp4,Healthy,80,0.005304814143619344,20.0
video68_final.mp4,Healthy,81,0.004015947287885062,20.0
video68_final.mp4,Healthy,82,0.003217619957857943,20.0
video68_final.mp4,Healthy,83,0.0028390478498149766,20.0
video68_final.mp4,Healthy,84,0.002631802853470376,20.0
video68_final.mp4,Healthy,85,0.0015309804883166405,20.0
video68_final.mp4,Healthy,86,0.006805216920566529,20.0
video68_final.mp4,Healthy,87,0.007943034348896023,20.0
video68_final.mp4,Healthy,88,0.004125471724259777,20.0
video68_final.mp4,Healthy,89,0.005334578700995925,20.0
video68_final.mp4,Healthy,90,0.013785513544481223,20.0
video68_final.mp4,Healthy,91,0.017923038239892403,20.0
video68_final.mp4,Healthy,92,0.027249941106933833,20.0
video68_final.mp4,Healthy,93,0.012905984136395866,20.0
video68_final.mp4,Healthy,94,0.025165148305127633,20.0
video68_final.mp4,Healthy,95,0.010044390220502807,20.0
video68_final.mp4,Healthy,96,0.015514762836408704,20.0
video68_final.mp4,Healthy,97,0.00833874451686326,20.0
video68_final.mp4,Healthy,98,0.009283311278365644,20.0
video68_final.mp4,Healthy,99,0.004243289850573327,20.0
video68_final.mp4,Healthy,100,0.004530425240179134,20.0
video6_final.mp4,Healthy,1,0.0,20.0
video6_final.mp4,Healthy,2,0.02502736153470598,20.0
video6_final.mp4,Healthy,3,0.011945507309585953,20.0
video6_final.mp4,Healthy,4,0.006395800763441377,20.0
video6_final.mp4,Healthy,5,0.005243313640888908,20.0
video6_final.mp4,Healthy,6,0.004166934162646005,20.0
video6_final.mp4,Healthy,7,0.009333271693235981,20.0
video6_final.mp4,Healthy,8,0.006080632401863726,20.0
video6_final.mp4,Healthy,9,0.003192634131326289,20.0
video6_final.mp4,Healthy,10,0.008164803946181768,20.0
video6_final.mp4,Healthy,11,0.0031740804676679375,20.0
video6_final.mp4,Healthy,12,0.008151413697400965,20.0
video6_final.mp4,Healthy,13,0.00296079310917648,20.0
video6_final.mp4,Healthy,14,0.005742650291027317,20.0
video6_final.mp4,Healthy,15,0.006915641902263693,20.0
video6_final.mp4,Healthy,16,0.003966683318738692,20.0
video6_final.mp4,Healthy,17,0.009591850609867555,20.0
video6_final.mp4,Healthy,18,0.012005892364645207,20.0
video6_final.mp4,Healthy,19,0.009611759032743163,20.0
video6_final.mp4,Healthy,20,0.009405619977013753,20.0
video6_final.mp4,Healthy,21,0.009336032634600266,20.0
video6_final.mp4,Healthy,22,0.007585863711725714,20.0
video6_final.mp4,Healthy,23,0.008222303298919879,20.0
video6_final.mp4,Healthy,24,0.0066713774211502345,20.0
video6_final.mp4,Healthy,25,0.006729806116984355,20.0
video6_final.mp4,Healthy,26,0.006739373414675176,20.0
video6_final.mp4,Healthy,27,0.00801479637036081,20.0
video6_final.mp4,Healthy,28,0.004442271561927678,20.0
video6_final.mp4,Healthy,29,0.010464136200286035,20.0
video6_final.mp4,Healthy,30,0.016688132992136694,20.0
video6_final.mp4,Healthy,31,0.006526028132824558,20.0
video6_final.mp4,Healthy,32,0.008793775267457607,20.0
video6_final.mp4,Healthy,33,0.003244456639467369,20.0
video6_final.mp4,Healthy,34,0.003468153935046886,20.0
video6_final.mp4,Healthy,35,0.015605036459047927,20.0
video6_final.mp4,Healthy,36,0.008104869577828954,20.0
video6_final.mp4,Healthy,37,0.007186738726078462,20.0
video6_final.mp4,Healthy,38,0.0086888252370874,20.0
video6_final.mp4,Healthy,39,0.014834344718124328,20.0
video6_final.mp4,Healthy,40,0.011782999341428159,20.0
video6_final.mp4,Healthy,41,0.004539665244140939,20.0
video6_final.mp4,Healthy,42,0.004272819437875322,20.0
video6_final.mp4,Healthy,43,0.0035455803216334555,20.0
video6_final.mp4,Healthy,44,0.006877743485176694,20.0
video6_final.mp4,Healthy,45,0.004067163347823549,20.0
video6_final.mp4,Healthy,46,0.007740809679207236,20.0
video6_final.mp4,Healthy,47,0.005959088360986379,20.0
video6_final.mp4,Healthy,48,0.005114141519286413,20.0
video6_final.mp4,Healthy,49,0.015388462315434817,20.0
video6_final.mp4,Healthy,50,0.0064673756347649256,20.0
video6_final.mp4,Healthy,51,0.011704644638496946,20.0
video6_final.mp4,Healthy,52,0.00918242582933293,20.0
video6_final.mp4,Healthy,53,0.010131306421551528,20.0
video6_final.mp4,Healthy,54,0.013011363457761615,20.0
video6_final.mp4,Healthy,55,0.008192246474562436,20.0
video6_final.mp4,Healthy,56,0.013548077667668277,20.0
video6_final.mp4,Healthy,57,0.009334720816333677,20.0
video6_final.mp4,Healthy,58,0.008886462958126706,20.0
video6_final.mp4,Healthy,59,0.006272491079104141,20.0
video6_final.mp4,Healthy,60,0.0030792288581264877,20.0
video6_final.mp4,Healthy,61,0.00507757948950792,20.0
video6_final.mp4,Healthy,62,0.006703628798021643,20.0
video6_final.mp4,Healthy,63,0.011548724517106545,20.0
video6_final.mp4,Healthy,64,0.0059258668108086755,20.0
video6_final.mp4,Healthy,65,0.002424216263043796,20.0
video6_final.mp4,Healthy,66,0.006131225717150527,20.0
video6_final.mp4,Healthy,67,0.018345823701794602,20.0
video6_final.mp4,Healthy,68,0.012011755774634671,20.0
video6_final.mp4,Healthy,69,0.0026907809326186275,20.0
video6_final.mp4,Healthy,70,0.004955549174946861,20.0
video6_final.mp4,Healthy,71,0.019829355717462818,20.0
video6_final.mp4,Healthy,72,0.006930080925605609,20.0
video6_final.mp4,Healthy,73,0.007446375772664793,20.0
video6_final.mp4,Healthy,74,0.012062350465750195,20.0
video6_final.mp4,Healthy,75,0.013129063324612947,20.0
video6_final.mp4,Healthy,76,0.0043412521636550004,20.0
video6_final.mp4,Healthy,77,0.008476388645911955,20.0
video6_final.mp4,Healthy,78,0.0029338203921781196,20.0
video6_final.mp4,Healthy,79,0.0040139538601732675,20.0
video6_final.mp4,Healthy,80,0.006125699700634639,20.0
video6_final.mp4,Healthy,81,0.009676770894619739,20.0
video6_final.mp4,Healthy,82,0.022828301165883254,20.0
video6_final.mp4,Healthy,83,0.012568894163648342,20.0
video6_final.mp4,Healthy,84,0.007427987460898356,20.0
video6_final.mp4,Healthy,85,0.005829052401814003,20.0
video6_final.mp4,Healthy,86,0.018613681221332865,20.0
video6_final.mp4,Healthy,87,0.007449581201479703,20.0
video6_final.mp4,Healthy,88,0.006788736073510516,20.0
video6_final.mp4,Healthy,89,0.004832857832775863,20.0
video6_final.mp4,Healthy,90,0.004791182947772176,20.0
video6_final.mp4,Healthy,91,0.007843772607911479,20.0
video6_final.mp4,Healthy,92,0.006544238635376504,20.0
video6_final.mp4,Healthy,93,0.008700117181660028,20.0
video6_final.mp4,Healthy,94,0.004185781619945985,20.0
video6_final.mp4,Healthy,95,0.0030937479095248612,20.0
video6_final.mp4,Healthy,96,0.002612112458475111,20.0
video6_final.mp4,Healthy,97,0.00903626261883641,20.0
video6_final.mp4,Healthy,98,0.014311730455202093,20.0
video6_final.mp4,Healthy,99,0.006673663449740458,20.0
video6_final.mp4,Healthy,100,0.0016939053835486047,20.0
video8_final.mp4,Healthy,1,0.0,20.0
video8_final.mp4,Healthy,2,0.038833535815453055,20.0
video8_final.mp4,Healthy,3,0.018252053367061358,20.0
video8_final.mp4,Healthy,4,0.02607178699348204,20.0
video8_final.mp4,Healthy,5,0.011709293161740505,20.0
video8_final.mp4,Healthy,6,0.020599594868151397,20.0
video8_final.mp4,Healthy,7,0.009561766723875029,20.0
video8_final.mp4,Healthy,8,0.013572805923911484,20.0
video8_final.mp4,Healthy,9,0.005910090530150037,20.0
video8_final.mp4,Healthy,10,0.006192643795122879,20.0
video8_final.mp4,Healthy,11,0.00870292266739924,20.0
video8_final.mp4,Healthy,12,0.006147547896516711,20.0
video8_final.mp4,Healthy,13,0.007168732487305605,20.0
video8_final.mp4,Healthy,14,0.005654805294210801,20.0
video8_final.mp4,Healthy,15,0.0023942393843724647,20.0
video8_final.mp4,Healthy,16,0.015036246390855339,20.0
video8_final.mp4,Healthy,17,0.013670220467305722,20.0
video8_final.mp4,Healthy,18,0.008541581209772053,20.0
video8_final.mp4,Healthy,19,0.002856735386419708,20.0
video8_final.mp4,Healthy,20,0.013118824235780913,20.0
video8_final.mp4,Healthy,21,0.009496393431906712,20.0
video8_final.mp4,Healthy,22,0.0036162763389921988,20.0
video8_final.mp4,Healthy,23,0.010646051904486854,20.0
video8_final.mp4,Healthy,24,0.007939211616606046,20.0
video8_final.mp4,Healthy,25,0.007697990122165873,20.0
video8_final.mp4,Healthy,26,0.010448629243890024,20.0
video8_final.mp4,Healthy,27,0.0028746354303177497,20.0
video8_final.mp4,Healthy,28,0.013612753029549672,20.0
video8_final.mp4,Healthy,29,0.008638540943394902,20.0
video8_final.mp4,Healthy,30,0.010410016664004217,20.0
video8_final.mp4,Healthy,31,0.010582327071729118,20.0
video8_final.mp4,Healthy,32,0.014572868857095026,20.0
video8_final.mp4,Healthy,33,0.010266590886811762,20.0
video8_final.mp4,Healthy,34,0.011943517766144827,20.0
video8_final.mp4,Healthy,35,0.007366578249723968,20.0
video8_final.mp4,Healthy,36,0.005354805110387422,20.0
video8_final.mp4,Healthy,37,0.007575930742338607,20.0
video8_final.mp4,Healthy,38,0.003321172196532879,20.0
video8_final.mp4,Healthy,39,0.0016231460425832449,20.0
video8_final.mp4,Healthy,40,0.00954149215926053,20.0
video8_final.mp4,Healthy,41,0.006326310883180278,20.0
video8_final.mp4,Healthy,42,0.02023294204044477,20.0
video8_final.mp4,Healthy,43,0.018946613682793205,20.0
video8_final.mp4,Healthy,44,0.008258274159633622,20.0
video8_final.mp4,Healthy,45,0.008342174941528146,20.0
video8_final.mp4,Healthy,46,0.01924021797763157,20.0
video8_final.mp4,Healthy,47,0.004330282009471111,20.0
video8_final.mp4,Healthy,48,0.014208938043037994,20.0
video8_final.mp4,Healthy,49,0.007835785463905816,20.0
video8_final.mp4,Healthy,50,0.022209375848287374,20.0
video8_final.mp4,Healthy,51,0.032692710299090925,20.0
video8_final.mp4,Healthy,52,0.01690128901049205,20.0
video8_final.mp4,Healthy,53,0.00379522321158013,20.0
video8_final.mp4,Healthy,54,0.006844740877263186,20.0
video8_final.mp4,Healthy,55,0.007492632612473284,20.0
video8_final.mp4,Healthy,56,0.006186599494958654,20.0
video8_final.mp4,Healthy,57,0.010877170526360799,20.0
video8_final.mp4,Healthy,58,0.017071872558530286,20.0
video8_final.mp4,Healthy,59,0.020391238903613267,20.0
video8_final.mp4,Healthy,60,0.02526463800854184,20.0
video8_final.mp4,Healthy,61,0.025496906867168843,20.0
video8_final.mp4,Healthy,62,0.021430703970341212,20.0
video8_final.mp4,Healthy,63,0.016019815410036994,20.0
video8_final.mp4,Healthy,64,0.00912302494840458,20.0
video8_final.mp4,Healthy,65,0.019025864251313803,20.0
video8_final.mp4,Healthy,66,0.014547658116588995,20.0
video8_final.mp4,Healthy,67,0.024713122541722705,20.0
video8_final.mp4,Healthy,68,0.02246965453003942,20.0
video8_final.mp4,Healthy,69,0.00855005290982729,20.0
video8_final.mp4,Healthy,70,0.00961871454765064,20.0
video8_final.mp4,Healthy,71,0.0055352700975003334,20.0
video8_final.mp4,Healthy,72,0.00794268420184188,20.0
video8_final.mp4,Healthy,73,0.014431076717803581,20.0
video8_final.mp4,Healthy,74,0.01515718677003838,20.0
video8_final.mp4,Healthy,75,0.010563419804948333,20.0
video8_final.mp4,Healthy,76,0.017949350106900144,20.0
video8_final.mp4,Healthy,77,0.015084540575680892,20.0
video8_final.mp4,Healthy,78,0.005857798646457229,20.0
video8_final.mp4,Healthy,79,0.0150386033788825,20.0
video8_final.mp4,Healthy,80,0.009450168902162888,20.0
video8_final.mp4,Healthy,81,0.003292230512754126,20.0
video8_final.mp4,Healthy,82,0.00928955640536664,20.0
video8_final.mp4,Healthy,83,0.008061393945618124,20.0
video8_final.mp4,Healthy,84,0.009888552424119396,20.0
video8_final.mp4,Healthy,85,0.006337271248621134,20.0
video8_final.mp4,Healthy,86,0.008058701072355175,20.0
video8_final.mp4,Healthy,87,0.00289427770386615,20.0
video8_final.mp4,Healthy,88,0.001997749517359569,20.0
video8_final.mp4,Healthy,89,0.004047294540147757,20.0
video8_final.mp4,Healthy,90,0.0052808397787142275,20.0
video8_final.mp4,Healthy,91,0.002930016012309151,20.0
video8_final.mp4,Healthy,92,0.004895918062803939,20.0
video8_final.mp4,Healthy,93,0.009740287881947272,20.0
video8_final.mp4,Healthy,94,0.0046624095825623406,20.0
video8_final.mp4,Healthy,95,0.005575926967298558,20.0
video8_final.mp4,Healthy,96,0.006165623242615982,20.0
video8_final.mp4,Healthy,97,0.0023424234230024596,20.0
video8_final.mp4,Healthy,98,0.005716403809915121,20.0
video8_final.mp4,Healthy,99,0.002608189606017932,20.0
video8_final.mp4,Healthy,100,0.005486053935305049,20.0
video98_final.mp4,Healthy,1,0.0,20.0
video98_final.mp4,Healthy,2,0.013821281013573555,20.0
video98_final.mp4,Healthy,3,0.015488876851127903,20.0
video98_final.mp4,Healthy,4,0.039013796957201294,20.0
video98_final.mp4,Healthy,5,0.02490346272690052,20.0
video98_final.mp4,Healthy,6,0.02300275669132682,20.0
video98_final.mp4,Healthy,7,0.01678956131997493,20.0
video98_final.mp4,Healthy,8,0.0130950080458545,20.0
video98_final.mp4,Healthy,9,0.007832729759765332,20.0
video98_final.mp4,Healthy,10,0.00408145028579261,20.0
video98_final.mp4,Healthy,11,0.006529176365483799,20.0
video98_final.mp4,Healthy,12,0.011086177115510121,20.0
video98_final.mp4,Healthy,13,0.017188426658459603,20.0
video98_final.mp4,Healthy,14,0.0503892789487546,20.0
video98_final.mp4,Healthy,15,0.04687150579923985,20.0
video98_final.mp4,Healthy,16,0.10586959445152613,20.0
video98_final.mp4,Healthy,17,0.08610288054691131,20.0
video98_final.mp4,Healthy,18,0.09607774841971282,20.0
video98_final.mp4,Healthy,19,0.05870658102739934,20.0
video98_final.mp4,Healthy,20,0.03511093284391577,20.0
video98_final.mp4,Healthy,21,0.016041656163560725,20.0
video98_final.mp4,Healthy,22,0.007080147865300496,20.0
video98_final.mp4,Healthy,23,0.0033431760595715693,20.0
video98_final.mp4,Healthy,24,0.014250355664965714,20.0
video98_final.mp4,Healthy,25,0.0026365358433227495,20.0
video98_final.mp4,Healthy,26,0.004567349645181785,20.0
video98_final.mp4,Healthy,27,0.0035172431748458324,20.0
video98_final.mp4,Healthy,28,0.020491816793550638,20.0
video98_final.mp4,Healthy,29,0.03604920907480563,20.0
video98_final.mp4,Healthy,30,0.09495360477326328,20.0
video98_final.mp4,Healthy,31,0.09026413417197952,20.0
video98_final.mp4,Healthy,32,0.10126657299897175,20.0
video98_final.mp4,Healthy,33,0.06622060881289926,20.0
video98_final.mp4,Healthy,34,0.05945230448173723,20.0
video98_final.mp4,Healthy,35,0.025003505562262808,20.0
video98_final.mp4,Healthy,36,0.01870588307798245,20.0
video98_final.mp4,Healthy,37,0.00958549463505015,20.0
video98_final.mp4,Healthy,38,0.0026853768817963314,20.0
video98_final.mp4,Healthy,39,0.004525589443782429,20.0
video98_final.mp4,Healthy,40,0.003619008418578148,20.0
video98_final.mp4,Healthy,41,0.004553813929685039,20.0
video98_final.mp4,Healthy,42,0.005425112635757776,20.0
video98_final.mp4,Healthy,43,0.005042883021022263,20.0
video98_final.mp4,Healthy,44,0.002954590626425765,20.0
video98_final.mp4,Healthy,45,0.0015378032415253357,20.0
video98_final.mp4,Healthy,46,0.005652783503313592,20.0
video98_final.mp4,Healthy,47,0.01844126473801601,20.0
video98_final.mp4,Healthy,48,0.01708037925064897,20.0
video98_final.mp4,Healthy,49,0.007149139350982531,20.0
video98_final.mp4,Healthy,50,0.014317420245940052,20.0
video98_final.mp4,Healthy,51,0.013931600892493035,20.0
video98_final.mp4,Healthy,52,0.004240781177824517,20.0
video98_final.mp4,Healthy,53,0.002561491468774511,20.0
video98_final.mp4,Healthy,54,0.007170892045257932,20.0
video98_final.mp4,Healthy,55,0.012442317399278036,20.0
video98_final.mp4,Healthy,56,0.0035025377373909088,20.0
video98_final.mp4,Healthy,57,0.006237684522136252,20.0
video98_final.mp4,Healthy,58,0.005358630482055907,20.0
video98_final.mp4,Healthy,59,0.004469078782464745,20.0
video98_final.mp4,Healthy,60,0.014334502300377703,20.0
video98_final.mp4,Healthy,61,0.01048995737835078,20.0
video98_final.mp4,Healthy,62,0.012160334274661897,20.0
video98_final.mp4,Healthy,63,0.008601815371852254,20.0
video98_final.mp4,Healthy,64,0.013808788406982252,20.0
video98_final.mp4,Healthy,65,0.008884880505254492,20.0
video98_final.mp4,Healthy,66,0.012821525846217683,20.0
video98_final.mp4,Healthy,67,0.012267238612452833,20.0
video98_final.mp4,Healthy,68,0.015599642738403655,20.0
video98_final.mp4,Healthy,69,0.010116316117020038,20.0
video98_final.mp4,Healthy,70,0.015573521132522344,20.0
video98_final.mp4,Healthy,71,0.011994443730392166,20.0
video98_final.mp4,Healthy,72,0.016032264987510272,20.0
video98_final.mp4,Healthy,73,0.009448980170898397,20.0
video98_final.mp4,Healthy,74,0.01175896467042079,20.0
video98_final.mp4,Healthy,75,0.012095421843411372,20.0
video98_final.mp4,Healthy,76,0.020100053914772206,20.0
video98_final.mp4,Healthy,77,0.01937555720176462,20.0
video98_final.mp4,Healthy,78,0.018964193960656208,20.0
video98_final.mp4,Healthy,79,0.01575488971948219,20.0
video98_final.mp4,Healthy,80,0.03488552063343213,20.0
video98_final.mp4,Healthy,81,0.028735104800210586,20.0
video98_final.mp4,Healthy,82,0.05205400200266106,20.0
video98_final.mp4,Healthy,83,0.03493009158121215,20.0
video98_final.mp4,Healthy,84,0.04639069609285509,20.0
video98_final.mp4,Healthy,85,0.033951541372122265,20.0
video98_final.mp4,Healthy,86,0.022748994544029143,20.0
video98_final.mp4,Healthy,87,0.011179045031470793,20.0
video98_final.mp4,Healthy,88,0.018385168242624438,20.0
video98_final.mp4,Healthy,89,0.01200098845194915,20.0
video98_final.mp4,Healthy,90,0.005751646109070463,20.0
video98_final.mp4,Healthy,91,0.00860724873246697,20.0
video98_final.mp4,Healthy,92,0.0111881093731664,20.0
video98_final.mp4,Healthy,93,0.005730904730820726,20.0
video98_final.mp4,Healthy,94,0.0073366412486599395,20.0
video98_final.mp4,Healthy,95,0.0024273467049321785,20.0
video98_final.mp4,Healthy,96,0.003946100418811183,20.0
video98_final.mp4,Healthy,97,0.015109117119375215,20.0
video98_final.mp4,Healthy,98,0.006578888547473458,20.0
video98_final.mp4,Healthy,99,0.012832474352935391,20.0
video98_final.mp4,Healthy,100,0.007762998407502508,20.0
video99_final.mp4,Healthy,1,0.0,20.0
video99_final.mp4,Healthy,2,0.011633442423325698,20.0
video99_final.mp4,Healthy,3,0.02067897616989301,20.0
video99_final.mp4,Healthy,4,0.005196570844730946,20.0
video99_final.mp4,Healthy,5,0.006797277821624782,20.0
video99_final.mp4,Healthy,6,0.007170948711997023,20.0
video99_final.mp4,Healthy,7,0.025482647719529128,20.0
video99_final.mp4,Healthy,8,0.027361804025704234,20.0
video99_final.mp4,Healthy,9,0.02643642215444688,20.0
video99_final.mp4,Healthy,10,0.016150804846394078,20.0
video99_final.mp4,Healthy,11,0.010047140055177279,20.0
video99_final.mp4,Healthy,12,0.00427449875471344,20.0
video99_final.mp4,Healthy,13,0.008922944980501507,20.0
video99_final.mp4,Healthy,14,0.015286973338684413,20.0
video99_final.mp4,Healthy,15,0.011359593941771015,20.0
video99_final.mp4,Healthy,16,0.02021056583352013,20.0
video99_final.mp4,Healthy,17,0.011613855296206538,20.0
video99_final.mp4,Healthy,18,0.014758573172507556,20.0
video99_final.mp4,Healthy,19,0.014704685401446349,20.0
video99_final.mp4,Healthy,20,0.007181306501255274,20.0
video99_final.mp4,Healthy,21,0.003960066613422819,20.0
video99_final.mp4,Healthy,22,0.004067345879050649,20.0
video99_final.mp4,Healthy,23,0.01993985865802814,20.0
video99_final.mp4,Healthy,24,0.0091456706763608,20.0
video99_final.mp4,Healthy,25,0.002131199787125382,20.0
video99_final.mp4,Healthy,26,0.0035437156208448944,20.0
video99_final.mp4,Healthy,27,0.006876798964518432,20.0
video99_final.mp4,Healthy,28,0.00665764005828561,20.0
video99_final.mp4,Healthy,29,0.006802553855154607,20.0
video99_final.mp4,Healthy,30,0.010194437054906278,20.0
video99_final.mp4,Healthy,31,0.009145234544417671,20.0
video99_final.mp4,Healthy,32,0.001983205885265494,20.0
video99_final.mp4,Healthy,33,0.005694812364861692,20.0
video99_final.mp4,Healthy,34,0.0032403829421214572,20.0
video99_final.mp4,Healthy,35,0.008032739591097186,20.0
video99_final.mp4,Healthy,36,0.00404351593702253,20.0
video99_final.mp4,Healthy,37,0.006882257144322783,20.0
video99_final.mp4,Healthy,38,0.012878732277037222,20.0
video99_final.mp4,Healthy,39,0.012208295907416932,20.0
video99_final.mp4,Healthy,40,0.012187781679969109,20.0
video99_final.mp4,Healthy,41,0.003195948456206278,20.0
video99_final.mp4,Healthy,42,0.013763005993164362,20.0
video99_final.mp4,Healthy,43,0.005655013438300419,20.0
video99_final.mp4,Healthy,44,0.006831703134889308,20.0
video99_final.mp4,Healthy,45,0.008070292044538416,20.0
video99_final.mp4,Healthy,46,0.00240933051615173,20.0
video99_final.mp4,Healthy,47,0.0049594034053568,20.0
video99_final.mp4,Healthy,48,0.0031744682997889477,20.0
video99_final.mp4,Healthy,49,0.006260212966023401,20.0
video99_final.mp4,Healthy,50,0.004841362205553668,20.0
video99_final.mp4,Healthy,51,0.014831112426891136,20.0
video99_final.mp4,Healthy,52,0.009816418819322171,20.0
video99_final.mp4,Healthy,53,0.014961336641813799,20.0
video99_final.mp4,Healthy,54,0.01946061749309533,20.0
video99_final.mp4,Healthy,55,0.029393798367202233,20.0
video99_final.mp4,Healthy,56,0.011962961389990265,20.0
video99_final.mp4,Healthy,57,0.01637301817450029,20.0
video99_final.mp4,Healthy,58,0.008750593533108239,20.0
video99_final.mp4,Healthy,59,0.008070300740474294,20.0
video99_final.mp4,Healthy,60,0.009168817948469025,20.0
video99_final.mp4,Healthy,61,0.006592802431167161,20.0
video99_final.mp4,Healthy,62,0.002827715320182611,20.0
video99_final.mp4,Healthy,63,0.014589987730039741,20.0
video99_final.mp4,Healthy,64,0.012066974843494272,20.0
video99_final.mp4,Healthy,65,0.012876535192413857,20.0
video99_final.mp4,Healthy,66,0.013339491666125252,20.0
video99_final.mp4,Healthy,67,0.018142953612140033,20.0
video99_final.mp4,Healthy,68,0.007092214842746363,20.0
video99_final.mp4,Healthy,69,0.009416637253084705,20.0
video99_final.mp4,Healthy,70,0.010158318376952299,20.0
video99_final.mp4,Healthy,71,0.018355944086054506,20.0
video99_final.mp4,Healthy,72,0.012247653797866798,20.0
video99_final.mp4,Healthy,73,0.008421617971457771,20.0
video99_final.mp4,Healthy,74,0.007253102932510684,20.0
video99_final.mp4,Healthy,75,0.0065560861098540755,20.0
video99_final.mp4,Healthy,76,0.005248462691212809,20.0
video99_final.mp4,Healthy,77,0.00516891983578026,20.0
video99_final.mp4,Healthy,78,0.007750700974562677,20.0
video99_final.mp4,Healthy,79,0.008177880260835496,20.0
video99_final.mp4,Healthy,80,0.005077056043359921,20.0
video99_final.mp4,Healthy,81,0.006669310385585027,20.0
video99_final.mp4,Healthy,82,0.01913185587482361,20.0
video99_final.mp4,Healthy,83,0.016218620404436238,20.0
video99_final.mp4,Healthy,84,0.0047938979120310116,20.0
video99_final.mp4,Healthy,85,0.016633633459906674,20.0
video99_final.mp4,Healthy,86,0.013549050278934782,20.0
video99_final.mp4,Healthy,87,0.029780374488220913,20.0
video99_final.mp4,Healthy,88,0.016068491223983978,20.0
video99_final.mp4,Healthy,89,0.010327498026115588,20.0
video99_final.mp4,Healthy,90,0.019456021172142023,20.0
video99_final.mp4,Healthy,91,0.030961183812574233,20.0
video99_final.mp4,Healthy,92,0.024718391516599984,20.0
video99_final.mp4,Healthy,93,0.017648502336510084,20.0
video99_final.mp4,Healthy,94,0.015786555119957166,20.0
video99_final.mp4,Healthy,95,0.0157524503303302,20.0
video99_final.mp4,Healthy,96,0.012377905869635844,20.0
video99_final.mp4,Healthy,97,0.030972988418057568,20.0
video99_final.mp4,Healthy,98,0.03356505243246087,20.0
video99_final.mp4,Healthy,99,0.05843583007260703,20.0
video99_final.mp4,Healthy,100,0.04407515604493537,20.0
video0_final.mp4,Parkinson,1,0.0,20.0
video0_final.mp4,Parkinson,2,0.01579702684788562,20.0
video0_final.mp4,Parkinson,3,0.021249037760633756,20.0
video0_final.mp4,Parkinson,4,0.0030066325549789243,20.0
video0_final.mp4,Parkinson,5,0.010027994460925772,20.0
video0_final.mp4,Parkinson,6,0.005972251669755008,20.0
video0_final.mp4,Parkinson,7,0.00666735100260421,20.0
video0_final.mp4,Parkinson,8,0.0052282945412478205,20.0
video0_final.mp4,Parkinson,9,0.007665345504950964,20.0
video0_final.mp4,Parkinson,10,0.0055123563713553566,20.0
video0_final.mp4,Parkinson,11,0.007371054358694745,20.0
video0_final.mp4,Parkinson,12,0.011848191922329254,20.0
video0_final.mp4,Parkinson,13,0.008155195597866562,20.0
video0_final.mp4,Parkinson,14,0.011684371345390316,20.0
video0_final.mp4,Parkinson,15,0.008644911722305032,20.0
video0_final.mp4,Parkinson,16,0.007768641107108473,20.0
video0_final.mp4,Parkinson,17,0.0065923689139187796,20.0
video0_final.mp4,Parkinson,18,0.0042158493764295115,20.0
video0_final.mp4,Parkinson,19,0.013661431895264049,20.0
video0_final.mp4,Parkinson,20,0.007449883978565865,20.0
video0_final.mp4,Parkinson,21,0.007213261464246655,20.0
video0_final.mp4,Parkinson,22,0.00671578693087152,20.0
video0_final.mp4,Parkinson,23,0.0038601125921871606,20.0
video0_final.mp4,Parkinson,24,0.004947834229894943,20.0
video0_final.mp4,Parkinson,25,0.0066143222509765605,20.0
video0_final.mp4,Parkinson,26,0.004029651864264296,20.0
video0_final.mp4,Parkinson,27,0.004100382740625791,20.0
video0_final.mp4,Parkinson,28,0.0013713399505948442,20.0
video0_final.mp4,Parkinson,29,0.0022930841101134326,20.0
video0_final.mp4,Parkinson,30,0.007629861711562655,20.0
video0_final.mp4,Parkinson,31,0.0044336799432395,20.0
video0_final.mp4,Parkinson,32,0.007175381616892902,20.0
video0_final.mp4,Parkinson,33,0.011595444782704831,20.0
video0_final.mp4,Parkinson,34,0.010918086435552499,20.0
video0_final.mp4,Parkinson,35,0.004518476109452212,20.0
video0_final.mp4,Parkinson,36,0.003606204002414555,20.0
video0_final.mp4,Parkinson,37,0.005025842964859035,20.0
video0_final.mp4,Parkinson,38,0.006314020115528457,20.0
video0_final.mp4,Parkinson,39,0.04270818236657604,20.0
video0_final.mp4,Parkinson,40,0.018826894295181647,20.0
video0_final.mp4,Parkinson,41,0.003959111906340364,20.0
video0_final.mp4,Parkinson,42,0.007908620961474462,20.0
video0_final.mp4,Parkinson,43,0.01005373035079005,20.0
video0_final.mp4,Parkinson,44,0.011073050754573485,20.0
video0_final.mp4,Parkinson,45,0.005622150325781038,20.0
video0_final.mp4,Parkinson,46,0.00523625256279085,20.0
video0_final.mp4,Parkinson,47,0.0071114651400968985,20.0
video0_final.mp4,Parkinson,48,0.004641060337291435,20.0
video0_final.mp4,Parkinson,49,0.0034106313958488905,20.0
video0_final.mp4,Parkinson,50,0.005342275501531179,20.0
video0_final.mp4,Parkinson,51,0.01200248382465405,20.0
video0_final.mp4,Parkinson,52,0.007081987849767789,20.0
video0_final.mp4,Parkinson,53,0.002703411318656359,20.0
video0_final.mp4,Parkinson,54,0.006692646611188073,20.0
video0_final.mp4,Parkinson,55,0.011476436209320042,20.0
video0_final.mp4,Parkinson,56,0.006591852852359819,20.0
video0_final.mp4,Parkinson,57,0.004523287856973548,20.0
video0_final.mp4,Parkinson,58,0.009212552748402969,20.0
video0_final.mp4,Parkinson,59,0.004360721962172903,20.0
video0_final.mp4,Parkinson,60,0.0027391019037155697,20.0
video0_final.mp4,Parkinson,61,0.003393223676160065,20.0
video0_final.mp4,Parkinson,62,0.009251410978722455,20.0
video0_final.mp4,Parkinson,63,0.008052630141677388,20.0
video0_final.mp4,Parkinson,64,0.0071374682087832295,20.0
video0_final.mp4,Parkinson,65,0.0034810328324591474,20.0
video0_final.mp4,Parkinson,66,0.002558229313523626,20.0
video0_final.mp4,Parkinson,67,0.003289104741590157,20.0
video0_final.mp4,Parkinson,68,0.00703952749124082,20.0
video0_final.mp4,Parkinson,69,0.005151389704357859,20.0
video0_final.mp4,Parkinson,70,0.0025711541126999084,20.0
video0_final.mp4,Parkinson,71,0.0027253457082298095,20.0
video0_final.mp4,Parkinson,72,0.010872792100101298,20.0
video0_final.mp4,Parkinson,73,0.013955350773717828,20.0
video0_final.mp4,Parkinson,74,0.008352412538074087,20.0
video0_final.mp4,Parkinson,75,0.010737367964579097,20.0
video0_final.mp4,Parkinson,76,0.005583547143902445,20.0
video0_final.mp4,Parkinson,77,0.00918269424977784,20.0
video0_final.mp4,Parkinson,78,0.009840001282416012,20.0
video0_final.mp4,Parkinson,79,0.02090952917247998,20.0
video0_final.mp4,Parkinson,80,0.007094675043338219,20.0
video0_final.mp4,Parkinson,81,0.0027350666351434417,20.0
video0_final.mp4,Parkinson,82,0.007065826668720364,20.0
video0_final.mp4,Parkinson,83,0.0068701393639334475,20.0
video0_final.mp4,Parkinson,84,0.00662153515147651,20.0
video0_final.mp4,Parkinson,85,0.005262011992170357,20.0
video0_final.mp4,Parkinson,86,0.0019111790933021068,20.0
video0_final.mp4,Parkinson,87,0.006506818159725229,20.0
video0_final.mp4,Parkinson,88,0.011116731506487596,20.0
video0_final.mp4,Parkinson,89,0.004107019912706114,20.0
video0_final.mp4,Parkinson,90,0.005072537763360536,20.0
video0_final.mp4,Parkinson,91,0.003676651665657207,20.0
video0_final.mp4,Parkinson,92,0.004804634574991233,20.0
video0_final.mp4,Parkinson,93,0.005892080008344483,20.0
video0_final.mp4,Parkinson,94,0.010209770830535826,20.0
video0_final.mp4,Parkinson,95,0.004138134281646761,20.0
video0_final.mp4,Parkinson,96,0.009783709479000927,20.0
video0_final.mp4,Parkinson,97,0.0072869127480499115,20.0
video0_final.mp4,Parkinson,98,0.01050829245137422,20.0
video0_final.mp4,Parkinson,99,0.009076055930524688,20.0
video0_final.mp4,Parkinson,100,0.007266404369497215,20.0
video102_final.mp4,Parkinson,1,0.0,20.0
video102_final.mp4,Parkinson,2,0.023948868043538064,20.0
video102_final.mp4,Parkinson,3,0.015386488907655515,20.0
video102_final.mp4,Parkinson,4,0.0031237700159909513,20.0
video102_final.mp4,Parkinson,5,0.016676166312617053,20.0
video102_final.mp4,Parkinson,6,0.015528613259017388,20.0
video102_final.mp4,Parkinson,7,0.011669734806826662,20.0
video102_final.mp4,Parkinson,8,0.00884160771048091,20.0
video102_final.mp4,Parkinson,9,0.003495780903262199,20.0
video102_final.mp4,Parkinson,10,0.009227788416351856,20.0
video102_final.mp4,Parkinson,11,0.007097885290126516,20.0
video102_final.mp4,Parkinson,12,0.008991255922147801,20.0
video102_final.mp4,Parkinson,13,0.012528493965473664,20.0
video102_final.mp4,Parkinson,14,0.01319476774569194,20.0
video102_final.mp4,Parkinson,15,0.007457932533224328,20.0
video102_final.mp4,Parkinson,16,0.0034764869405146644,20.0
video102_final.mp4,Parkinson,17,0.00937947190783429,20.0
video102_final.mp4,Parkinson,18,0.011124488996557066,20.0
video102_final.mp4,Parkinson,19,0.009037736393420964,20.0
video102_final.mp4,Parkinson,20,0.010800855424983526,20.0
video102_final.mp4,Parkinson,21,0.013952131817761504,20.0
video102_final.mp4,Parkinson,22,0.013959865540152258,20.0
video102_final.mp4,Parkinson,23,0.01864568062350138,20.0
video102_final.mp4,Parkinson,24,0.009426644194072787,20.0
video102_final.mp4,Parkinson,25,0.01226980824802602,20.0
video102_final.mp4,Parkinson,26,0.022334830057808747,20.0
video102_final.mp4,Parkinson,27,0.012684172339946186,20.0
video102_final.mp4,Parkinson,28,0.008647019819346843,20.0
video102_final.mp4,Parkinson,29,0.005315189989041271,20.0
video102_final.mp4,Parkinson,30,0.008054876761639304,20.0
video102_final.mp4,Parkinson,31,0.008870183565474404,20.0
video102_final.mp4,Parkinson,32,0.008809493339625777,20.0
video102_final.mp4,Parkinson,33,0.012287567398421774,20.0
video102_final.mp4,Parkinson,34,0.012124215077381418,20.0
video102_final.mp4,Parkinson,35,0.008604726560468994,20.0
video102_final.mp4,Parkinson,36,0.01492339470533697,20.0
video102_final.mp4,Parkinson,37,0.016757928950637997,20.0
video102_final.mp4,Parkinson,38,0.006404192680377266,20.0
video102_final.mp4,Parkinson,39,0.012859179884630487,20.0
video102_final.mp4,Parkinson,40,0.011768313417328702,20.0
video102_final.mp4,Parkinson,41,0.012589972415353326,20.0
video102_final.mp4,Parkinson,42,0.004232688387345424,20.0
video102_final.mp4,Parkinson,43,0.011174936493276234,20.0
video102_final.mp4,Parkinson,44,0.021980184391044946,20.0
video102_final.mp4,Parkinson,45,0.020945160738396338,20.0
video102_final.mp4,Parkinson,46,0.014005025370805724,20.0
video102_final.mp4,Parkinson,47,0.014686468705240166,20.0
video102_final.mp4,Parkinson,48,0.003753061242559066,20.0
video102_final.mp4,Parkinson,49,0.01612614607508398,20.0
video102_final.mp4,Parkinson,50,0.02840982069184862,20.0
video102_final.mp4,Parkinson,51,0.023634981681430668,20.0
video102_final.mp4,Parkinson,52,0.007943318450672188,20.0
video102_final.mp4,Parkinson,53,0.012025923454227752,20.0
video102_final.mp4,Parkinson,54,0.008694321516747754,20.0
video102_final.mp4,Parkinson,55,0.008891059333241937,20.0
video102_final.mp4,Parkinson,56,0.01118121391746076,20.0
video102_final.mp4,Parkinson,57,0.006187308694844677,20.0
video102_final.mp4,Parkinson,58,0.013131635558014734,20.0
video102_final.mp4,Parkinson,59,0.01734702308124389,20.0
video102_final.mp4,Parkinson,60,0.016328330493556066,20.0
video102_final.mp4,Parkinson,61,0.0074529473851049615,20.0
video102_final.mp4,Parkinson,62,0.021154182361813705,20.0
video102_final.mp4,Parkinson,63,0.018104051681924423,20.0
video102_final.mp4,Parkinson,64,0.01622535947855408,20.0
video102_final.mp4,Parkinson,65,0.018071768556963706,20.0
video102_final.mp4,Parkinson,66,0.01093573447961992,20.0
video102_final.mp4,Parkinson,67,0.014368411934232841,20.0
video102_final.mp4,Parkinson,68,0.013668624439259563,20.0
video102_final.mp4,Parkinson,69,0.007179831546600288,20.0
video102_final.mp4,Parkinson,70,0.00854640165941321,20.0
video102_final.mp4,Parkinson,71,0.0021330316936358723,20.0
video102_final.mp4,Parkinson,72,0.009716567404607402,20.0
video102_final.mp4,Parkinson,73,0.008106093140575952,20.0
video102_final.mp4,Parkinson,74,0.006245672179388298,20.0
video102_final.mp4,Parkinson,75,0.0074613858222836145,20.0
video102_final.mp4,Parkinson,76,0.008698968413466748,20.0
video102_final.mp4,Parkinson,77,0.005342559823452722,20.0
video102_final.mp4,Parkinson,78,0.010648314311083668,20.0
video102_final.mp4,Parkinson,79,0.01874488239247311,20.0
video102_final.mp4,Parkinson,80,0.018133813210570962,20.0
video102_final.mp4,Parkinson,81,0.015080851269630519,20.0
video102_final.mp4,Parkinson,82,0.009183864999159342,20.0
video102_final.mp4,Parkinson,83,0.007174188905677864,20.0
video102_final.mp4,Parkinson,84,0.00872641635319115,20.0
video102_final.mp4,Parkinson,85,0.00858266801399275,20.0
video102_final.mp4,Parkinson,86,0.02282000614460663,20.0
video102_final.mp4,Parkinson,87,0.009446226120484454,20.0
video102_final.mp4,Parkinson,88,0.008449966500082864,20.0
video102_final.mp4,Parkinson,89,0.01730860124562642,20.0
video102_final.mp4,Parkinson,90,0.017179057130575257,20.0
video102_final.mp4,Parkinson,91,0.009588459683268474,20.0
video102_final.mp4,Parkinson,92,0.022734455247592662,20.0
video102_final.mp4,Parkinson,93,0.013337600246075125,20.0
video102_final.mp4,Parkinson,94,0.013288473380596605,20.0
video102_final.mp4,Parkinson,95,0.013096057000221168,20.0
video102_final.mp4,Parkinson,96,0.024062929004736902,20.0
video102_final.mp4,Parkinson,97,0.015051493867466712,20.0
video102_final.mp4,Parkinson,98,0.015949976589156128,20.0
video102_final.mp4,Parkinson,99,0.012465096078143131,20.0
video102_final.mp4,Parkinson,100,0.017431967780988884,20.0
video103_final.mp4,Parkinson,1,0.0,20.0
video103_final.mp4,Parkinson,2,0.008574780723599539,20.0
video103_final.mp4,Parkinson,3,0.010194793677851938,20.0
video103_final.mp4,Parkinson,4,0.020165655536555617,20.0
video103_final.mp4,Parkinson,5,0.016900600471646213,20.0
video103_final.mp4,Parkinson,6,0.010195298890835366,20.0
video103_final.mp4,Parkinson,7,0.015329150397439168,20.0
video103_final.mp4,Parkinson,8,0.01025589041695176,20.0
video103_final.mp4,Parkinson,9,0.01659738969417507,20.0
video103_final.mp4,Parkinson,10,0.02286610915800647,20.0
video103_final.mp4,Parkinson,11,0.01849248065537057,20.0
video103_final.mp4,Parkinson,12,0.017357997875445057,20.0
video103_final.mp4,Parkinson,13,0.0069569288125353596,20.0
video103_final.mp4,Parkinson,14,0.005371433624007003,20.0
video103_final.mp4,Parkinson,15,0.007309013345788526,20.0
video103_final.mp4,Parkinson,16,0.004675178613394888,20.0
video103_final.mp4,Parkinson,17,0.003647999403139169,20.0
video103_final.mp4,Parkinson,18,0.004152277824746838,20.0
video103_final.mp4,Parkinson,19,0.007643560046971037,20.0
video103_final.mp4,Parkinson,20,0.0023592566158516107,20.0
video103_final.mp4,Parkinson,21,0.005586327270352922,20.0
video103_final.mp4,Parkinson,22,0.002615418922191674,20.0
video103_final.mp4,Parkinson,23,0.005223781688568666,20.0
video103_final.mp4,Parkinson,24,0.007679666885215039,20.0
video103_final.mp4,Parkinson,25,0.019151208768867996,20.0
video103_final.mp4,Parkinson,26,0.006667179856927453,20.0
video103_final.mp4,Parkinson,27,0.004697255541067586,20.0
video103_final.mp4,Parkinson,28,0.0064753635096797945,20.0
video103_final.mp4,Parkinson,29,0.008551814560469937,20.0
video103_final.mp4,Parkinson,30,0.0055077850887195025,20.0
video103_final.mp4,Parkinson,31,0.01087250039170074,20.0
video103_final.mp4,Parkinson,32,0.01379357991140715,20.0
video103_final.mp4,Parkinson,33,0.004964487040562776,20.0
video103_final.mp4,Parkinson,34,0.013165237192573112,20.0
video103_final.mp4,Parkinson,35,0.008679423401689715,20.0
video103_final.mp4,Parkinson,36,0.010787948439810728,20.0
video103_final.mp4,Parkinson,37,0.014143551324550894,20.0
video103_final.mp4,Parkinson,38,0.01473172177067181,20.0
video103_final.mp4,Parkinson,39,0.006324280178148863,20.0
video103_final.mp4,Parkinson,40,0.005797502467963986,20.0
video103_final.mp4,Parkinson,41,0.0057118333791661095,20.0
video103_final.mp4,Parkinson,42,0.006088250225287037,20.0
video103_final.mp4,Parkinson,43,0.004427867767431371,20.0
video103_final.mp4,Parkinson,44,0.00818774358733865,20.0
video103_final.mp4,Parkinson,45,0.006086769310237855,20.0
video103_final.mp4,Parkinson,46,0.013604455391414402,20.0
video103_final.mp4,Parkinson,47,0.00859440896571389,20.0
video103_final.mp4,Parkinson,48,0.003107888221610129,20.0
video103_final.mp4,Parkinson,49,0.004186215479113247,20.0
video103_final.mp4,Parkinson,50,0.006551080474089904,20.0
video103_final.mp4,Parkinson,51,0.0044118173048181605,20.0
video103_final.mp4,Parkinson,52,0.006077224479414066,20.0
video103_final.mp4,Parkinson,53,0.005076749656439893,20.0
video103_final.mp4,Parkinson,54,0.013879770179259895,20.0
video103_final.mp4,Parkinson,55,0.00523030020448357,20.0
video103_final.mp4,Parkinson,56,0.006236031076119554,20.0
video103_final.mp4,Parkinson,57,0.005687288385623231,20.0
video103_final.mp4,Parkinson,58,0.0016791352101423462,20.0
video103_final.mp4,Parkinson,59,0.003059361948951011,20.0
video103_final.mp4,Parkinson,60,0.002804505902019429,20.0
video103_final.mp4,Parkinson,61,0.0022752244075493434,20.0
video103_final.mp4,Parkinson,62,0.0028404209155495587,20.0
video103_final.mp4,Parkinson,63,0.0018555392775066056,20.0
video103_final.mp4,Parkinson,64,0.0036486396056784392,20.0
video103_final.mp4,Parkinson,65,0.004816639063278452,20.0
video103_final.mp4,Parkinson,66,0.002795990611242872,20.0
video103_final.mp4,Parkinson,67,0.00612125524328611,20.0
video103_final.mp4,Parkinson,68,0.003093068326265097,20.0
video103_final.mp4,Parkinson,69,0.0018622750926619706,20.0
video103_final.mp4,Parkinson,70,0.00627853353538098,20.0
video103_final.mp4,Parkinson,71,0.007434799196949593,20.0
video103_final.mp4,Parkinson,72,0.0021251460490811966,20.0
video103_final.mp4,Parkinson,73,0.003463363907980068,20.0
video103_final.mp4,Parkinson,74,0.00984789556440211,20.0
video103_final.mp4,Parkinson,75,0.003339248870214409,20.0
video103_final.mp4,Parkinson,76,0.008123571121786834,20.0
video103_final.mp4,Parkinson,77,0.0027208463156374353,20.0
video103_final.mp4,Parkinson,78,0.0018722193761901407,20.0
video103_final.mp4,Parkinson,79,0.007015056281829876,20.0
video103_final.mp4,Parkinson,80,0.004637801848861776,20.0
video103_final.mp4,Parkinson,81,0.0070780878496802275,20.0
video103_final.mp4,Parkinson,82,0.007530736412694429,20.0
video103_final.mp4,Parkinson,83,0.004913215698777923,20.0
video103_final.mp4,Parkinson,84,0.002781016252533771,20.0
video103_final.mp4,Parkinson,85,0.005307277249761866,20.0
video103_final.mp4,Parkinson,86,0.0033129563232001343,20.0
video103_final.mp4,Parkinson,87,0.0020011780683127233,20.0
video103_final.mp4,Parkinson,88,0.003414084519998474,20.0
video103_final.mp4,Parkinson,89,0.000958021430403359,20.0
video103_final.mp4,Parkinson,90,0.0059807347583245565,20.0
video103_final.mp4,Parkinson,91,0.003911476116969603,20.0
video103_final.mp4,Parkinson,92,0.0024712155590272435,20.0
video103_final.mp4,Parkinson,93,0.005776497539595733,20.0
video103_final.mp4,Parkinson,94,0.006158113724769917,20.0
video103_final.mp4,Parkinson,95,0.005538003336330779,20.0
video103_final.mp4,Parkinson,96,0.008441379185669274,20.0
video103_final.mp4,Parkinson,97,0.008760327759354576,20.0
video103_final.mp4,Parkinson,98,0.005357459215738787,20.0
video103_final.mp4,Parkinson,99,0.012744871439475202,20.0
video103_final.mp4,Parkinson,100,0.008071957716557922,20.0
video104_final.mp4,Parkinson,1,0.0,20.0
video104_final.mp4,Parkinson,2,0.0734037493803723,20.0
video104_final.mp4,Parkinson,3,0.03678341315502479,20.0
video104_final.mp4,Parkinson,4,0.038782956789744326,20.0
video104_final.mp4,Parkinson,5,0.026381098999539138,20.0
video104_final.mp4,Parkinson,6,0.032789109876244504,20.0
video104_final.mp4,Parkinson,7,0.021672967978962825,20.0
video104_final.mp4,Parkinson,8,0.0500748921987869,20.0
video104_final.mp4,Parkinson,9,0.030505479859796937,20.0
video104_final.mp4,Parkinson,10,0.04787675403997841,20.0
video104_final.mp4,Parkinson,11,0.04154058663340141,20.0
video104_final.mp4,Parkinson,12,0.06870302825759134,20.0
video104_final.mp4,Parkinson,13,0.04185543488509961,20.0
video104_final.mp4,Parkinson,14,0.059757078444003166,20.0
video104_final.mp4,Parkinson,15,0.028437233008981315,20.0
video104_final.mp4,Parkinson,16,0.030292916679669678,20.0
video104_final.mp4,Parkinson,17,0.01738008936341324,20.0
video104_final.mp4,Parkinson,18,0.011284541805509902,20.0
video104_final.mp4,Parkinson,19,0.007321816693006261,20.0
video104_final.mp4,Parkinson,20,0.005004850701113499,20.0
video104_final.mp4,Parkinson,21,0.004536583926352788,20.0
video104_final.mp4,Parkinson,22,0.003208876617274577,20.0
video104_final.mp4,Parkinson,23,0.005482428745169882,20.0
video104_final.mp4,Parkinson,24,0.006581663350502658,20.0
video104_final.mp4,Parkinson,25,0.004891140580309276,20.0
video104_final.mp4,Parkinson,26,0.004758838632165646,20.0
video104_final.mp4,Parkinson,27,0.009117736254574396,20.0
video104_final.mp4,Parkinson,28,0.0026242890141967533,20.0
video104_final.mp4,Parkinson,29,0.004741383960436718,20.0
video104_final.mp4,Parkinson,30,0.009229702741885445,20.0
video104_final.mp4,Parkinson,31,0.003835817138185334,20.0
video104_final.mp4,Parkinson,32,0.009016821735276372,20.0
video104_final.mp4,Parkinson,33,0.012545445017709347,20.0
video104_final.mp4,Parkinson,34,0.0055166112200206174,20.0
video104_final.mp4,Parkinson,35,0.0042411831506559425,20.0
video104_final.mp4,Parkinson,36,0.0038912054594813943,20.0
video104_final.mp4,Parkinson,37,0.004614994172878428,20.0
video104_final.mp4,Parkinson,38,0.0056277868062236105,20.0
video104_final.mp4,Parkinson,39,0.0026479058890666336,20.0
video104_final.mp4,Parkinson,40,0.007179560056176472,20.0
video104_final.mp4,Parkinson,41,0.0054237223953020035,20.0
video104_final.mp4,Parkinson,42,0.006267072868956074,20.0
video104_final.mp4,Parkinson,43,0.007330128248695521,20.0
video104_final.mp4,Parkinson,44,0.00718229563560286,20.0
video104_final.mp4,Parkinson,45,0.010748535846962287,20.0
video104_final.mp4,Parkinson,46,0.012299156989640837,20.0
video104_final.mp4,Parkinson,47,0.00844059884527884,20.0
video104_final.mp4,Parkinson,48,0.005331852801331398,20.0
video104_final.mp4,Parkinson,49,0.014476100393116748,20.0
video104_final.mp4,Parkinson,50,0.007561527877881602,20.0
video104_final.mp4,Parkinson,51,0.00513880141292687,20.0
video104_final.mp4,Parkinson,52,0.028558316206875746,20.0
video104_final.mp4,Parkinson,53,0.022665158964682613,20.0
video104_final.mp4,Parkinson,54,0.010356423300795408,20.0
video104_final.mp4,Parkinson,55,0.009482448452282174,20.0
video104_final.mp4,Parkinson,56,0.007848450275786362,20.0
video104_final.mp4,Parkinson,57,0.007544509925348666,20.0
video104_final.mp4,Parkinson,58,0.01043041247147038,20.0
video104_final.mp4,Parkinson,59,0.006785073464731771,20.0
video104_final.mp4,Parkinson,60,0.00369889206993639,20.0
video104_final.mp4,Parkinson,61,0.008796163332304607,20.0
video104_final.mp4,Parkinson,62,0.008403917557631067,20.0
video104_final.mp4,Parkinson,63,0.01110170981390777,20.0
video104_final.mp4,Parkinson,64,0.010765406856947858,20.0
video104_final.mp4,Parkinson,65,0.006900260990829361,20.0
video104_final.mp4,Parkinson,66,0.017233574326501695,20.0
video104_final.mp4,Parkinson,67,0.008894532975703853,20.0
video104_final.mp4,Parkinson,68,0.006973131635772599,20.0
video104_final.mp4,Parkinson,69,0.007296043330836594,20.0
video104_final.mp4,Parkinson,70,0.011495661754916928,20.0
video104_final.mp4,Parkinson,71,0.0017112034449140157,20.0
video104_final.mp4,Parkinson,72,0.007402054276432671,20.0
video104_final.mp4,Parkinson,73,0.009853302658419816,20.0
video104_final.mp4,Parkinson,74,0.012105261581240057,20.0
video104_final.mp4,Parkinson,75,0.007500475538028785,20.0
video104_final.mp4,Parkinson,76,0.011986344391006046,20.0
video104_final.mp4,Parkinson,77,0.007054586533737211,20.0
video104_final.mp4,Parkinson,78,0.005883950505753047,20.0
video104_final.mp4,Parkinson,79,0.00887074082586195,20.0
video104_final.mp4,Parkinson,80,0.0037309768252854598,20.0
video104_final.mp4,Parkinson,81,0.0036399129515015324,20.0
video104_final.mp4,Parkinson,82,0.002640583084749408,20.0
video104_final.mp4,Parkinson,83,0.0050689661107175925,20.0
video104_final.mp4,Parkinson,84,0.005714433780393869,20.0
video104_final.mp4,Parkinson,85,0.004862581646534474,20.0
video104_final.mp4,Parkinson,86,0.00696067082631642,20.0
video104_final.mp4,Parkinson,87,0.004150014005207235,20.0
video104_final.mp4,Parkinson,88,0.0036485859493480604,20.0
video104_final.mp4,Parkinson,89,0.0030039885464217863,20.0
video104_final.mp4,Parkinson,90,0.0041702261732917195,20.0
video104_final.mp4,Parkinson,91,0.006392943396052696,20.0
video104_final.mp4,Parkinson,92,0.0025550739733806995,20.0
video104_final.mp4,Parkinson,93,0.0058243643515850565,20.0
video104_final.mp4,Parkinson,94,0.0037419005878387528,20.0
video104_final.mp4,Parkinson,95,0.0018896558888930528,20.0
video104_final.mp4,Parkinson,96,0.004745639393156195,20.0
video104_final.mp4,Parkinson,97,0.0027424868464862385,20.0
video104_final.mp4,Parkinson,98,0.01374152703701885,20.0
video104_final.mp4,Parkinson,99,0.00848483839314674,20.0
video104_final.mp4,Parkinson,100,0.01636965298984972,20.0
video110_final.mp4,Parkinson,1,0.0,20.0
video110_final.mp4,Parkinson,2,0.018469417754749758,20.0
video110_final.mp4,Parkinson,3,0.011130701261791106,20.0
video110_final.mp4,Parkinson,4,0.015643724936195966,20.0
video110_final.mp4,Parkinson,5,0.008086088824067394,20.0
video110_final.mp4,Parkinson,6,0.016107620176033843,20.0
video110_final.mp4,Parkinson,7,0.016691980220386628,20.0
video110_final.mp4,Parkinson,8,0.014735739780966508,20.0
video110_final.mp4,Parkinson,9,0.005288322483620846,20.0
video110_final.mp4,Parkinson,10,0.005475385345430699,20.0
video110_final.mp4,Parkinson,11,0.005961208460937133,20.0
video110_final.mp4,Parkinson,12,0.004506215678636406,20.0
video110_final.mp4,Parkinson,13,0.002283484263515055,20.0
video110_final.mp4,Parkinson,14,0.007686294401620558,20.0
video110_final.mp4,Parkinson,15,0.0027286352561904153,20.0
video110_final.mp4,Parkinson,16,0.029130849464315427,20.0
video110_final.mp4,Parkinson,17,0.011714193465962084,20.0
video110_final.mp4,Parkinson,18,0.005359648561552148,20.0
video110_final.mp4,Parkinson,19,0.01797194490919849,20.0
video110_final.mp4,Parkinson,20,0.006877141202620911,20.0
video110_final.mp4,Parkinson,21,0.008163361593187616,20.0
video110_final.mp4,Parkinson,22,0.016987199561067187,20.0
video110_final.mp4,Parkinson,23,0.006352932163159734,20.0
video110_final.mp4,Parkinson,24,0.006917039580299428,20.0
video110_final.mp4,Parkinson,25,0.0018161756739181849,20.0
video110_final.mp4,Parkinson,26,0.0022308740448756074,20.0
video110_final.mp4,Parkinson,27,0.0018102990491112904,20.0
video110_final.mp4,Parkinson,28,0.004331692322078792,20.0
video110_final.mp4,Parkinson,29,0.00436617927644962,20.0
video110_final.mp4,Parkinson,30,0.005326949330177472,20.0
video110_final.mp4,Parkinson,31,0.00421643247374662,20.0
video110_final.mp4,Parkinson,32,0.010062992112800385,20.0
video110_final.mp4,Parkinson,33,0.0034374302863845532,20.0
video110_final.mp4,Parkinson,34,0.008621103771991908,20.0
video110_final.mp4,Parkinson,35,0.00826481302461061,20.0
video110_final.mp4,Parkinson,36,0.005839535201499839,20.0
video110_final.mp4,Parkinson,37,0.0055383204047584605,20.0
video110_final.mp4,Parkinson,38,0.014109889749608515,20.0
video110_final.mp4,Parkinson,39,0.008860687205242718,20.0
video110_final.mp4,Parkinson,40,0.009292744591681137,20.0
video110_final.mp4,Parkinson,41,0.004448595367780409,20.0
video110_final.mp4,Parkinson,42,0.013778976441172042,20.0
video110_final.mp4,Parkinson,43,0.006295479183256643,20.0
video110_final.mp4,Parkinson,44,0.008457752556498221,20.0
video110_final.mp4,Parkinson,45,0.00698738820600576,20.0
video110_final.mp4,Parkinson,46,0.007177706253333456,20.0
video110_final.mp4,Parkinson,47,0.004118993548332618,20.0
video110_final.mp4,Parkinson,48,0.005799347803627815,20.0
video110_final.mp4,Parkinson,49,0.003167472305898821,20.0
video110_final.mp4,Parkinson,50,0.012691036271748123,20.0
video110_final.mp4,Parkinson,51,0.007550175447846665,20.0
video110_final.mp4,Parkinson,52,0.004370596454472005,20.0
video110_final.mp4,Parkinson,53,0.0051516603309311815,20.0
video110_final.mp4,Parkinson,54,0.009713001745833299,20.0
video110_final.mp4,Parkinson,55,0.007707562580689955,20.0
video110_final.mp4,Parkinson,56,0.006198279753492853,20.0
video110_final.mp4,Parkinson,57,0.007729451709962637,20.0
video110_final.mp4,Parkinson,58,0.008833554026428153,20.0
video110_final.mp4,Parkinson,59,0.015142521555322098,20.0
video110_final.mp4,Parkinson,60,0.01045523514513834,20.0
video110_final.mp4,Parkinson,61,0.014524708903167543,20.0
video110_final.mp4,Parkinson,62,0.011451219404262495,20.0
video110_final.mp4,Parkinson,63,0.0050244374522266195,20.0
video110_final.mp4,Parkinson,64,0.00690031749424476,20.0
video110_final.mp4,Parkinson,65,0.012911938001079782,20.0
video110_final.mp4,Parkinson,66,0.007659089947218481,20.0
video110_final.mp4,Parkinson,67,0.008829405962936455,20.0
video110_final.mp4,Parkinson,68,0.004372077929808926,20.0
video110_final.mp4,Parkinson,69,0.00553619765175919,20.0
video110_final.mp4,Parkinson,70,0.008234009203763494,20.0
video110_final.mp4,Parkinson,71,0.01464887996779913,20.0
video110_final.mp4,Parkinson,72,0.010239109892482888,20.0
video110_final.mp4,Parkinson,73,0.010135071204805854,20.0
video110_final.mp4,Parkinson,74,0.005419282007524265,20.0
video110_final.mp4,Parkinson,75,0.021404801300120742,20.0
video110_final.mp4,Parkinson,76,0.02289327398214438,20.0
video110_final.mp4,Parkinson,77,0.01766000953768762,20.0
video110_final.mp4,Parkinson,78,0.00747879967984853,20.0
video110_final.mp4,Parkinson,79,0.007027893903599089,20.0
video110_final.mp4,Parkinson,80,0.006360559745184108,20.0
video110_final.mp4,Parkinson,81,0.00899405379906516,20.0
video110_final.mp4,Parkinson,82,0.02740284643638132,20.0
video110_final.mp4,Parkinson,83,0.012523211294224812,20.0
video110_final.mp4,Parkinson,84,0.013803018776287628,20.0
video110_final.mp4,Parkinson,85,0.0046910221950198444,20.0
video110_final.mp4,Parkinson,86,0.011549822909091418,20.0
video110_final.mp4,Parkinson,87,0.010565355670554447,20.0
video110_final.mp4,Parkinson,88,0.006735351663526732,20.0
video110_final.mp4,Parkinson,89,0.012413109917874917,20.0
video110_final.mp4,Parkinson,90,0.0048259521338001946,20.0
video110_final.mp4,Parkinson,91,0.009837584464675184,20.0
video110_final.mp4,Parkinson,92,0.007441896462240571,20.0
video110_final.mp4,Parkinson,93,0.00501004508693423,20.0
video110_final.mp4,Parkinson,94,0.010273008316679991,20.0
video110_final.mp4,Parkinson,95,0.00608233290901918,20.0
video110_final.mp4,Parkinson,96,0.005149453082358309,20.0
video110_final.mp4,Parkinson,97,0.009491906556238421,20.0
video110_final.mp4,Parkinson,98,0.009329994509669638,20.0
video110_final.mp4,Parkinson,99,0.004064113288250215,20.0
video110_final.mp4,Parkinson,100,0.001130590182025828,20.0
video111_final.mp4,Parkinson,1,0.0,20.0
video111_final.mp4,Parkinson,2,0.04941548495629938,20.0
video111_final.mp4,Parkinson,3,0.022792893343760272,20.0
video111_final.mp4,Parkinson,4,0.023516710764041045,20.0
video111_final.mp4,Parkinson,5,0.019611661722686285,20.0
video111_final.mp4,Parkinson,6,0.012207167404296511,20.0
video111_final.mp4,Parkinson,7,0.0061453628906192196,20.0
video111_final.mp4,Parkinson,8,0.007891173724850367,20.0
video111_final.mp4,Parkinson,9,0.010158727217451691,20.0
video111_final.mp4,Parkinson,10,0.007907952017214873,20.0
video111_final.mp4,Parkinson,11,0.011741398421175789,20.0
video111_final.mp4,Parkinson,12,0.005345376987587997,20.0
video111_final.mp4,Parkinson,13,0.006226350026361754,20.0
video111_final.mp4,Parkinson,14,0.008387247700412364,20.0
video111_final.mp4,Parkinson,15,0.005653064165473351,20.0
video111_final.mp4,Parkinson,16,0.008973299703433388,20.0
video111_final.mp4,Parkinson,17,0.010666490151459292,20.0
video111_final.mp4,Parkinson,18,0.0166034570047173,20.0
video111_final.mp4,Parkinson,19,0.008775825294800865,20.0
video111_final.mp4,Parkinson,20,0.014731713961382056,20.0
video111_final.mp4,Parkinson,21,0.019530273709855852,20.0
video111_final.mp4,Parkinson,22,0.029100179648408404,20.0
video111_final.mp4,Parkinson,23,0.03482163195037882,20.0
video111_final.mp4,Parkinson,24,0.032986673838782746,20.0
video111_final.mp4,Parkinson,25,0.018141127800607157,20.0
video111_final.mp4,Parkinson,26,0.009478775140947016,20.0
video111_final.mp4,Parkinson,27,0.022190943834471368,20.0
video111_final.mp4,Parkinson,28,0.005820330413215244,20.0
video111_final.mp4,Parkinson,29,0.023097780207070172,20.0
video111_final.mp4,Parkinson,30,0.02992108662748022,20.0
video111_final.mp4,Parkinson,31,0.015724444469418154,20.0
video111_final.mp4,Parkinson,32,0.04465975206929151,20.0
video111_final.mp4,Parkinson,33,0.040528669493568294,20.0
video111_final.mp4,Parkinson,34,0.04388998479075141,20.0
video111_final.mp4,Parkinson,35,0.02144543330786214,20.0
video111_final.mp4,Parkinson,36,0.04166242986642326,20.0
video111_final.mp4,Parkinson,37,0.02623873686771843,20.0
video111_final.mp4,Parkinson,38,0.02744143448171233,20.0
video111_final.mp4,Parkinson,39,0.006982474696767724,20.0
video111_final.mp4,Parkinson,40,0.009149425361109518,20.0
video111_final.mp4,Parkinson,41,0.010467120999751185,20.0
video111_final.mp4,Parkinson,42,0.027979301941408914,20.0
video111_final.mp4,Parkinson,43,0.03173121478731906,20.0
video111_final.mp4,Parkinson,44,0.039925096873909584,20.0
video111_final.mp4,Parkinson,45,0.03172797782517417,20.0
video111_final.mp4,Parkinson,46,0.025151917856891776,20.0
video111_final.mp4,Parkinson,47,0.013049139914606206,20.0
video111_final.mp4,Parkinson,48,0.021450365386537492,20.0
video111_final.mp4,Parkinson,49,0.007436264689431711,20.0
video111_final.mp4,Parkinson,50,0.025089681181093598,20.0
video111_final.mp4,Parkinson,51,0.03165243724487931,20.0
video111_final.mp4,Parkinson,52,0.017372150315497346,20.0
video111_final.mp4,Parkinson,53,0.020419432218678688,20.0
video111_final.mp4,Parkinson,54,0.02975397808781476,20.0
video111_final.mp4,Parkinson,55,0.01572250857662733,20.0
video111_final.mp4,Parkinson,56,0.03891854701504174,20.0
video111_final.mp4,Parkinson,57,0.04480329763418159,20.0
video111_final.mp4,Parkinson,58,0.022634126238261942,20.0
video111_final.mp4,Parkinson,59,0.009509193924770912,20.0
video111_final.mp4,Parkinson,60,0.06190098554031783,20.0
video111_final.mp4,Parkinson,61,0.04109469063702027,20.0
video111_final.mp4,Parkinson,62,0.021535611919311692,20.0
video111_final.mp4,Parkinson,63,0.013535481588380175,20.0
video111_final.mp4,Parkinson,64,0.00580665372849363,20.0
video111_final.mp4,Parkinson,65,0.010361804458133703,20.0
video111_final.mp4,Parkinson,66,0.012141580135701635,20.0
video111_final.mp4,Parkinson,67,0.004078910417057366,20.0
video111_final.mp4,Parkinson,68,0.010917612341592336,20.0
video111_final.mp4,Parkinson,69,0.006816545257228958,20.0
video111_final.mp4,Parkinson,70,0.008826260134702998,20.0
video111_final.mp4,Parkinson,71,0.00830596602461586,20.0
video111_final.mp4,Parkinson,72,0.02087123426003005,20.0
video111_final.mp4,Parkinson,73,0.013477747304552173,20.0
video111_final.mp4,Parkinson,74,0.06710919382415789,20.0
video111_final.mp4,Parkinson,75,0.051141843131331285,20.0
video111_final.mp4,Parkinson,76,0.0717913522695243,20.0
video111_final.mp4,Parkinson,77,0.06251451082890577,20.0
video111_final.mp4,Parkinson,78,0.057783098228879906,20.0
video111_final.mp4,Parkinson,79,0.027233288784148053,20.0
video111_final.mp4,Parkinson,80,0.024632237643936017,20.0
video111_final.mp4,Parkinson,81,0.01910409868053077,20.0
video111_final.mp4,Parkinson,82,0.025020809261437793,20.0
video111_final.mp4,Parkinson,83,0.015381353706335959,20.0
video111_final.mp4,Parkinson,84,0.001592779858880042,20.0
video111_final.mp4,Parkinson,85,0.007298566028972028,20.0
video111_final.mp4,Parkinson,86,0.00248081546435194,20.0
video111_final.mp4,Parkinson,87,0.007693812057123944,20.0
video111_final.mp4,Parkinson,88,0.013231482283019905,20.0
video111_final.mp4,Parkinson,89,0.009127650487001824,20.0
video111_final.mp4,Parkinson,90,0.006054299680102667,20.0
video111_final.mp4,Parkinson,91,0.005529867742886147,20.0
video111_final.mp4,Parkinson,92,0.0011078876368057077,20.0
video111_final.mp4,Parkinson,93,0.004057645798336485,20.0
video111_final.mp4,Parkinson,94,0.014218690214629858,20.0
video111_final.mp4,Parkinson,95,0.01884771198186718,20.0
video111_final.mp4,Parkinson,96,0.027380638382934835,20.0
video111_final.mp4,Parkinson,97,0.02323476895219168,20.0
video111_final.mp4,Parkinson,98,0.05334879756848509,20.0
video111_final.mp4,Parkinson,99,0.03504288084754473,20.0
video111_final.mp4,Parkinson,100,0.0391625986979524,20.0
video112_final.mp4,Parkinson,1,0.0,20.0
video112_final.mp4,Parkinson,2,0.009390924984201016,20.0
video112_final.mp4,Parkinson,3,0.005932256185715474,20.0
video112_final.mp4,Parkinson,4,0.009337382456140443,20.0
video112_final.mp4,Parkinson,5,0.00371728621325003,20.0
video112_final.mp4,Parkinson,6,0.0036232851643683735,20.0
video112_final.mp4,Parkinson,7,0.0034808946110846685,20.0
video112_final.mp4,Parkinson,8,0.006660614853169737,20.0
video112_final.mp4,Parkinson,9,0.0030212097249333655,20.0
video112_final.mp4,Parkinson,10,0.00417329266500545,20.0
video112_final.mp4,Parkinson,11,0.00814194999267091,20.0
video112_final.mp4,Parkinson,12,0.0053705415750935,20.0
video112_final.mp4,Parkinson,13,0.004574677022255144,20.0
video112_final.mp4,Parkinson,14,0.003435361289336401,20.0
video112_final.mp4,Parkinson,15,0.006758282840260893,20.0
video112_final.mp4,Parkinson,16,0.010165482487090262,20.0
video112_final.mp4,Parkinson,17,0.014412058649656606,20.0
video112_final.mp4,Parkinson,18,0.006312787233786441,20.0
video112_final.mp4,Parkinson,19,0.004634997759014102,20.0
video112_final.mp4,Parkinson,20,0.002280182077949535,20.0
video112_final.mp4,Parkinson,21,0.005356759585699811,20.0
video112_final.mp4,Parkinson,22,0.0069023333180908576,20.0
video112_final.mp4,Parkinson,23,0.0042341581512559765,20.0
video112_final.mp4,Parkinson,24,0.002729783719475791,20.0
video112_final.mp4,Parkinson,25,0.003347108435312837,20.0
video112_final.mp4,Parkinson,26,0.008459302900579863,20.0
video112_final.mp4,Parkinson,27,0.002134023382755469,20.0
video112_final.mp4,Parkinson,28,0.005447247616748606,20.0
video112_final.mp4,Parkinson,29,0.003312274721184114,20.0
video112_final.mp4,Parkinson,30,0.005978228292858873,20.0
video112_final.mp4,Parkinson,31,0.0033298655061401636,20.0
video112_final.mp4,Parkinson,32,0.005209060972644105,20.0
video112_final.mp4,Parkinson,33,0.0036242699351553337,20.0
video112_final.mp4,Parkinson,34,0.0033027785667136557,20.0
video112_final.mp4,Parkinson,35,0.0016991028329861886,20.0
video112_final.mp4,Parkinson,36,0.002789229259610937,20.0
video112_final.mp4,Parkinson,37,0.0019321465523244354,20.0
video112_final.mp4,Parkinson,38,0.020086826568770123,20.0
video112_final.mp4,Parkinson,39,0.012686098227540268,20.0
video112_final.mp4,Parkinson,40,0.009921632026039372,20.0
video112_final.mp4,Parkinson,41,0.014591113939315751,20.0
video112_final.mp4,Parkinson,42,0.01046022842099128,20.0
video112_final.mp4,Parkinson,43,0.009868149518984026,20.0
video112_final.mp4,Parkinson,44,0.005247345714320476,20.0
video112_final.mp4,Parkinson,45,0.005083872815027448,20.0
video112_final.mp4,Parkinson,46,0.006438957969967424,20.0
video112_final.mp4,Parkinson,47,0.0016000789904003318,20.0
video112_final.mp4,Parkinson,48,0.002420019265523804,20.0
video112_final.mp4,Parkinson,49,0.00177324748263636,20.0
video112_final.mp4,Parkinson,50,0.0032472246084571284,20.0
video112_final.mp4,Parkinson,51,0.007981381911046439,20.0
video112_final.mp4,Parkinson,52,0.00617282603624637,20.0
video112_final.mp4,Parkinson,53,0.004812232354541233,20.0
video112_final.mp4,Parkinson,54,0.004859460586653136,20.0
video112_final.mp4,Parkinson,55,0.0036689718520002803,20.0
video112_final.mp4,Parkinson,56,0.009744807135694039,20.0
video112_final.mp4,Parkinson,57,0.0038069007310950692,20.0
video112_final.mp4,Parkinson,58,0.004637861881858767,20.0
video112_final.mp4,Parkinson,59,0.001627454674659762,20.0
video112_final.mp4,Parkinson,60,0.005787589752903584,20.0
video112_final.mp4,Parkinson,61,0.0022952847032582367,20.0
video112_final.mp4,Parkinson,62,0.0037878504638808605,20.0
video112_final.mp4,Parkinson,63,0.004539570761655885,20.0
video112_final.mp4,Parkinson,64,0.0022554687565701685,20.0
video112_final.mp4,Parkinson,65,0.0034468615483641335,20.0
video112_final.mp4,Parkinson,66,0.0028141446341796894,20.0
video112_final.mp4,Parkinson,67,0.0029560685832286855,20.0
video112_final.mp4,Parkinson,68,0.007920820523645322,20.0
video112_final.mp4,Parkinson,69,0.0032902237163836045,20.0
video112_final.mp4,Parkinson,70,0.0016868877821360297,20.0
video112_final.mp4,Parkinson,71,0.0020425606008561224,20.0
video112_final.mp4,Parkinson,72,0.00756729023811095,20.0
video112_final.mp4,Parkinson,73,0.0025609647942677243,20.0
video112_final.mp4,Parkinson,74,0.001665788963703798,20.0
video112_final.mp4,Parkinson,75,0.005231624627022606,20.0
video112_final.mp4,Parkinson,76,0.007474184254875738,20.0
video112_final.mp4,Parkinson,77,0.00874668350831891,20.0
video112_final.mp4,Parkinson,78,0.004343187516861575,20.0
video112_final.mp4,Parkinson,79,0.00590085375161827,20.0
video112_final.mp4,Parkinson,80,0.005326018980233877,20.0
video112_final.mp4,Parkinson,81,0.0051033515526930605,20.0
video112_final.mp4,Parkinson,82,0.0034343765172329217,20.0
video112_final.mp4,Parkinson,83,0.006057501288455877,20.0
video112_final.mp4,Parkinson,84,0.00928401128568278,20.0
video112_final.mp4,Parkinson,85,0.004333922764346491,20.0
video112_final.mp4,Parkinson,86,0.008771939644061283,20.0
video112_final.mp4,Parkinson,87,0.007339245630444631,20.0
video112_final.mp4,Parkinson,88,0.010683401748055233,20.0
video112_final.mp4,Parkinson,89,0.004788715817403753,20.0
video112_final.mp4,Parkinson,90,0.012577330648069918,20.0
video112_final.mp4,Parkinson,91,0.012499104980315824,20.0
video112_final.mp4,Parkinson,92,0.004146150447570144,20.0
video112_final.mp4,Parkinson,93,0.007462608684489493,20.0
video112_final.mp4,Parkinson,94,0.0034785949040341767,20.0
video112_final.mp4,Parkinson,95,0.003994681701170927,20.0
video112_final.mp4,Parkinson,96,0.005975988451846411,20.0
video112_final.mp4,Parkinson,97,0.00564076140607764,20.0
video112_final.mp4,Parkinson,98,0.006160509846729259,20.0
video112_final.mp4,Parkinson,99,0.002176983553958951,20.0
video112_final.mp4,Parkinson,100,0.009596261814745792,20.0
video113_final.mp4,Parkinson,1,0.0,20.0
video113_final.mp4,Parkinson,2,0.021098633345553362,20.0
video113_final.mp4,Parkinson,3,0.005410337384404545,20.0
video113_final.mp4,Parkinson,4,0.00823921456519192,20.0
video113_final.mp4,Parkinson,5,0.007489978520694507,20.0
video113_final.mp4,Parkinson,6,0.0020638038686369266,20.0
video113_final.mp4,Parkinson,7,0.004238133050733524,20.0
video113_final.mp4,Parkinson,8,0.004680453492457744,20.0
video113_final.mp4,Parkinson,9,0.011934380788924719,20.0
video113_final.mp4,Parkinson,10,0.007803797019194096,20.0
video113_final.mp4,Parkinson,11,0.0052165199085648295,20.0
video113_final.mp4,Parkinson,12,0.007770473458758827,20.0
video113_final.mp4,Parkinson,13,0.006500206821854477,20.0
video113_final.mp4,Parkinson,14,0.010607093904500056,20.0
video113_final.mp4,Parkinson,15,0.01045677705814952,20.0
video113_final.mp4,Parkinson,16,0.008182982030832543,20.0
video113_final.mp4,Parkinson,17,0.012744949694699668,20.0
video113_final.mp4,Parkinson,18,0.014255240575449909,20.0
video113_final.mp4,Parkinson,19,0.010892186330984797,20.0
video113_final.mp4,Parkinson,20,0.003227125521994778,20.0
video113_final.mp4,Parkinson,21,0.005418813447308223,20.0
video113_final.mp4,Parkinson,22,0.0030830733778164842,20.0
video113_final.mp4,Parkinson,23,0.003875245744146101,20.0
video113_final.mp4,Parkinson,24,0.012660423206739588,20.0
video113_final.mp4,Parkinson,25,0.011827789396425401,20.0
video113_final.mp4,Parkinson,26,0.006636778320800715,20.0
video113_final.mp4,Parkinson,27,0.00589636544557462,20.0
video113_final.mp4,Parkinson,28,0.007507279144671415,20.0
video113_final.mp4,Parkinson,29,0.00625419108814157,20.0
video113_final.mp4,Parkinson,30,0.0035975997907260644,20.0
video113_final.mp4,Parkinson,31,0.004159945711885163,20.0
video113_final.mp4,Parkinson,32,0.007550969240183125,20.0
video113_final.mp4,Parkinson,33,0.00728828184712346,20.0
video113_final.mp4,Parkinson,34,0.004570267935223345,20.0
video113_final.mp4,Parkinson,35,0.0037842768185767004,20.0
video113_final.mp4,Parkinson,36,0.0038932631548938557,20.0
video113_final.mp4,Parkinson,37,0.007536413647759098,20.0
video113_final.mp4,Parkinson,38,0.004191965630546078,20.0
video113_final.mp4,Parkinson,39,0.005708722504637222,20.0
video113_final.mp4,Parkinson,40,0.002927269246106631,20.0
video113_final.mp4,Parkinson,41,0.005361319269036562,20.0
video113_final.mp4,Parkinson,42,0.004149494407315964,20.0
video113_final.mp4,Parkinson,43,0.0014730021636553965,20.0
video113_final.mp4,Parkinson,44,0.005230941456790012,20.0
video113_final.mp4,Parkinson,45,0.0036842251691850897,20.0
video113_final.mp4,Parkinson,46,0.005180559781353429,20.0
video113_final.mp4,Parkinson,47,0.0018468186454376906,20.0
video113_final.mp4,Parkinson,48,0.0025565066393460766,20.0
video113_final.mp4,Parkinson,49,0.0025287869185328803,20.0
video113_final.mp4,Parkinson,50,0.003233442264954301,20.0
video113_final.mp4,Parkinson,51,0.0012963790558231788,20.0
video113_final.mp4,Parkinson,52,0.0028278499462125414,20.0
video113_final.mp4,Parkinson,53,0.005608532252612726,20.0
video113_final.mp4,Parkinson,54,0.002470838229807534,20.0
video113_final.mp4,Parkinson,55,0.0030387562569463354,20.0
video113_final.mp4,Parkinson,56,0.005612379010397789,20.0
video113_final.mp4,Parkinson,57,0.0034165125794319755,20.0
video113_final.mp4,Parkinson,58,0.0034123535420436868,20.0
video113_final.mp4,Parkinson,59,0.003376758668448318,20.0
video113_final.mp4,Parkinson,60,0.0033845165678724845,20.0
video113_final.mp4,Parkinson,61,0.007147072198015946,20.0
video113_final.mp4,Parkinson,62,0.012081855081346076,20.0
video113_final.mp4,Parkinson,63,0.013991678908056571,20.0
video113_final.mp4,Parkinson,64,0.016623416179941033,20.0
video113_final.mp4,Parkinson,65,0.010899037359354373,20.0
video113_final.mp4,Parkinson,66,0.006195488216366272,20.0
video113_final.mp4,Parkinson,67,0.002694163622019363,20.0
video113_final.mp4,Parkinson,68,0.0012723719649248792,20.0
video113_final.mp4,Parkinson,69,0.005367051739278956,20.0
video113_final.mp4,Parkinson,70,0.002847465876020994,20.0
video113_final.mp4,Parkinson,71,0.00417305153957744,20.0
video113_final.mp4,Parkinson,72,0.003398166448446903,20.0
video113_final.mp4,Parkinson,73,0.003528839410088304,20.0
video113_final.mp4,Parkinson,74,0.004634324048040251,20.0
video113_final.mp4,Parkinson,75,0.0017535947486842177,20.0
video113_final.mp4,Parkinson,76,0.002341646464479364,20.0
video113_final.mp4,Parkinson,77,0.0009497179966630054,20.0
video113_final.mp4,Parkinson,78,0.0014427275022008623,20.0
video113_final.mp4,Parkinson,79,0.005557254754007547,20.0
video113_final.mp4,Parkinson,80,0.002180957767999773,20.0
video113_final.mp4,Parkinson,81,0.002437961272476488,20.0
video113_final.mp4,Parkinson,82,0.002560154142417709,20.0
video113_final.mp4,Parkinson,83,0.0034376873132487403,20.0
video113_final.mp4,Parkinson,84,0.0019924832635603348,20.0
video113_final.mp4,Parkinson,85,0.004539515514927748,20.0
video113_final.mp4,Parkinson,86,0.011845358092628102,20.0
video113_final.mp4,Parkinson,87,0.012977875070233227,20.0
video113_final.mp4,Parkinson,88,0.0014847584991528925,20.0
video113_final.mp4,Parkinson,89,0.006228305784319224,20.0
video113_final.mp4,Parkinson,90,0.0021071066845416092,20.0
video113_final.mp4,Parkinson,91,0.0033420505838507955,20.0
video113_final.mp4,Parkinson,92,0.005368135503623177,20.0
video113_final.mp4,Parkinson,93,0.009178315906075311,20.0
video113_final.mp4,Parkinson,94,0.011218979941206693,20.0
video113_final.mp4,Parkinson,95,0.009301897466076426,20.0
video113_final.mp4,Parkinson,96,0.0032053961607884547,20.0
video113_final.mp4,Parkinson,97,0.0031221576323719755,20.0
video113_final.mp4,Parkinson,98,0.00673586621076433,20.0
video113_final.mp4,Parkinson,99,0.00559747079237517,20.0
video113_final.mp4,Parkinson,100,0.006687500771673247,20.0
video120_final.mp4,Parkinson,1,0.0,20.0
video120_final.mp4,Parkinson,2,0.015183874011874137,20.0
video120_final.mp4,Parkinson,3,0.030449131699292992,20.0
video120_final.mp4,Parkinson,4,0.05787766711748234,20.0
video120_final.mp4,Parkinson,5,0.04155586063781299,20.0
video120_final.mp4,Parkinson,6,0.04379575216705774,20.0
video120_final.mp4,Parkinson,7,0.015181970984233703,20.0
video120_final.mp4,Parkinson,8,0.009231531244547614,20.0
video120_final.mp4,Parkinson,9,0.02278882703424501,20.0
video120_final.mp4,Parkinson,10,0.032531447060786506,20.0
video120_final.mp4,Parkinson,11,0.03523774887778201,20.0
video120_final.mp4,Parkinson,12,0.03466022132289713,20.0
video120_final.mp4,Parkinson,13,0.013557589671441859,20.0
video120_final.mp4,Parkinson,14,0.03831183637598217,20.0
video120_final.mp4,Parkinson,15,0.025403186990621357,20.0
video120_final.mp4,Parkinson,16,0.01615592445540073,20.0
video120_final.mp4,Parkinson,17,0.006485981287331794,20.0
video120_final.mp4,Parkinson,18,0.009186178825200873,20.0
video120_final.mp4,Parkinson,19,0.005642891542624718,20.0
video120_final.mp4,Parkinson,20,0.0161116072482736,20.0
video120_final.mp4,Parkinson,21,0.005696224248889636,20.0
video120_final.mp4,Parkinson,22,0.010529178893608208,20.0
video120_final.mp4,Parkinson,23,0.014300929439026954,20.0
video120_final.mp4,Parkinson,24,0.024392121368876845,20.0
video120_final.mp4,Parkinson,25,0.01711797228715099,20.0
video120_final.mp4,Parkinson,26,0.01616168087596003,20.0
video120_final.mp4,Parkinson,27,0.018552272069178057,20.0
video120_final.mp4,Parkinson,28,0.014020340609559529,20.0
video120_final.mp4,Parkinson,29,0.021809481726827867,20.0
video120_final.mp4,Parkinson,30,0.022474187250555656,20.0
video120_final.mp4,Parkinson,31,0.013562192971459452,20.0
video120_final.mp4,Parkinson,32,0.012182685329517244,20.0
video120_final.mp4,Parkinson,33,0.013210366732550166,20.0
video120_final.mp4,Parkinson,34,0.010658205700041275,20.0
video120_final.mp4,Parkinson,35,0.008873584034176632,20.0
video120_final.mp4,Parkinson,36,0.003312154000184798,20.0
video120_final.mp4,Parkinson,37,0.004358921192466702,20.0
video120_final.mp4,Parkinson,38,0.009399015547273792,20.0
video120_final.mp4,Parkinson,39,0.0231603419964129,20.0
video120_final.mp4,Parkinson,40,0.020503273992101063,20.0
video120_final.mp4,Parkinson,41,0.014345680348626957,20.0
video120_final.mp4,Parkinson,42,0.01829637904270302,20.0
video120_final.mp4,Parkinson,43,0.012244211659742541,20.0
video120_final.mp4,Parkinson,44,0.020171721459574837,20.0
video120_final.mp4,Parkinson,45,0.008208114399439295,20.0
video120_final.mp4,Parkinson,46,0.009177564355350632,20.0
video120_final.mp4,Parkinson,47,0.007442879992056206,20.0
video120_final.mp4,Parkinson,48,0.013017037873391757,20.0
video120_final.mp4,Parkinson,49,0.01728346191083752,20.0
video120_final.mp4,Parkinson,50,0.006727663064525898,20.0
video120_final.mp4,Parkinson,51,0.012611727475590797,20.0
video120_final.mp4,Parkinson,52,0.006043252678749432,20.0
video120_final.mp4,Parkinson,53,0.0161850416201293,20.0
video120_final.mp4,Parkinson,54,0.01441157028793219,20.0
video120_final.mp4,Parkinson,55,0.00478184010147221,20.0
video120_final.mp4,Parkinson,56,0.005072155574063766,20.0
video120_final.mp4,Parkinson,57,0.004748649040140628,20.0
video120_final.mp4,Parkinson,58,0.010251185288677191,20.0
video120_final.mp4,Parkinson,59,0.008767740287759222,20.0
video120_final.mp4,Parkinson,60,0.01138674573141052,20.0
video120_final.mp4,Parkinson,61,0.01328872277154572,20.0
video120_final.mp4,Parkinson,62,0.018399835253433784,20.0
video120_final.mp4,Parkinson,63,0.017662275180398916,20.0
video120_final.mp4,Parkinson,64,0.03662422264481378,20.0
video120_final.mp4,Parkinson,65,0.028305025504681947,20.0
video120_final.mp4,Parkinson,66,0.02989762733722427,20.0
video120_final.mp4,Parkinson,67,0.027912838299755605,20.0
video120_final.mp4,Parkinson,68,0.02458989495091027,20.0
video120_final.mp4,Parkinson,69,0.016976622393384586,20.0
video120_final.mp4,Parkinson,70,0.01824143487055942,20.0
video120_final.mp4,Parkinson,71,0.006556742849958534,20.0
video120_final.mp4,Parkinson,72,0.010868723639832097,20.0
video120_final.mp4,Parkinson,73,0.01803460237549052,20.0
video120_final.mp4,Parkinson,74,0.010957375648201165,20.0
video120_final.mp4,Parkinson,75,0.008945836157681514,20.0
video120_final.mp4,Parkinson,76,0.006920113404265155,20.0
video120_final.mp4,Parkinson,77,0.0028268189925441177,20.0
video120_final.mp4,Parkinson,78,0.00654093581597306,20.0
video120_final.mp4,Parkinson,79,0.012269274708260992,20.0
video120_final.mp4,Parkinson,80,0.0123854385715022,20.0
video120_final.mp4,Parkinson,81,0.024335791230218458,20.0
video120_final.mp4,Parkinson,82,0.015931859847683617,20.0
video120_final.mp4,Parkinson,83,0.026004040382173847,20.0
video120_final.mp4,Parkinson,84,0.04907204902846359,20.0
video120_final.mp4,Parkinson,85,0.03635589124793355,20.0
video120_final.mp4,Parkinson,86,0.031538150939352846,20.0
video120_final.mp4,Parkinson,87,0.02752943846132807,20.0
video120_final.mp4,Parkinson,88,0.01940077321914045,20.0
video120_final.mp4,Parkinson,89,0.028242411837190624,20.0
video120_final.mp4,Parkinson,90,0.03013970219381743,20.0
video120_final.mp4,Parkinson,91,0.017431947338177007,20.0
video120_final.mp4,Parkinson,92,0.00946346585867044,20.0
video120_final.mp4,Parkinson,93,0.010391886492303111,20.0
video120_final.mp4,Parkinson,94,0.027233921187393963,20.0
video120_final.mp4,Parkinson,95,0.012535419318154314,20.0
video120_final.mp4,Parkinson,96,0.014667499048549226,20.0
video120_final.mp4,Parkinson,97,0.00706628059860311,20.0
video120_final.mp4,Parkinson,98,0.006016831925156054,20.0
video120_final.mp4,Parkinson,99,0.009802048131584999,20.0
video120_final.mp4,Parkinson,100,0.008466381723263054,20.0
video121_final.mp4,Parkinson,1,0.0,20.0
video121_final.mp4,Parkinson,2,0.028331963505948,20.0
video121_final.mp4,Parkinson,3,0.013724233958194854,20.0
video121_final.mp4,Parkinson,4,0.01931632934016548,20.0
video121_final.mp4,Parkinson,5,0.01783589283401541,20.0
video121_final.mp4,Parkinson,6,0.020054924505667288,20.0
video121_final.mp4,Parkinson,7,0.0064077904655532565,20.0
video121_final.mp4,Parkinson,8,0.004192407999132843,20.0
video121_final.mp4,Parkinson,9,0.004860110454017382,20.0
video121_final.mp4,Parkinson,10,0.01125383451466733,20.0
video121_final.mp4,Parkinson,11,0.010172155091943167,20.0
video121_final.mp4,Parkinson,12,0.019498176253570827,20.0
video121_final.mp4,Parkinson,13,0.017348183037641275,20.0
video121_final.mp4,Parkinson,14,0.014539067261254831,20.0
video121_final.mp4,Parkinson,15,0.004329005486475189,20.0
video121_final.mp4,Parkinson,16,0.007444440966634666,20.0
video121_final.mp4,Parkinson,17,0.011452626817590301,20.0
video121_final.mp4,Parkinson,18,0.012468166340237202,20.0
video121_final.mp4,Parkinson,19,0.01136315316669868,20.0
video121_final.mp4,Parkinson,20,0.0148711774499135,20.0
video121_final.mp4,Parkinson,21,0.01300028772312824,20.0
video121_final.mp4,Parkinson,22,0.008040240880151397,20.0
video121_final.mp4,Parkinson,23,0.007017037606656456,20.0
video121_final.mp4,Parkinson,24,0.006031242233253428,20.0
video121_final.mp4,Parkinson,25,0.0022547151263953716,20.0
video121_final.mp4,Parkinson,26,0.007108992607079635,20.0
video121_final.mp4,Parkinson,27,0.003930364333753628,20.0
video121_final.mp4,Parkinson,28,0.008707052262172105,20.0
video121_final.mp4,Parkinson,29,0.005555930814249238,20.0
video121_final.mp4,Parkinson,30,0.0029846759665416857,20.0
video121_final.mp4,Parkinson,31,0.0040660997596513385,20.0
video121_final.mp4,Parkinson,32,0.004426542271411998,20.0
video121_final.mp4,Parkinson,33,0.00486281086031991,20.0
video121_final.mp4,Parkinson,34,0.012175566142583055,20.0
video121_final.mp4,Parkinson,35,0.010452624482880042,20.0
video121_final.mp4,Parkinson,36,0.015263825041920481,20.0
video121_final.mp4,Parkinson,37,0.013977286484480461,20.0
video121_final.mp4,Parkinson,38,0.018952198060200272,20.0
video121_final.mp4,Parkinson,39,0.01659078712198416,20.0
video121_final.mp4,Parkinson,40,0.01927006781600196,20.0
video121_final.mp4,Parkinson,41,0.015344365683431005,20.0
video121_final.mp4,Parkinson,42,0.007423795538287414,20.0
video121_final.mp4,Parkinson,43,0.0031727077637376524,20.0
video121_final.mp4,Parkinson,44,0.012485000798595526,20.0
video121_final.mp4,Parkinson,45,0.008120021444610109,20.0
video121_final.mp4,Parkinson,46,0.01562988656141387,20.0
video121_final.mp4,Parkinson,47,0.010562769213368736,20.0
video121_final.mp4,Parkinson,48,0.014496521456354852,20.0
video121_final.mp4,Parkinson,49,0.013787121678010652,20.0
video121_final.mp4,Parkinson,50,0.01838464485782281,20.0
video121_final.mp4,Parkinson,51,0.024051518830652936,20.0
video121_final.mp4,Parkinson,52,0.019692812595906835,20.0
video121_final.mp4,Parkinson,53,0.015599048506231871,20.0
video121_final.mp4,Parkinson,54,0.021330222498074078,20.0
video121_final.mp4,Parkinson,55,0.01694005878330847,20.0
video121_final.mp4,Parkinson,56,0.01727895966031074,20.0
video121_final.mp4,Parkinson,57,0.013171011490701106,20.0
video121_final.mp4,Parkinson,58,0.01310748002880791,20.0
video121_final.mp4,Parkinson,59,0.010486819558987013,20.0
video121_final.mp4,Parkinson,60,0.016882933890154467,20.0
video121_final.mp4,Parkinson,61,0.007166849998418358,20.0
video121_final.mp4,Parkinson,62,0.015541186621858726,20.0
video121_final.mp4,Parkinson,63,0.002831999204695272,20.0
video121_final.mp4,Parkinson,64,0.015354933215762067,20.0
video121_final.mp4,Parkinson,65,0.0051481583305746535,20.0
video121_final.mp4,Parkinson,66,0.003235024731351719,20.0
video121_final.mp4,Parkinson,67,0.006585692540509729,20.0
video121_final.mp4,Parkinson,68,0.006269529939197399,20.0
video121_final.mp4,Parkinson,69,0.01127734484595309,20.0
video121_final.mp4,Parkinson,70,0.006444993473447495,20.0
video121_final.mp4,Parkinson,71,0.005432443771898864,20.0
video121_final.mp4,Parkinson,72,0.024814379845589516,20.0
video121_final.mp4,Parkinson,73,0.02360638403274801,20.0
video121_final.mp4,Parkinson,74,0.026888492213962837,20.0
video121_final.mp4,Parkinson,75,0.013815070332237386,20.0
video121_final.mp4,Parkinson,76,0.011186603399910155,20.0
video121_final.mp4,Parkinson,77,0.010456571675591882,20.0
video121_final.mp4,Parkinson,78,0.00978405021693293,20.0
video121_final.mp4,Parkinson,79,0.007747265280715411,20.0
video121_final.mp4,Parkinson,80,0.006150691190269323,20.0
video121_final.mp4,Parkinson,81,0.005362753571642232,20.0
video121_final.mp4,Parkinson,82,0.00566124431981494,20.0
video121_final.mp4,Parkinson,83,0.0032245107413888642,20.0
video121_final.mp4,Parkinson,84,0.0026309043438792193,20.0
video121_final.mp4,Parkinson,85,0.0016583801580223293,20.0
video121_final.mp4,Parkinson,86,0.004694160779606787,20.0
video121_final.mp4,Parkinson,87,0.007442691331628969,20.0
video121_final.mp4,Parkinson,88,0.004965301252083668,20.0
video121_final.mp4,Parkinson,89,0.006743041889070465,20.0
video121_final.mp4,Parkinson,90,0.006825683204892876,20.0
video121_final.mp4,Parkinson,91,0.0067888230471679885,20.0
video121_final.mp4,Parkinson,92,0.00458705066015507,20.0
video121_final.mp4,Parkinson,93,0.007422023683309765,20.0
video121_final.mp4,Parkinson,94,0.007241446915723171,20.0
video121_final.mp4,Parkinson,95,0.00684674346007485,20.0
video121_final.mp4,Parkinson,96,0.015899167230115478,20.0
video121_final.mp4,Parkinson,97,0.0082508410185303,20.0
video121_final.mp4,Parkinson,98,0.014867169949634574,20.0
video121_final.mp4,Parkinson,99,0.005735349977236967,20.0
video121_final.mp4,Parkinson,100,0.005847862269674066,20.0
video122_final.mp4,Parkinson,1,0.0,20.0
video122_final.mp4,Parkinson,2,0.018369969245452367,20.0
video122_final.mp4,Parkinson,3,0.015546961979567623,20.0
video122_final.mp4,Parkinson,4,0.008293281115798098,20.0
video122_final.mp4,Parkinson,5,0.012846702842078037,20.0
video122_final.mp4,Parkinson,6,0.012734581473434203,20.0
video122_final.mp4,Parkinson,7,0.006415080931946102,20.0
video122_final.mp4,Parkinson,8,0.007872495871035314,20.0
video122_final.mp4,Parkinson,9,0.004945994382748079,20.0
video122_final.mp4,Parkinson,10,0.011817898991821263,20.0
video122_final.mp4,Parkinson,11,0.005509342641167742,20.0
video122_final.mp4,Parkinson,12,0.005148046465796719,20.0
video122_final.mp4,Parkinson,13,0.004857112326586809,20.0
video122_final.mp4,Parkinson,14,0.011501648952585753,20.0
video122_final.mp4,Parkinson,15,0.0034356116372497767,20.0
video122_final.mp4,Parkinson,16,0.0022829066622706484,20.0
video122_final.mp4,Parkinson,17,0.0029474770307057305,20.0
video122_final.mp4,Parkinson,18,0.014414730178720442,20.0
video122_final.mp4,Parkinson,19,0.006150354336629344,20.0
video122_final.mp4,Parkinson,20,0.006650148050920129,20.0
video122_final.mp4,Parkinson,21,0.013077670405104658,20.0
video122_final.mp4,Parkinson,22,0.019010061727972757,20.0
video122_final.mp4,Parkinson,23,0.013855988630216734,20.0
video122_final.mp4,Parkinson,24,0.011061610247458335,20.0
video122_final.mp4,Parkinson,25,0.009133592395701638,20.0
video122_final.mp4,Parkinson,26,0.011385691289877728,20.0
video122_final.mp4,Parkinson,27,0.00333322492535374,20.0
video122_final.mp4,Parkinson,28,0.006065618536145489,20.0
video122_final.mp4,Parkinson,29,0.005154546201088883,20.0
video122_final.mp4,Parkinson,30,0.0024061050652920673,20.0
video122_final.mp4,Parkinson,31,0.009604233240160413,20.0
video122_final.mp4,Parkinson,32,0.007218728974052807,20.0
video122_final.mp4,Parkinson,33,0.005959810488986238,20.0
video122_final.mp4,Parkinson,34,0.004259891945305197,20.0
video122_final.mp4,Parkinson,35,0.007522307378720307,20.0
video122_final.mp4,Parkinson,36,0.006048380273119299,20.0
video122_final.mp4,Parkinson,37,0.006853563141411191,20.0
video122_final.mp4,Parkinson,38,0.011681964912174235,20.0
video122_final.mp4,Parkinson,39,0.0031135195143617692,20.0
video122_final.mp4,Parkinson,40,0.00916590847184014,20.0
video122_final.mp4,Parkinson,41,0.006022434900444703,20.0
video122_final.mp4,Parkinson,42,0.012397633460874738,20.0
video122_final.mp4,Parkinson,43,0.010948129840826024,20.0
video122_final.mp4,Parkinson,44,0.007130147146840932,20.0
video122_final.mp4,Parkinson,45,0.0030559378838622567,20.0
video122_final.mp4,Parkinson,46,0.004850042849824064,20.0
video122_final.mp4,Parkinson,47,0.0029773336219400645,20.0
video122_final.mp4,Parkinson,48,0.004163882667327275,20.0
video122_final.mp4,Parkinson,49,0.0038852760397490595,20.0
video122_final.mp4,Parkinson,50,0.005425451407139742,20.0
video122_final.mp4,Parkinson,51,0.005709832369469482,20.0
video122_final.mp4,Parkinson,52,0.0063614873178765435,20.0
video122_final.mp4,Parkinson,53,0.0021035097658334994,20.0
video122_final.mp4,Parkinson,54,0.006651391710857696,20.0
video122_final.mp4,Parkinson,55,0.008925014942657525,20.0
video122_final.mp4,Parkinson,56,0.00640631973376686,20.0
video122_final.mp4,Parkinson,57,0.008205939327846676,20.0
video122_final.mp4,Parkinson,58,0.008812295298028908,20.0
video122_final.mp4,Parkinson,59,0.009118025604026353,20.0
video122_final.mp4,Parkinson,60,0.010560306367782482,20.0
video122_final.mp4,Parkinson,61,0.014171631662129727,20.0
video122_final.mp4,Parkinson,62,0.005893619759161689,20.0
video122_final.mp4,Parkinson,63,0.007141711700713422,20.0
video122_final.mp4,Parkinson,64,0.005602666774415581,20.0
video122_final.mp4,Parkinson,65,0.008867165097173396,20.0
video122_final.mp4,Parkinson,66,0.011848136097741432,20.0
video122_final.mp4,Parkinson,67,0.02704528418049008,20.0
video122_final.mp4,Parkinson,68,0.016330307493749568,20.0
video122_final.mp4,Parkinson,69,0.006378836607447464,20.0
video122_final.mp4,Parkinson,70,0.005621004692596009,20.0
video122_final.mp4,Parkinson,71,0.00553805140905819,20.0
video122_final.mp4,Parkinson,72,0.0045749637740101195,20.0
video122_final.mp4,Parkinson,73,0.004685479162389761,20.0
video122_final.mp4,Parkinson,74,0.0074340701462909334,20.0
video122_final.mp4,Parkinson,75,0.007118588271318739,20.0
video122_final.mp4,Parkinson,76,0.005581269433026041,20.0
video122_final.mp4,Parkinson,77,0.009985794957941649,20.0
video122_final.mp4,Parkinson,78,0.004216918518495066,20.0
video122_final.mp4,Parkinson,79,0.008512036799872842,20.0
video122_final.mp4,Parkinson,80,0.005567234636019211,20.0
video122_final.mp4,Parkinson,81,0.004131447947125303,20.0
video122_final.mp4,Parkinson,82,0.00632870870083921,20.0
video122_final.mp4,Parkinson,83,0.004913483316628297,20.0
video122_final.mp4,Parkinson,84,0.008280782311619814,20.0
video122_final.mp4,Parkinson,85,0.002833274734351996,20.0
video122_final.mp4,Parkinson,86,0.00841883432739873,20.0
video122_final.mp4,Parkinson,87,0.0140571629802966,20.0
video122_final.mp4,Parkinson,88,0.005150913198276467,20.0
video122_final.mp4,Parkinson,89,0.007936574912418726,20.0
video122_final.mp4,Parkinson,90,0.00918133590650361,20.0
video122_final.mp4,Parkinson,91,0.004784534931334916,20.0
video122_final.mp4,Parkinson,92,0.015570574303065864,20.0
video122_final.mp4,Parkinson,93,0.013322924882281659,20.0
video122_final.mp4,Parkinson,94,0.012612434858127273,20.0
video122_final.mp4,Parkinson,95,0.009716833869074206,20.0
video122_final.mp4,Parkinson,96,0.007018825508698474,20.0
video122_final.mp4,Parkinson,97,0.004971992126213033,20.0
video122_final.mp4,Parkinson,98,0.006417640071323354,20.0
video122_final.mp4,Parkinson,99,0.0026593871884627246,20.0
video122_final.mp4,Parkinson,100,0.014082288451540238,20.0
video123_final.mp4,Parkinson,1,0.0,20.0
video123_final.mp4,Parkinson,2,0.011966172720407611,20.0
video123_final.mp4,Parkinson,3,0.011572823085775763,20.0
video123_final.mp4,Parkinson,4,0.0090903675391092,20.0
video123_final.mp4,Parkinson,5,0.013849859504144399,20.0
video123_final.mp4,Parkinson,6,0.01601671482079942,20.0
video123_final.mp4,Parkinson,7,0.004592917019498152,20.0
video123_final.mp4,Parkinson,8,0.0030483122081344273,20.0
video123_final.mp4,Parkinson,9,0.004927393040952232,20.0
video123_final.mp4,Parkinson,10,0.011226410401195274,20.0
video123_final.mp4,Parkinson,11,0.006381527050097731,20.0
video123_final.mp4,Parkinson,12,0.012664426562999423,20.0
video123_final.mp4,Parkinson,13,0.010999828272520827,20.0
video123_final.mp4,Parkinson,14,0.006547133150583769,20.0
video123_final.mp4,Parkinson,15,0.008569020462496147,20.0
video123_final.mp4,Parkinson,16,0.0038426887374140954,20.0
video123_final.mp4,Parkinson,17,0.007938391626040934,20.0
video123_final.mp4,Parkinson,18,0.005479204942682611,20.0
video123_final.mp4,Parkinson,19,0.002500934997435189,20.0
video123_final.mp4,Parkinson,20,0.005896936201210296,20.0
video123_final.mp4,Parkinson,21,0.0018913583170575257,20.0
video123_final.mp4,Parkinson,22,0.003442026068005824,20.0
video123_final.mp4,Parkinson,23,0.009719218564734641,20.0
video123_final.mp4,Parkinson,24,0.0042132655696135385,20.0
video123_final.mp4,Parkinson,25,0.0076401692940960666,20.0
video123_final.mp4,Parkinson,26,0.009226220809588704,20.0
video123_final.mp4,Parkinson,27,0.008043734240876213,20.0
video123_final.mp4,Parkinson,28,0.012832971536323632,20.0
video123_final.mp4,Parkinson,29,0.004757572674993871,20.0
video123_final.mp4,Parkinson,30,0.01140673535758505,20.0
video123_final.mp4,Parkinson,31,0.00879380719569597,20.0
video123_final.mp4,Parkinson,32,0.0048320377566294466,20.0
video123_final.mp4,Parkinson,33,0.01198239069841457,20.0
video123_final.mp4,Parkinson,34,0.01170672023179219,20.0
video123_final.mp4,Parkinson,35,0.008933005411335512,20.0
video123_final.mp4,Parkinson,36,0.0023213556429024793,20.0
video123_final.mp4,Parkinson,37,0.005437276952323589,20.0
video123_final.mp4,Parkinson,38,0.0038158182654507225,20.0
video123_final.mp4,Parkinson,39,0.003871743034388938,20.0
video123_final.mp4,Parkinson,40,0.006790431744429083,20.0
video123_final.mp4,Parkinson,41,0.005060044302249115,20.0
video123_final.mp4,Parkinson,42,0.007141020763638983,20.0
video123_final.mp4,Parkinson,43,0.0038232520632121756,20.0
video123_final.mp4,Parkinson,44,0.0036403850781144575,20.0
video123_final.mp4,Parkinson,45,0.010112493605232326,20.0
video123_final.mp4,Parkinson,46,0.01140260718803227,20.0
video123_final.mp4,Parkinson,47,0.007262108059778174,20.0
video123_final.mp4,Parkinson,48,0.005346543897786616,20.0
video123_final.mp4,Parkinson,49,0.003696993802991819,20.0
video123_final.mp4,Parkinson,50,0.011954344643503739,20.0
video123_final.mp4,Parkinson,51,0.007005969569251852,20.0
video123_final.mp4,Parkinson,52,0.0025489856406575436,20.0
video123_final.mp4,Parkinson,53,0.004392538160516795,20.0
video123_final.mp4,Parkinson,54,0.004052657511366664,20.0
video123_final.mp4,Parkinson,55,0.008848235086576594,20.0
video123_final.mp4,Parkinson,56,0.012377330675994822,20.0
video123_final.mp4,Parkinson,57,0.003006433180335992,20.0
video123_final.mp4,Parkinson,58,0.006116030261910335,20.0
video123_final.mp4,Parkinson,59,0.003425690696621894,20.0
video123_final.mp4,Parkinson,60,0.0067607606507271625,20.0
video123_final.mp4,Parkinson,61,0.005984391439004779,20.0
video123_final.mp4,Parkinson,62,0.004414797227832982,20.0
video123_final.mp4,Parkinson,63,0.003668329781404107,20.0
video123_final.mp4,Parkinson,64,0.008797300738274066,20.0
video123_final.mp4,Parkinson,65,0.006870527619418081,20.0
video123_final.mp4,Parkinson,66,0.005099507330923666,20.0
video123_final.mp4,Parkinson,67,0.012648347139120658,20.0
video123_final.mp4,Parkinson,68,0.009846548485207106,20.0
video123_final.mp4,Parkinson,69,0.003274968714160454,20.0
video123_final.mp4,Parkinson,70,0.013547538033379528,20.0
video123_final.mp4,Parkinson,71,0.005897363382295495,20.0
video123_final.mp4,Parkinson,72,0.011509682865688915,20.0
video123_final.mp4,Parkinson,73,0.009431557367847624,20.0
video123_final.mp4,Parkinson,74,0.006605747271603357,20.0
video123_final.mp4,Parkinson,75,0.006462429331241616,20.0
video123_final.mp4,Parkinson,76,0.007223394190084502,20.0
video123_final.mp4,Parkinson,77,0.004091751993830486,20.0
video123_final.mp4,Parkinson,78,0.006363649094665347,20.0
video123_final.mp4,Parkinson,79,0.0030678870136452993,20.0
video123_final.mp4,Parkinson,80,0.002897742261200646,20.0
video123_final.mp4,Parkinson,81,0.008975062410527503,20.0
video123_final.mp4,Parkinson,82,0.006984343980088783,20.0
video123_final.mp4,Parkinson,83,0.00522511407380058,20.0
video123_final.mp4,Parkinson,84,0.007467694045328642,20.0
video123_final.mp4,Parkinson,85,0.004977269726937688,20.0
video123_final.mp4,Parkinson,86,0.007401058756730447,20.0
video123_final.mp4,Parkinson,87,0.005783602431332649,20.0
video123_final.mp4,Parkinson,88,0.012002231905136811,20.0
video123_final.mp4,Parkinson,89,0.005918043894362382,20.0
video123_final.mp4,Parkinson,90,0.0056513320307239046,20.0
video123_final.mp4,Parkinson,91,0.0011906277573381116,20.0
video123_final.mp4,Parkinson,92,0.008096135193859471,20.0
video123_final.mp4,Parkinson,93,0.005704111303202215,20.0
video123_final.mp4,Parkinson,94,0.005409679721483896,20.0
video123_final.mp4,Parkinson,95,0.0035492196703270766,20.0
video123_final.mp4,Parkinson,96,0.0037249825355715207,20.0
video123_final.mp4,Parkinson,97,0.004974678369153162,20.0
video123_final.mp4,Parkinson,98,0.005162775012077029,20.0
video123_final.mp4,Parkinson,99,0.009753639530284111,20.0
video123_final.mp4,Parkinson,100,0.007649630258806567,20.0
video12_final.mp4,Parkinson,1,0.0,20.0
video12_final.mp4,Parkinson,2,0.009226405248209986,20.0
video12_final.mp4,Parkinson,3,0.006849121069642285,20.0
video12_final.mp4,Parkinson,4,0.008931822384495417,20.0
video12_final.mp4,Parkinson,5,0.0027071332001906076,20.0
video12_final.mp4,Parkinson,6,0.007616905650432324,20.0
video12_final.mp4,Parkinson,7,0.004646984202038612,20.0
video12_final.mp4,Parkinson,8,0.010558248497276077,20.0
video12_final.mp4,Parkinson,9,0.005433089848393991,20.0
video12_final.mp4,Parkinson,10,0.009699533811782847,20.0
video12_final.mp4,Parkinson,11,0.006247862187404354,20.0
video12_final.mp4,Parkinson,12,0.0029082455959205714,20.0
video12_final.mp4,Parkinson,13,0.007416443753688917,20.0
video12_final.mp4,Parkinson,14,0.005975138589471105,20.0
video12_final.mp4,Parkinson,15,0.004603251989401081,20.0
video12_final.mp4,Parkinson,16,0.003863921254806784,20.0
video12_final.mp4,Parkinson,17,0.002207925822183847,20.0
video12_final.mp4,Parkinson,18,0.004089025985096107,20.0
video12_final.mp4,Parkinson,19,0.004864800201385603,20.0
video12_final.mp4,Parkinson,20,0.005604139276050169,20.0
video12_final.mp4,Parkinson,21,0.009647818837553066,20.0
video12_final.mp4,Parkinson,22,0.020515219477580636,20.0
video12_final.mp4,Parkinson,23,0.017552323362464182,20.0
video12_final.mp4,Parkinson,24,0.018196242388109,20.0
video12_final.mp4,Parkinson,25,0.014409035197197557,20.0
video12_final.mp4,Parkinson,26,0.009531820064012932,20.0
video12_final.mp4,Parkinson,27,0.009269807223882123,20.0
video12_final.mp4,Parkinson,28,0.008284689712502638,20.0
video12_final.mp4,Parkinson,29,0.00924200530320145,20.0
video12_final.mp4,Parkinson,30,0.011531766585496052,20.0
video12_final.mp4,Parkinson,31,0.012037868589442665,20.0
video12_final.mp4,Parkinson,32,0.00832712166782671,20.0
video12_final.mp4,Parkinson,33,0.007812411437949888,20.0
video12_final.mp4,Parkinson,34,0.002417042383907352,20.0
video12_final.mp4,Parkinson,35,0.004950227299048749,20.0
video12_final.mp4,Parkinson,36,0.0054850538562475366,20.0
video12_final.mp4,Parkinson,37,0.003059298371776766,20.0
video12_final.mp4,Parkinson,38,0.007620750036682838,20.0
video12_final.mp4,Parkinson,39,0.008603116404067083,20.0
video12_final.mp4,Parkinson,40,0.016477063329857884,20.0
video12_final.mp4,Parkinson,41,0.007944189425424696,20.0
video12_final.mp4,Parkinson,42,0.013929128956869855,20.0
video12_final.mp4,Parkinson,43,0.0052081472632319065,20.0
video12_final.mp4,Parkinson,44,0.005466319937554533,20.0
video12_final.mp4,Parkinson,45,0.004183491536382155,20.0
video12_final.mp4,Parkinson,46,0.010088472127995678,20.0
video12_final.mp4,Parkinson,47,0.002972544398168217,20.0
video12_final.mp4,Parkinson,48,0.006112447478419497,20.0
video12_final.mp4,Parkinson,49,0.0019198004530405228,20.0
video12_final.mp4,Parkinson,50,0.004332341340395203,20.0
video12_final.mp4,Parkinson,51,0.0011735645472787494,20.0
video12_final.mp4,Parkinson,52,0.004404215445551032,20.0
video12_final.mp4,Parkinson,53,0.0051588729782185054,20.0
video12_final.mp4,Parkinson,54,0.004651594972498329,20.0
video12_final.mp4,Parkinson,55,0.007942907540101369,20.0
video12_final.mp4,Parkinson,56,0.00397759664475931,20.0
video12_final.mp4,Parkinson,57,0.0023970196774207894,20.0
video12_final.mp4,Parkinson,58,0.004963277370824784,20.0
video12_final.mp4,Parkinson,59,0.005400220607775733,20.0
video12_final.mp4,Parkinson,60,0.005764591477207663,20.0
video12_final.mp4,Parkinson,61,0.0076140591214635105,20.0
video12_final.mp4,Parkinson,62,0.012588200213065646,20.0
video12_final.mp4,Parkinson,63,0.005834366581599362,20.0
video12_final.mp4,Parkinson,64,0.005318394231446867,20.0
video12_final.mp4,Parkinson,65,0.004597865248254049,20.0
video12_final.mp4,Parkinson,66,0.005392944896222785,20.0
video12_final.mp4,Parkinson,67,0.0037331525658447617,20.0
video12_final.mp4,Parkinson,68,0.0060382161544834355,20.0
video12_final.mp4,Parkinson,69,0.005005130302027316,20.0
video12_final.mp4,Parkinson,70,0.0036856748151944735,20.0
video12_final.mp4,Parkinson,71,0.007021900940086571,20.0
video12_final.mp4,Parkinson,72,0.00289298527797627,20.0
video12_final.mp4,Parkinson,73,0.004517422263566564,20.0
video12_final.mp4,Parkinson,74,0.006659101431191276,20.0
video12_final.mp4,Parkinson,75,0.00250342897264255,20.0
video12_final.mp4,Parkinson,76,0.007306717981156535,20.0
video12_final.mp4,Parkinson,77,0.004316731827562721,20.0
video12_final.mp4,Parkinson,78,0.001068505401656655,20.0
video12_final.mp4,Parkinson,79,0.004819214609028906,20.0
video12_final.mp4,Parkinson,80,0.006926830163807086,20.0
video12_final.mp4,Parkinson,81,0.0029207173420770323,20.0
video12_final.mp4,Parkinson,82,0.001994182213136954,20.0
video12_final.mp4,Parkinson,83,0.003269174570818252,20.0
video12_final.mp4,Parkinson,84,0.0036945359152464954,20.0
video12_final.mp4,Parkinson,85,0.0008825057119742011,20.0
video12_final.mp4,Parkinson,86,0.0050694775513622494,20.0
video12_final.mp4,Parkinson,87,0.0030852352443079497,20.0
video12_final.mp4,Parkinson,88,0.0030224118944808913,20.0
video12_final.mp4,Parkinson,89,0.0025060466748031873,20.0
video12_final.mp4,Parkinson,90,0.004806455560570026,20.0
video12_final.mp4,Parkinson,91,0.0053141669139941524,20.0
video12_final.mp4,Parkinson,92,0.005824438891695203,20.0
video12_final.mp4,Parkinson,93,0.005867369009138136,20.0
video12_final.mp4,Parkinson,94,0.014131649038347332,20.0
video12_final.mp4,Parkinson,95,0.025672723692966627,20.0
video12_final.mp4,Parkinson,96,0.01051787389762375,20.0
video12_final.mp4,Parkinson,97,0.011395173605640876,20.0
video12_final.mp4,Parkinson,98,0.010000757972144343,20.0
video12_final.mp4,Parkinson,99,0.0032853792500155713,20.0
video12_final.mp4,Parkinson,100,0.018383308341468143,20.0
video16_final.mp4,Parkinson,1,0.0,20.0
video16_final.mp4,Parkinson,2,0.00517807156143497,20.0
video16_final.mp4,Parkinson,3,0.0018711434315154749,20.0
video16_final.mp4,Parkinson,4,0.0032453080377271423,20.0
video16_final.mp4,Parkinson,5,0.003276740878282662,20.0
video16_final.mp4,Parkinson,6,0.0035037545923063914,20.0
video16_final.mp4,Parkinson,7,0.0015785795444102483,20.0
video16_final.mp4,Parkinson,8,0.00221768271263088,20.0
video16_final.mp4,Parkinson,9,0.0014414377737089908,20.0
video16_final.mp4,Parkinson,10,0.00564184102497979,20.0
video16_final.mp4,Parkinson,11,0.005144914710683149,20.0
video16_final.mp4,Parkinson,12,0.001861023231088999,20.0
video16_final.mp4,Parkinson,13,0.0017797040074106981,20.0
video16_final.mp4,Parkinson,14,0.000775185540318258,20.0
video16_final.mp4,Parkinson,15,0.0018565943924726044,20.0
video16_final.mp4,Parkinson,16,0.0014046417242644309,20.0
video16_final.mp4,Parkinson,17,0.0014994652209124808,20.0
video16_final.mp4,Parkinson,18,0.0019863990903319713,20.0
video16_final.mp4,Parkinson,19,0.0015726799260032099,20.0
video16_final.mp4,Parkinson,20,0.0018492577252753445,20.0
video16_final.mp4,Parkinson,21,0.0037993429096670646,20.0
video16_final.mp4,Parkinson,22,0.0031834582726016553,20.0
video16_final.mp4,Parkinson,23,0.004090291723842444,20.0
video16_final.mp4,Parkinson,24,0.002526440959246621,20.0
video16_final.mp4,Parkinson,25,0.0033982771086763465,20.0
video16_final.mp4,Parkinson,26,0.003033977780116385,20.0
video16_final.mp4,Parkinson,27,0.0017223661701258393,20.0
video16_final.mp4,Parkinson,28,0.005990772112290262,20.0
video16_final.mp4,Parkinson,29,0.005735546937374129,20.0
video16_final.mp4,Parkinson,30,0.0069638503695479605,20.0
video16_final.mp4,Parkinson,31,0.001610105645227309,20.0
video16_final.mp4,Parkinson,32,0.001372675315021606,20.0
video16_final.mp4,Parkinson,33,0.001261011689562019,20.0
video16_final.mp4,Parkinson,34,0.004203504124687994,20.0
video16_final.mp4,Parkinson,35,0.0022901628097484325,20.0
video16_final.mp4,Parkinson,36,0.00492078602571567,20.0
video16_final.mp4,Parkinson,37,0.0018278054287376305,20.0
video16_final.mp4,Parkinson,38,0.0027119277714341425,20.0
video16_final.mp4,Parkinson,39,0.004211578344571952,20.0
video16_final.mp4,Parkinson,40,0.008027172274092388,20.0
video16_final.mp4,Parkinson,41,0.004825026112150918,20.0
video16_final.mp4,Parkinson,42,0.00358130720665623,20.0
video16_final.mp4,Parkinson,43,0.0022761219089504634,20.0
video16_final.mp4,Parkinson,44,0.003220405581970477,20.0
video16_final.mp4,Parkinson,45,0.0014612337516205606,20.0
video16_final.mp4,Parkinson,46,0.00254246129154817,20.0
video16_final.mp4,Parkinson,47,0.001475879871740734,20.0
video16_final.mp4,Parkinson,48,0.0018608170102673428,20.0
video16_final.mp4,Parkinson,49,0.0017614421126615788,20.0
video16_final.mp4,Parkinson,50,0.0021346073529905146,20.0
video16_final.mp4,Parkinson,51,0.004466540361507431,20.0
video16_final.mp4,Parkinson,52,0.002213838070489534,20.0
video16_final.mp4,Parkinson,53,0.0016913243725060016,20.0
video16_final.mp4,Parkinson,54,0.003601347943579388,20.0
video16_final.mp4,Parkinson,55,0.0027281649701014358,20.0
video16_final.mp4,Parkinson,56,0.0023985996951443886,20.0
video16_final.mp4,Parkinson,57,0.001769329110572314,20.0
video16_final.mp4,Parkinson,58,0.0019434418404275927,20.0
video16_final.mp4,Parkinson,59,0.001959915071207491,20.0
video16_final.mp4,Parkinson,60,0.0026640151994396155,20.0
video16_final.mp4,Parkinson,61,0.001601122492004909,20.0
video16_final.mp4,Parkinson,62,0.0039052500360205787,20.0
video16_final.mp4,Parkinson,63,0.0024446886274867986,20.0
video16_final.mp4,Parkinson,64,0.0010588140254740163,20.0
video16_final.mp4,Parkinson,65,0.0017537988233050175,20.0
video16_final.mp4,Parkinson,66,0.0018765799630403024,20.0
video16_final.mp4,Parkinson,67,0.004708123547098596,20.0
video16_final.mp4,Parkinson,68,0.003371074930143251,20.0
video16_final.mp4,Parkinson,69,0.0027647644531900587,20.0
video16_final.mp4,Parkinson,70,0.004484962197820389,20.0
video16_final.mp4,Parkinson,71,0.004054632374816347,20.0
video16_final.mp4,Parkinson,72,0.003529428619895711,20.0
video16_final.mp4,Parkinson,73,0.0010297094871242712,20.0
video16_final.mp4,Parkinson,74,0.002537156395842349,20.0
video16_final.mp4,Parkinson,75,0.00481879492496459,20.0
video16_final.mp4,Parkinson,76,0.003198446848441771,20.0
video16_final.mp4,Parkinson,77,0.002854169927207778,20.0
video16_final.mp4,Parkinson,78,0.0009368707143867366,20.0
video16_final.mp4,Parkinson,79,0.0014540813150180003,20.0
video16_final.mp4,Parkinson,80,0.0049344204608885245,20.0
video16_final.mp4,Parkinson,81,0.004235347326342257,20.0
video16_final.mp4,Parkinson,82,0.006586174174389892,20.0
video16_final.mp4,Parkinson,83,0.004150995319528663,20.0
video16_final.mp4,Parkinson,84,0.0035718626096988707,20.0
video16_final.mp4,Parkinson,85,0.001955225438114797,20.0
video16_final.mp4,Parkinson,86,0.004331511711962489,20.0
video16_final.mp4,Parkinson,87,0.00392379223140958,20.0
video16_final.mp4,Parkinson,88,0.004325611553170883,20.0
video16_final.mp4,Parkinson,89,0.0035182773017905,20.0
video16_final.mp4,Parkinson,90,0.0034345402289937994,20.0
video16_final.mp4,Parkinson,91,0.001324399001328649,20.0
video16_final.mp4,Parkinson,92,0.0018656422516990004,20.0
video16_final.mp4,Parkinson,93,0.0026014133275368946,20.0
video16_final.mp4,Parkinson,94,0.002523558837545288,20.0
video16_final.mp4,Parkinson,95,0.0010642455660889163,20.0
video16_final.mp4,Parkinson,96,0.0024773498984489283,20.0
video16_final.mp4,Parkinson,97,0.0029253130071158783,20.0
video16_final.mp4,Parkinson,98,0.004714701357802079,20.0
video16_final.mp4,Parkinson,99,0.008313560717214518,20.0
video16_final.mp4,Parkinson,100,0.0015976066484757814,20.0
video19_final.mp4,Parkinson,1,0.0,20.0
video19_final.mp4,Parkinson,2,0.015055547886198126,20.0
video19_final.mp4,Parkinson,3,0.00505411152565925,20.0
video19_final.mp4,Parkinson,4,0.005197488079381725,20.0
video19_final.mp4,Parkinson,5,0.0033874826528702854,20.0
video19_final.mp4,Parkinson,6,0.0032912000145830776,20.0
video19_final.mp4,Parkinson,7,0.005821955380057165,20.0
video19_final.mp4,Parkinson,8,0.0038147088846314766,20.0
video19_final.mp4,Parkinson,9,0.012758499076487337,20.0
video19_final.mp4,Parkinson,10,0.00490056609787276,20.0
video19_final.mp4,Parkinson,11,0.006383935048044164,20.0
video19_final.mp4,Parkinson,12,0.011068225050340559,20.0
video19_final.mp4,Parkinson,13,0.005459955520832922,20.0
video19_final.mp4,Parkinson,14,0.002375034606636445,20.0
video19_final.mp4,Parkinson,15,0.0035676802612800507,20.0
video19_final.mp4,Parkinson,16,0.00342654398279245,20.0
video19_final.mp4,Parkinson,17,0.0023825177322493968,20.0
video19_final.mp4,Parkinson,18,0.00289620030097168,20.0
video19_final.mp4,Parkinson,19,0.002143120517282167,20.0
video19_final.mp4,Parkinson,20,0.0026306877503521875,20.0
video19_final.mp4,Parkinson,21,0.001610358782774583,20.0
video19_final.mp4,Parkinson,22,0.0011287087871873229,20.0
video19_final.mp4,Parkinson,23,0.0015641674917383963,20.0
video19_final.mp4,Parkinson,24,0.00240840902640454,20.0
video19_final.mp4,Parkinson,25,0.003272572770562989,20.0
video19_final.mp4,Parkinson,26,0.0026704788874337016,20.0
video19_final.mp4,Parkinson,27,0.0024336336441934964,20.0
video19_final.mp4,Parkinson,28,0.0014768606193451752,20.0
video19_final.mp4,Parkinson,29,0.001482524534594353,20.0
video19_final.mp4,Parkinson,30,0.0027844325814269325,20.0
video19_final.mp4,Parkinson,31,0.0027562131185761077,20.0
video19_final.mp4,Parkinson,32,0.002839987618821071,20.0
video19_final.mp4,Parkinson,33,0.0021962174958886247,20.0
video19_final.mp4,Parkinson,34,0.003977421247090849,20.0
video19_final.mp4,Parkinson,35,0.004198517705892072,20.0
video19_final.mp4,Parkinson,36,0.0038673310361486157,20.0
video19_final.mp4,Parkinson,37,0.004840031337550175,20.0
video19_final.mp4,Parkinson,38,0.0036319033900934793,20.0
video19_final.mp4,Parkinson,39,0.0023529809103985336,20.0
video19_final.mp4,Parkinson,40,0.00279258800085235,20.0
video19_final.mp4,Parkinson,41,0.002056697795610882,20.0
video19_final.mp4,Parkinson,42,0.003923537916903506,20.0
video19_final.mp4,Parkinson,43,0.002278847979582833,20.0
video19_final.mp4,Parkinson,44,0.00284684912147949,20.0
video19_final.mp4,Parkinson,45,0.003999077012399191,20.0
video19_final.mp4,Parkinson,46,0.0024857285948969984,20.0
video19_final.mp4,Parkinson,47,0.0008807417952696511,20.0
video19_final.mp4,Parkinson,48,0.0016201746785417576,20.0
video19_final.mp4,Parkinson,49,0.0099720360896141,20.0
video19_final.mp4,Parkinson,50,0.010060422458630643,20.0
video19_final.mp4,Parkinson,51,0.011280567655401962,20.0
video19_final.mp4,Parkinson,52,0.0071593150768107915,20.0
video19_final.mp4,Parkinson,53,0.003541447536786946,20.0
video19_final.mp4,Parkinson,54,0.007050046387392573,20.0
video19_final.mp4,Parkinson,55,0.007137347142473705,20.0
video19_final.mp4,Parkinson,56,0.0076328103145681,20.0
video19_final.mp4,Parkinson,57,0.006367756634638061,20.0
video19_final.mp4,Parkinson,58,0.003095845509779394,20.0
video19_final.mp4,Parkinson,59,0.00323817254414549,20.0
video19_final.mp4,Parkinson,60,0.00199303700513857,20.0
video19_final.mp4,Parkinson,61,0.0034195272645501625,20.0
video19_final.mp4,Parkinson,62,0.004984750733005435,20.0
video19_final.mp4,Parkinson,63,0.001735502559414178,20.0
video19_final.mp4,Parkinson,64,0.0009923638560524598,20.0
video19_final.mp4,Parkinson,65,0.0025289344428641954,20.0
video19_final.mp4,Parkinson,66,0.004294618729702651,20.0
video19_final.mp4,Parkinson,67,0.002522276477964041,20.0
video19_final.mp4,Parkinson,68,0.0032397265765154114,20.0
video19_final.mp4,Parkinson,69,0.003092657343552971,20.0
video19_final.mp4,Parkinson,70,0.0039165586965995095,20.0
video19_final.mp4,Parkinson,71,0.002347779410701475,20.0
video19_final.mp4,Parkinson,72,0.0028390009280494766,20.0
video19_final.mp4,Parkinson,73,0.00348180453257422,20.0
video19_final.mp4,Parkinson,74,0.0023726184498523897,20.0
video19_final.mp4,Parkinson,75,0.004774161678612071,20.0
video19_final.mp4,Parkinson,76,0.004104180654300535,20.0
video19_final.mp4,Parkinson,77,0.003856160126312824,20.0
video19_final.mp4,Parkinson,78,0.0032175768795528305,20.0
video19_final.mp4,Parkinson,79,0.0018543086016899963,20.0
video19_final.mp4,Parkinson,80,0.0025831541719669227,20.0
video19_final.mp4,Parkinson,81,0.0022401184698421345,20.0
video19_final.mp4,Parkinson,82,0.004210963499020846,20.0
video19_final.mp4,Parkinson,83,0.0016895635105600927,20.0
video19_final.mp4,Parkinson,84,0.002627953528117917,20.0
video19_final.mp4,Parkinson,85,0.004952914931516522,20.0
video19_final.mp4,Parkinson,86,0.002973775029663415,20.0
video19_final.mp4,Parkinson,87,0.0010988850887552258,20.0
video19_final.mp4,Parkinson,88,0.00175616474184783,20.0
video19_final.mp4,Parkinson,89,0.002770479026434528,20.0
video19_final.mp4,Parkinson,90,0.003589845026149814,20.0
video19_final.mp4,Parkinson,91,0.004344978415039311,20.0
video19_final.mp4,Parkinson,92,0.003963570356646903,20.0
video19_final.mp4,Parkinson,93,0.0011337999313266618,20.0
video19_final.mp4,Parkinson,94,0.002799309934587042,20.0
video19_final.mp4,Parkinson,95,0.003838158295568645,20.0
video19_final.mp4,Parkinson,96,0.0043052031983159605,20.0
video19_final.mp4,Parkinson,97,0.0020828927854835756,20.0
video19_final.mp4,Parkinson,98,0.005832454779512059,20.0
video19_final.mp4,Parkinson,99,0.005212168456467939,20.0
video19_final.mp4,Parkinson,100,0.002028974644902256,20.0
video1_final.mp4,Parkinson,1,0.0,20.0
video1_final.mp4,Parkinson,2,0.011373820357624815,20.0
video1_final.mp4,Parkinson,3,0.004231932062269188,20.0
video1_final.mp4,Parkinson,4,0.008352074168413942,20.0
video1_final.mp4,Parkinson,5,0.003003233155523681,20.0
video1_final.mp4,Parkinson,6,0.00803381501831105,20.0
video1_final.mp4,Parkinson,7,0.00193412723551302,20.0
video1_final.mp4,Parkinson,8,0.002953302837070672,20.0
video1_final.mp4,Parkinson,9,0.007157642531967217,20.0
video1_final.mp4,Parkinson,10,0.005153088701870074,20.0
video1_final.mp4,Parkinson,11,0.0031362265177345334,20.0
video1_final.mp4,Parkinson,12,0.007037924043127859,20.0
video1_final.mp4,Parkinson,13,0.008422967471967246,20.0
video1_final.mp4,Parkinson,14,0.003509695143640116,20.0
video1_final.mp4,Parkinson,15,0.0023447945288115205,20.0
video1_final.mp4,Parkinson,16,0.005541363147710866,20.0
video1_final.mp4,Parkinson,17,0.0023528384397774322,20.0
video1_final.mp4,Parkinson,18,0.004415543351657911,20.0
video1_final.mp4,Parkinson,19,0.005224120676450469,20.0
video1_final.mp4,Parkinson,20,0.0020296188893985283,20.0
video1_final.mp4,Parkinson,21,0.0027026211311354455,20.0
video1_final.mp4,Parkinson,22,0.005679214957819112,20.0
video1_final.mp4,Parkinson,23,0.00220713621090946,20.0
video1_final.mp4,Parkinson,24,0.001609104489401949,20.0
video1_final.mp4,Parkinson,25,0.0013669443244906242,20.0
video1_final.mp4,Parkinson,26,0.010334108259532732,20.0
video1_final.mp4,Parkinson,27,0.00971700398387738,20.0
video1_final.mp4,Parkinson,28,0.006755589139096805,20.0
video1_final.mp4,Parkinson,29,0.003332534148528685,20.0
video1_final.mp4,Parkinson,30,0.0078043301578682054,20.0
video1_final.mp4,Parkinson,31,0.008784107854064485,20.0
video1_final.mp4,Parkinson,32,0.0038378153720078265,20.0
video1_final.mp4,Parkinson,33,0.00660987440676378,20.0
video1_final.mp4,Parkinson,34,0.0064720727175501865,20.0
video1_final.mp4,Parkinson,35,0.007876684284050223,20.0
video1_final.mp4,Parkinson,36,0.008085553242279877,20.0
video1_final.mp4,Parkinson,37,0.0060554329190396095,20.0
video1_final.mp4,Parkinson,38,0.005494744112036138,20.0
video1_final.mp4,Parkinson,39,0.0025026761658145514,20.0
video1_final.mp4,Parkinson,40,0.004077712384835498,20.0
video1_final.mp4,Parkinson,41,0.002537765331141013,20.0
video1_final.mp4,Parkinson,42,0.0034458647804169245,20.0
video1_final.mp4,Parkinson,43,0.0029559199906866755,20.0
video1_final.mp4,Parkinson,44,0.004878453935688491,20.0
video1_final.mp4,Parkinson,45,0.004963658392655945,20.0
video1_final.mp4,Parkinson,46,0.004253712961448696,20.0
video1_final.mp4,Parkinson,47,0.004482689239035563,20.0
video1_final.mp4,Parkinson,48,0.012506498981150995,20.0
video1_final.mp4,Parkinson,49,0.008569721644051153,20.0
video1_final.mp4,Parkinson,50,0.006370523139400096,20.0
video1_final.mp4,Parkinson,51,0.007799706980789289,20.0
video1_final.mp4,Parkinson,52,0.002545346350974099,20.0
video1_final.mp4,Parkinson,53,0.0033651908290621467,20.0
video1_final.mp4,Parkinson,54,0.008289864101262326,20.0
video1_final.mp4,Parkinson,55,0.003010435739017765,20.0
video1_final.mp4,Parkinson,56,0.00565712677283205,20.0
video1_final.mp4,Parkinson,57,0.009305143590986272,20.0
video1_final.mp4,Parkinson,58,0.004778067600581278,20.0
video1_final.mp4,Parkinson,59,0.0015725526020325439,20.0
video1_final.mp4,Parkinson,60,0.007098295430568361,20.0
video1_final.mp4,Parkinson,61,0.008871168350150109,20.0
video1_final.mp4,Parkinson,62,0.0030915141680461027,20.0
video1_final.mp4,Parkinson,63,0.004320876636352505,20.0
video1_final.mp4,Parkinson,64,0.003061178014114559,20.0
video1_final.mp4,Parkinson,65,0.003932522930402718,20.0
video1_final.mp4,Parkinson,66,0.0115384332138826,20.0
video1_final.mp4,Parkinson,67,0.0035002496377678433,20.0
video1_final.mp4,Parkinson,68,0.009373557477385048,20.0
video1_final.mp4,Parkinson,69,0.001675714177185026,20.0
video1_final.mp4,Parkinson,70,0.009084823683160801,20.0
video1_final.mp4,Parkinson,71,0.0038346733882587136,20.0
video1_final.mp4,Parkinson,72,0.003076831441257878,20.0
video1_final.mp4,Parkinson,73,0.0029648241630377027,20.0
video1_final.mp4,Parkinson,74,0.004168659391644182,20.0
video1_final.mp4,Parkinson,75,0.006048124842961567,20.0
video1_final.mp4,Parkinson,76,0.005854573700481534,20.0
video1_final.mp4,Parkinson,77,0.0076224234744195814,20.0
video1_final.mp4,Parkinson,78,0.012919958203867103,20.0
video1_final.mp4,Parkinson,79,0.0058463692348900784,20.0
video1_final.mp4,Parkinson,80,0.00581547121819921,20.0
video1_final.mp4,Parkinson,81,0.0068507006290825494,20.0
video1_final.mp4,Parkinson,82,0.004715481415353915,20.0
video1_final.mp4,Parkinson,83,0.0009368153049131593,20.0
video1_final.mp4,Parkinson,84,0.004713969041497164,20.0
video1_final.mp4,Parkinson,85,0.007997081361611393,20.0
video1_final.mp4,Parkinson,86,0.008604548945745976,20.0
video1_final.mp4,Parkinson,87,0.003489422373389682,20.0
video1_final.mp4,Parkinson,88,0.008496185444932995,20.0
video1_final.mp4,Parkinson,89,0.002125332270693632,20.0
video1_final.mp4,Parkinson,90,0.0025055222181759595,20.0
video1_final.mp4,Parkinson,91,0.0035361936642653003,20.0
video1_final.mp4,Parkinson,92,0.0033860146219437414,20.0
video1_final.mp4,Parkinson,93,0.006238698483647905,20.0
video1_final.mp4,Parkinson,94,0.00989121284430252,20.0
video1_final.mp4,Parkinson,95,0.004321785627119849,20.0
video1_final.mp4,Parkinson,96,0.004159031004111485,20.0
video1_final.mp4,Parkinson,97,0.0019527077502617262,20.0
video1_final.mp4,Parkinson,98,0.0059127465313652495,20.0
video1_final.mp4,Parkinson,99,0.003640459253419278,20.0
video1_final.mp4,Parkinson,100,0.0059170101679549,20.0
video27_final.mp4,Parkinson,1,0.0,20.0
video27_final.mp4,Parkinson,2,0.030257127618267196,20.0
video27_final.mp4,Parkinson,3,0.02395032679155257,20.0
video27_final.mp4,Parkinson,4,0.005447014315325301,20.0
video27_final.mp4,Parkinson,5,0.014468208115865222,20.0
video27_final.mp4,Parkinson,6,0.16268561042674215,20.0
video27_final.mp4,Parkinson,7,0.06518288992627455,20.0
video27_final.mp4,Parkinson,8,0.028257888876871518,20.0
video27_final.mp4,Parkinson,9,0.014278401928139764,20.0
video27_final.mp4,Parkinson,10,0.011905883058569187,20.0
video27_final.mp4,Parkinson,11,0.005006565277957433,20.0
video27_final.mp4,Parkinson,12,0.014891062679693423,20.0
video27_final.mp4,Parkinson,13,0.008336864961046945,20.0
video27_final.mp4,Parkinson,14,0.008926415428965153,20.0
video27_final.mp4,Parkinson,15,0.00850329268445946,20.0
video27_final.mp4,Parkinson,16,0.004709259960025525,20.0
video27_final.mp4,Parkinson,17,0.004183815664228548,20.0
video27_final.mp4,Parkinson,18,0.012198535267458602,20.0
video27_final.mp4,Parkinson,19,0.013835492124401683,20.0
video27_final.mp4,Parkinson,20,0.006010766033045461,20.0
video27_final.mp4,Parkinson,21,0.0012594237377837108,20.0
video27_final.mp4,Parkinson,22,0.008010508210682362,20.0
video27_final.mp4,Parkinson,23,0.0075318649463314985,20.0
video27_final.mp4,Parkinson,24,0.0030918216859434503,20.0
video27_final.mp4,Parkinson,25,0.013548815060644656,20.0
video27_final.mp4,Parkinson,26,0.006509499437726751,20.0
video27_final.mp4,Parkinson,27,0.006922654579964087,20.0
video27_final.mp4,Parkinson,28,0.011495615655650758,20.0
video27_final.mp4,Parkinson,29,0.005450553517963457,20.0
video27_final.mp4,Parkinson,30,0.008187856336792407,20.0
video27_final.mp4,Parkinson,31,0.0026732315214586205,20.0
video27_final.mp4,Parkinson,32,0.01669941367917143,20.0
video27_final.mp4,Parkinson,33,0.01081352951848025,20.0
video27_final.mp4,Parkinson,34,0.004045307210046289,20.0
video27_final.mp4,Parkinson,35,0.005475146791468566,20.0
video27_final.mp4,Parkinson,36,0.017623148277549166,20.0
video27_final.mp4,Parkinson,37,0.01177661561950144,20.0
video27_final.mp4,Parkinson,38,0.006500561990271792,20.0
video27_final.mp4,Parkinson,39,0.0053182734448296316,20.0
video27_final.mp4,Parkinson,40,0.002973037112164637,20.0
video27_final.mp4,Parkinson,41,0.003437566568034596,20.0
video27_final.mp4,Parkinson,42,0.007745330062161321,20.0
video27_final.mp4,Parkinson,43,0.004926286112744956,20.0
video27_final.mp4,Parkinson,44,0.0034745225378741023,20.0
video27_final.mp4,Parkinson,45,0.004912394574470855,20.0
video27_final.mp4,Parkinson,46,0.007205691573474877,20.0
video27_final.mp4,Parkinson,47,0.006035482924420793,20.0
video27_final.mp4,Parkinson,48,0.004735697968255029,20.0
video27_final.mp4,Parkinson,49,0.006923625717674882,20.0
video27_final.mp4,Parkinson,50,0.006558988836843344,20.0
video27_final.mp4,Parkinson,51,0.0028531925427601416,20.0
video27_final.mp4,Parkinson,52,0.007464174429618676,20.0
video27_final.mp4,Parkinson,53,0.001956479321112221,20.0
video27_final.mp4,Parkinson,54,0.004976430914399579,20.0
video27_final.mp4,Parkinson,55,0.003678840255649668,20.0
video27_final.mp4,Parkinson,56,0.004529014776325374,20.0
video27_final.mp4,Parkinson,57,0.0021261852744453714,20.0
video27_final.mp4,Parkinson,58,0.003868961638354808,20.0
video27_final.mp4,Parkinson,59,0.0016555760331248433,20.0
video27_final.mp4,Parkinson,60,0.004487580190894452,20.0
video27_final.mp4,Parkinson,61,0.005789632231898206,20.0
video27_final.mp4,Parkinson,62,0.010591121566098125,20.0
video27_final.mp4,Parkinson,63,0.003454338345631934,20.0
video27_final.mp4,Parkinson,64,0.004780717023657484,20.0
video27_final.mp4,Parkinson,65,0.005809923170091254,20.0
video27_final.mp4,Parkinson,66,0.004619867743176394,20.0
video27_final.mp4,Parkinson,67,0.004510015197538416,20.0
video27_final.mp4,Parkinson,68,0.00730952890843536,20.0
video27_final.mp4,Parkinson,69,0.005906247284207742,20.0
video27_final.mp4,Parkinson,70,0.005940877505636164,20.0
video27_final.mp4,Parkinson,71,0.004461335313533891,20.0
video27_final.mp4,Parkinson,72,0.006677731524248017,20.0
video27_final.mp4,Parkinson,73,0.003997975653339321,20.0
video27_final.mp4,Parkinson,74,0.003457701634722022,20.0
video27_final.mp4,Parkinson,75,0.010620430744966871,20.0
video27_final.mp4,Parkinson,76,0.008441889791396158,20.0
video27_final.mp4,Parkinson,77,0.014029141932214221,20.0
video27_final.mp4,Parkinson,78,0.014566156619041018,20.0
video27_final.mp4,Parkinson,79,0.009091815028500295,20.0
video27_final.mp4,Parkinson,80,0.010628812588583307,20.0
video27_final.mp4,Parkinson,81,0.005555557074366816,20.0
video27_final.mp4,Parkinson,82,0.00902984159138825,20.0
video27_final.mp4,Parkinson,83,0.009045813286346828,20.0
video27_final.mp4,Parkinson,84,0.01605198720274688,20.0
video27_final.mp4,Parkinson,85,0.004147410113526361,20.0
video27_final.mp4,Parkinson,86,0.010365071887857447,20.0
video27_final.mp4,Parkinson,87,0.0027818083203784765,20.0
video27_final.mp4,Parkinson,88,0.005738123334919732,20.0
video27_final.mp4,Parkinson,89,0.006269701416856068,20.0
video27_final.mp4,Parkinson,90,0.0030905104542833114,20.0
video27_final.mp4,Parkinson,91,0.004930907006635279,20.0
video27_final.mp4,Parkinson,92,0.006867082387794274,20.0
video27_final.mp4,Parkinson,93,0.010544365618205787,20.0
video27_final.mp4,Parkinson,94,0.008198706601621069,20.0
video27_final.mp4,Parkinson,95,0.01295342458086708,20.0
video27_final.mp4,Parkinson,96,0.007439384051626329,20.0
video27_final.mp4,Parkinson,97,0.006121054375590254,20.0
video27_final.mp4,Parkinson,98,0.011152109434991614,20.0
video27_final.mp4,Parkinson,99,0.00532192698851528,20.0
video27_final.mp4,Parkinson,100,0.0023468057658919874,20.0
video29_final.mp4,Parkinson,1,0.0,20.0
video29_final.mp4,Parkinson,2,0.013228378866008663,20.0
video29_final.mp4,Parkinson,3,0.01671447979175903,20.0
video29_final.mp4,Parkinson,4,0.004747423709560399,20.0
video29_final.mp4,Parkinson,5,0.00627249343502075,20.0
video29_final.mp4,Parkinson,6,0.0069129095761876775,20.0
video29_final.mp4,Parkinson,7,0.004899171747707806,20.0
video29_final.mp4,Parkinson,8,0.0039461773280387545,20.0
video29_final.mp4,Parkinson,9,0.004190595944275581,20.0
video29_final.mp4,Parkinson,10,0.004765574515548008,20.0
video29_final.mp4,Parkinson,11,0.003633552528111756,20.0
video29_final.mp4,Parkinson,12,0.007533575963641764,20.0
video29_final.mp4,Parkinson,13,0.010801385367166873,20.0
video29_final.mp4,Parkinson,14,0.012412401420535736,20.0
video29_final.mp4,Parkinson,15,0.006238399967479641,20.0
video29_final.mp4,Parkinson,16,0.005866660477555632,20.0
video29_final.mp4,Parkinson,17,0.007685054728205161,20.0
video29_final.mp4,Parkinson,18,0.0042943185821465,20.0
video29_final.mp4,Parkinson,19,0.00717953683185456,20.0
video29_final.mp4,Parkinson,20,0.004137637531331992,20.0
video29_final.mp4,Parkinson,21,0.0022669574214111087,20.0
video29_final.mp4,Parkinson,22,0.00882095076812316,20.0
video29_final.mp4,Parkinson,23,0.006223780719645357,20.0
video29_final.mp4,Parkinson,24,0.008191912779319781,20.0
video29_final.mp4,Parkinson,25,0.003323836897971806,20.0
video29_final.mp4,Parkinson,26,0.006162255262165842,20.0
video29_final.mp4,Parkinson,27,0.0075613407509868575,20.0
video29_final.mp4,Parkinson,28,0.006289629608904992,20.0
video29_final.mp4,Parkinson,29,0.006411769895694333,20.0
video29_final.mp4,Parkinson,30,0.016666869679003264,20.0
video29_final.mp4,Parkinson,31,0.016248503377282775,20.0
video29_final.mp4,Parkinson,32,0.010766296013627798,20.0
video29_final.mp4,Parkinson,33,0.011420604313056002,20.0
video29_final.mp4,Parkinson,34,0.011170696480635251,20.0
video29_final.mp4,Parkinson,35,0.006075040248593563,20.0
video29_final.mp4,Parkinson,36,0.02107593795577539,20.0
video29_final.mp4,Parkinson,37,0.008822144121672065,20.0
video29_final.mp4,Parkinson,38,0.01271756758024949,20.0
video29_final.mp4,Parkinson,39,0.01314455790334618,20.0
video29_final.mp4,Parkinson,40,0.010447504713413044,20.0
video29_final.mp4,Parkinson,41,0.006145260713899478,20.0
video29_final.mp4,Parkinson,42,0.008847952393093822,20.0
video29_final.mp4,Parkinson,43,0.004954205029897236,20.0
video29_final.mp4,Parkinson,44,0.005472048038621594,20.0
video29_final.mp4,Parkinson,45,0.008968945131541,20.0
video29_final.mp4,Parkinson,46,0.007555173500500093,20.0
video29_final.mp4,Parkinson,47,0.005287306050292954,20.0
video29_final.mp4,Parkinson,48,0.006417368497898093,20.0
video29_final.mp4,Parkinson,49,0.004341966954311958,20.0
video29_final.mp4,Parkinson,50,0.02077536598136368,20.0
video29_final.mp4,Parkinson,51,0.0049586733141359415,20.0
video29_final.mp4,Parkinson,52,0.004853501336175466,20.0
video29_final.mp4,Parkinson,53,0.012253995504977678,20.0
video29_final.mp4,Parkinson,54,0.016320552043739132,20.0
video29_final.mp4,Parkinson,55,0.00861641944554703,20.0
video29_final.mp4,Parkinson,56,0.014877459573746444,20.0
video29_final.mp4,Parkinson,57,0.008522217483108389,20.0
video29_final.mp4,Parkinson,58,0.014227085286578298,20.0
video29_final.mp4,Parkinson,59,0.008434381057385962,20.0
video29_final.mp4,Parkinson,60,0.005384450173988643,20.0
video29_final.mp4,Parkinson,61,0.008396147053006432,20.0
video29_final.mp4,Parkinson,62,0.012540912523208853,20.0
video29_final.mp4,Parkinson,63,0.009628625288364289,20.0
video29_final.mp4,Parkinson,64,0.010511952425787067,20.0
video29_final.mp4,Parkinson,65,0.01668065182985639,20.0
video29_final.mp4,Parkinson,66,0.023718331082653202,20.0
video29_final.mp4,Parkinson,67,0.021832593610248602,20.0
video29_final.mp4,Parkinson,68,0.026272703317076172,20.0
video29_final.mp4,Parkinson,69,0.015252434438167952,20.0
video29_final.mp4,Parkinson,70,0.01978139137270598,20.0
video29_final.mp4,Parkinson,71,0.016669715632931115,20.0
video29_final.mp4,Parkinson,72,0.025387124077954636,20.0
video29_final.mp4,Parkinson,73,0.027173672272645034,20.0
video29_final.mp4,Parkinson,74,0.013245889468564424,20.0
video29_final.mp4,Parkinson,75,0.005788153248536888,20.0
video29_final.mp4,Parkinson,76,0.007545371024501533,20.0
video29_final.mp4,Parkinson,77,0.014521304139726837,20.0
video29_final.mp4,Parkinson,78,0.01792319587715425,20.0
video29_final.mp4,Parkinson,79,0.016725699303791412,20.0
video29_final.mp4,Parkinson,80,0.02132420949309486,20.0
video29_final.mp4,Parkinson,81,0.015876783271743324,20.0
video29_final.mp4,Parkinson,82,0.017318648747654004,20.0
video29_final.mp4,Parkinson,83,0.013106165591075011,20.0
video29_final.mp4,Parkinson,84,0.01175918079414653,20.0
video29_final.mp4,Parkinson,85,0.010350432799323715,20.0
video29_final.mp4,Parkinson,86,0.013930824649247761,20.0
video29_final.mp4,Parkinson,87,0.007670134026998577,20.0
video29_final.mp4,Parkinson,88,0.0031937008787265063,20.0
video29_final.mp4,Parkinson,89,0.013677526509625466,20.0
video29_final.mp4,Parkinson,90,0.007312972725802095,20.0
video29_final.mp4,Parkinson,91,0.01628812867014118,20.0
video29_final.mp4,Parkinson,92,0.00478899722503578,20.0
video29_final.mp4,Parkinson,93,0.021960475871696975,20.0
video29_final.mp4,Parkinson,94,0.0210726850424631,20.0
video29_final.mp4,Parkinson,95,0.019781488000007428,20.0
video29_final.mp4,Parkinson,96,0.018742090791658263,20.0
video29_final.mp4,Parkinson,97,0.0036429544469993766,20.0
video29_final.mp4,Parkinson,98,0.019447702138540628,20.0
video29_final.mp4,Parkinson,99,0.02690083095149696,20.0
video29_final.mp4,Parkinson,100,0.01759511663072789,20.0
video2_final.mp4,Parkinson,1,0.0,20.0
video2_final.mp4,Parkinson,2,0.003933834282045103,20.0
video2_final.mp4,Parkinson,3,0.006244769780973702,20.0
video2_final.mp4,Parkinson,4,0.004134000199799829,20.0
video2_final.mp4,Parkinson,5,0.005059819725198966,20.0
video2_final.mp4,Parkinson,6,0.008187205505839429,20.0
video2_final.mp4,Parkinson,7,0.0024969484548583104,20.0
video2_final.mp4,Parkinson,8,0.005180108327259004,20.0
video2_final.mp4,Parkinson,9,0.002086919756842666,20.0
video2_final.mp4,Parkinson,10,0.0035314326160534415,20.0
video2_final.mp4,Parkinson,11,0.0056115896842274015,20.0
video2_final.mp4,Parkinson,12,0.003913753970487411,20.0
video2_final.mp4,Parkinson,13,0.0031164089088387653,20.0
video2_final.mp4,Parkinson,14,0.003040448857463402,20.0
video2_final.mp4,Parkinson,15,0.002514483798390978,20.0
video2_final.mp4,Parkinson,16,0.003082397068976635,20.0
video2_final.mp4,Parkinson,17,0.002358741098098449,20.0
video2_final.mp4,Parkinson,18,0.003953440752596401,20.0
video2_final.mp4,Parkinson,19,0.005884557572066008,20.0
video2_final.mp4,Parkinson,20,0.005210996708248917,20.0
video2_final.mp4,Parkinson,21,0.0029227514906117824,20.0
video2_final.mp4,Parkinson,22,0.00755949361153861,20.0
video2_final.mp4,Parkinson,23,0.010469871578991978,20.0
video2_final.mp4,Parkinson,24,0.006229068156844871,20.0
video2_final.mp4,Parkinson,25,0.007230861525418934,20.0
video2_final.mp4,Parkinson,26,0.005973058648554788,20.0
video2_final.mp4,Parkinson,27,0.0025655252268937867,20.0
video2_final.mp4,Parkinson,28,0.008071763536031472,20.0
video2_final.mp4,Parkinson,29,0.004797056572979679,20.0
video2_final.mp4,Parkinson,30,0.00497908992954577,20.0
video2_final.mp4,Parkinson,31,0.008372468811599162,20.0
video2_final.mp4,Parkinson,32,0.006008557627628078,20.0
video2_final.mp4,Parkinson,33,0.004786305248998347,20.0
video2_final.mp4,Parkinson,34,0.004481770661455662,20.0
video2_final.mp4,Parkinson,35,0.00234379430797755,20.0
video2_final.mp4,Parkinson,36,0.004249816401066317,20.0
video2_final.mp4,Parkinson,37,0.003487051533567112,20.0
video2_final.mp4,Parkinson,38,0.005522707686731536,20.0
video2_final.mp4,Parkinson,39,0.004519782830902685,20.0
video2_final.mp4,Parkinson,40,0.004615520847305608,20.0
video2_final.mp4,Parkinson,41,0.0024614387042715354,20.0
video2_final.mp4,Parkinson,42,0.0037727368074510106,20.0
video2_final.mp4,Parkinson,43,0.004609354160950273,20.0
video2_final.mp4,Parkinson,44,0.0029981994391203716,20.0
video2_final.mp4,Parkinson,45,0.005031506978575075,20.0
video2_final.mp4,Parkinson,46,0.005277211601852195,20.0
video2_final.mp4,Parkinson,47,0.005447900576342167,20.0
video2_final.mp4,Parkinson,48,0.008418819755727832,20.0
video2_final.mp4,Parkinson,49,0.005030498138964832,20.0
video2_final.mp4,Parkinson,50,0.008942784638131042,20.0
video2_final.mp4,Parkinson,51,0.0028415563837577776,20.0
video2_final.mp4,Parkinson,52,0.0037829474949532846,20.0
video2_final.mp4,Parkinson,53,0.007125712118534929,20.0
video2_final.mp4,Parkinson,54,0.004790674926227466,20.0
video2_final.mp4,Parkinson,55,0.0020024883091589144,20.0
video2_final.mp4,Parkinson,56,0.0047923074021612826,20.0
video2_final.mp4,Parkinson,57,0.0038013327006553624,20.0
video2_final.mp4,Parkinson,58,0.003669881623968171,20.0
video2_final.mp4,Parkinson,59,0.003379933340456362,20.0
video2_final.mp4,Parkinson,60,0.004302731980249558,20.0
video2_final.mp4,Parkinson,61,0.0031378351572733136,20.0
video2_final.mp4,Parkinson,62,0.0049560657939282955,20.0
video2_final.mp4,Parkinson,63,0.005534260410806163,20.0
video2_final.mp4,Parkinson,64,0.003887593300773929,20.0
video2_final.mp4,Parkinson,65,0.007321998627536467,20.0
video2_final.mp4,Parkinson,66,0.0033090887197796577,20.0
video2_final.mp4,Parkinson,67,0.002670588755188007,20.0
video2_final.mp4,Parkinson,68,0.005169473169523776,20.0
video2_final.mp4,Parkinson,69,0.0027282801561583575,20.0
video2_final.mp4,Parkinson,70,0.0030056679234691593,20.0
video2_final.mp4,Parkinson,71,0.0027749589822742607,20.0
video2_final.mp4,Parkinson,72,0.0045925244016204805,20.0
video2_final.mp4,Parkinson,73,0.0027553618460756124,20.0
video2_final.mp4,Parkinson,74,0.004533912086862875,20.0
video2_final.mp4,Parkinson,75,0.002771247865009875,20.0
video2_final.mp4,Parkinson,76,0.010496864269154658,20.0
video2_final.mp4,Parkinson,77,0.006876037222146806,20.0
video2_final.mp4,Parkinson,78,0.0026490240911296297,20.0
video2_final.mp4,Parkinson,79,0.0027689979151154136,20.0
video2_final.mp4,Parkinson,80,0.006958870084431912,20.0
video2_final.mp4,Parkinson,81,0.003157496533631657,20.0
video2_final.mp4,Parkinson,82,0.004199742601966054,20.0
video2_final.mp4,Parkinson,83,0.005293257489229027,20.0
video2_final.mp4,Parkinson,84,0.005779440447651726,20.0
video2_final.mp4,Parkinson,85,0.010075258292206993,20.0
video2_final.mp4,Parkinson,86,0.004532159526772948,20.0
video2_final.mp4,Parkinson,87,0.012175821059590402,20.0
video2_final.mp4,Parkinson,88,0.005974826942593307,20.0
video2_final.mp4,Parkinson,89,0.008143006853436607,20.0
video2_final.mp4,Parkinson,90,0.007906588811118729,20.0
video2_final.mp4,Parkinson,91,0.009323521600384747,20.0
video2_final.mp4,Parkinson,92,0.005664071365324776,20.0
video2_final.mp4,Parkinson,93,0.002404568766586402,20.0
video2_final.mp4,Parkinson,94,0.0056493800351593,20.0
video2_final.mp4,Parkinson,95,0.0065326137888584625,20.0
video2_final.mp4,Parkinson,96,0.008426301640247505,20.0
video2_final.mp4,Parkinson,97,0.004213532923058697,20.0
video2_final.mp4,Parkinson,98,0.002313516459046001,20.0
video2_final.mp4,Parkinson,99,0.006789380974060736,20.0
video2_final.mp4,Parkinson,100,0.0057084543243960005,20.0
video32_final.mp4,Parkinson,1,0.0,20.0
video32_final.mp4,Parkinson,2,0.00909120344623025,20.0
video32_final.mp4,Parkinson,3,0.0042882156241891576,20.0
video32_final.mp4,Parkinson,4,0.014503582109527995,20.0
video32_final.mp4,Parkinson,5,0.019896029491861523,20.0
video32_final.mp4,Parkinson,6,0.011359648106881334,20.0
video32_final.mp4,Parkinson,7,0.009234988504503001,20.0
video32_final.mp4,Parkinson,8,0.02318147109818176,20.0
video32_final.mp4,Parkinson,9,0.01248154077208683,20.0
video32_final.mp4,Parkinson,10,0.01628888237754094,20.0
video32_final.mp4,Parkinson,11,0.010379577364133082,20.0
video32_final.mp4,Parkinson,12,0.008358225573153709,20.0
video32_final.mp4,Parkinson,13,0.012412014827658625,20.0
video32_final.mp4,Parkinson,14,0.014109994868083231,20.0
video32_final.mp4,Parkinson,15,0.010096518638356266,20.0
video32_final.mp4,Parkinson,16,0.024337041260741033,20.0
video32_final.mp4,Parkinson,17,0.015354099249808333,20.0
video32_final.mp4,Parkinson,18,0.0071551885257527,20.0
video32_final.mp4,Parkinson,19,0.007246226042229351,20.0
video32_final.mp4,Parkinson,20,0.016667390406959887,20.0
video32_final.mp4,Parkinson,21,0.009709234319604567,20.0
video32_final.mp4,Parkinson,22,0.005349868363251678,20.0
video32_final.mp4,Parkinson,23,0.01141079533292661,20.0
video32_final.mp4,Parkinson,24,0.013580991171131287,20.0
video32_final.mp4,Parkinson,25,0.013335278097374208,20.0
video32_final.mp4,Parkinson,26,0.01660918810775613,20.0
video32_final.mp4,Parkinson,27,0.016420166090329223,20.0
video32_final.mp4,Parkinson,28,0.024115204639540172,20.0
video32_final.mp4,Parkinson,29,0.004178011563010384,20.0
video32_final.mp4,Parkinson,30,0.01883844889730852,20.0
video32_final.mp4,Parkinson,31,0.01876251808257834,20.0
video32_final.mp4,Parkinson,32,0.022451801561308868,20.0
video32_final.mp4,Parkinson,33,0.018577353295086845,20.0
video32_final.mp4,Parkinson,34,0.02897887622619904,20.0
video32_final.mp4,Parkinson,35,0.025027661145964043,20.0
video32_final.mp4,Parkinson,36,0.03315953266998003,20.0
video32_final.mp4,Parkinson,37,0.020940547132678806,20.0
video32_final.mp4,Parkinson,38,0.019668008298182733,20.0
video32_final.mp4,Parkinson,39,0.019791311081416473,20.0
video32_final.mp4,Parkinson,40,0.016645760379775006,20.0
video32_final.mp4,Parkinson,41,0.007935619850472428,20.0
video32_final.mp4,Parkinson,42,0.0068601213935875855,20.0
video32_final.mp4,Parkinson,43,0.006664151313325856,20.0
video32_final.mp4,Parkinson,44,0.010313316695970853,20.0
video32_final.mp4,Parkinson,45,0.007872074218482718,20.0
video32_final.mp4,Parkinson,46,0.00516334851681128,20.0
video32_final.mp4,Parkinson,47,0.002485227380067072,20.0
video32_final.mp4,Parkinson,48,0.006745556607155331,20.0
video32_final.mp4,Parkinson,49,0.004014345734100201,20.0
video32_final.mp4,Parkinson,50,0.005207888094351468,20.0
video32_final.mp4,Parkinson,51,0.006571054046576333,20.0
video32_final.mp4,Parkinson,52,0.004100244651945103,20.0
video32_final.mp4,Parkinson,53,0.006895371005449291,20.0
video32_final.mp4,Parkinson,54,0.002540820945352789,20.0
video32_final.mp4,Parkinson,55,0.00500219847826496,20.0
video32_final.mp4,Parkinson,56,0.005385348646167042,20.0
video32_final.mp4,Parkinson,57,0.007440042275354634,20.0
video32_final.mp4,Parkinson,58,0.01020533646123267,20.0
video32_final.mp4,Parkinson,59,0.012693501632815313,20.0
video32_final.mp4,Parkinson,60,0.021757150104469235,20.0
video32_final.mp4,Parkinson,61,0.020383337648501174,20.0
video32_final.mp4,Parkinson,62,0.03692171521106012,20.0
video32_final.mp4,Parkinson,63,0.030165988882398943,20.0
video32_final.mp4,Parkinson,64,0.03867304496739171,20.0
video32_final.mp4,Parkinson,65,0.02351433411943115,20.0
video32_final.mp4,Parkinson,66,0.03136748555754492,20.0
video32_final.mp4,Parkinson,67,0.00859566917313476,20.0
video32_final.mp4,Parkinson,68,0.02018686020984335,20.0
video32_final.mp4,Parkinson,69,0.014192532960713652,20.0
video32_final.mp4,Parkinson,70,0.027455632701834848,20.0
video32_final.mp4,Parkinson,71,0.003817729918997971,20.0
video32_final.mp4,Parkinson,72,0.006952137129856742,20.0
video32_final.mp4,Parkinson,73,0.004345378715860807,20.0
video32_final.mp4,Parkinson,74,0.0037282381920644503,20.0
video32_final.mp4,Parkinson,75,0.003247473606974238,20.0
video32_final.mp4,Parkinson,76,0.025312659509209162,20.0
video32_final.mp4,Parkinson,77,0.011468334085259876,20.0
video32_final.mp4,Parkinson,78,0.01751029254641909,20.0
video32_final.mp4,Parkinson,79,0.012536413335672483,20.0
video32_final.mp4,Parkinson,80,0.01874436348911882,20.0
video32_final.mp4,Parkinson,81,0.01232691648248253,20.0
video32_final.mp4,Parkinson,82,0.010858265104524988,20.0
video32_final.mp4,Parkinson,83,0.0020667859377964184,20.0
video32_final.mp4,Parkinson,84,0.015299804375859382,20.0
video32_final.mp4,Parkinson,85,0.007673350183182347,20.0
video32_final.mp4,Parkinson,86,0.009375944148756771,20.0
video32_final.mp4,Parkinson,87,0.003235841129359074,20.0
video32_final.mp4,Parkinson,88,0.005368426891994619,20.0
video32_final.mp4,Parkinson,89,0.013303676834543084,20.0
video32_final.mp4,Parkinson,90,0.014582394202411097,20.0
video32_final.mp4,Parkinson,91,0.009599595762642058,20.0
video32_final.mp4,Parkinson,92,0.0312673582077582,20.0
video32_final.mp4,Parkinson,93,0.019147455824298783,20.0
video32_final.mp4,Parkinson,94,0.010688838135773506,20.0
video32_final.mp4,Parkinson,95,0.009344276609165314,20.0
video32_final.mp4,Parkinson,96,0.012959968876833566,20.0
video32_final.mp4,Parkinson,97,0.0074517316778905844,20.0
video32_final.mp4,Parkinson,98,0.013772116370963813,20.0
video32_final.mp4,Parkinson,99,0.009758427126015013,20.0
video32_final.mp4,Parkinson,100,0.00490365842826035,20.0
video33_final.mp4,Parkinson,1,0.0,20.0
video33_final.mp4,Parkinson,2,0.003532083430022066,20.0
video33_final.mp4,Parkinson,3,0.003114982292275431,20.0
video33_final.mp4,Parkinson,4,0.0017759330208691805,20.0
video33_final.mp4,Parkinson,5,0.001344784570163119,20.0
video33_final.mp4,Parkinson,6,0.006330214865457628,20.0
video33_final.mp4,Parkinson,7,0.008372426730491801,20.0
video33_final.mp4,Parkinson,8,0.0038565698576642797,20.0
video33_final.mp4,Parkinson,9,0.004354877893689156,20.0
video33_final.mp4,Parkinson,10,0.0031714337624502995,20.0
video33_final.mp4,Parkinson,11,0.004786896736205928,20.0
video33_final.mp4,Parkinson,12,0.0021419538650897527,20.0
video33_final.mp4,Parkinson,13,0.0027106413194095584,20.0
video33_final.mp4,Parkinson,14,0.0029972521441328837,20.0
video33_final.mp4,Parkinson,15,0.0007934198615656777,20.0
video33_final.mp4,Parkinson,16,0.0018767986591066842,20.0
video33_final.mp4,Parkinson,17,0.0017871963341606453,20.0
video33_final.mp4,Parkinson,18,0.0023053327721550385,20.0
video33_final.mp4,Parkinson,19,0.002387996765265763,20.0
video33_final.mp4,Parkinson,20,0.0028476445019085628,20.0
video33_final.mp4,Parkinson,21,0.007153513666290924,20.0
video33_final.mp4,Parkinson,22,0.011829457735120752,20.0
video33_final.mp4,Parkinson,23,0.00699662576443114,20.0
video33_final.mp4,Parkinson,24,0.011455431388435756,20.0
video33_final.mp4,Parkinson,25,0.01005978264118933,20.0
video33_final.mp4,Parkinson,26,0.006151248528206878,20.0
video33_final.mp4,Parkinson,27,0.006448328949381949,20.0
video33_final.mp4,Parkinson,28,0.0050881997938466515,20.0
video33_final.mp4,Parkinson,29,0.0057415838706588816,20.0
video33_final.mp4,Parkinson,30,0.004567151788606059,20.0
video33_final.mp4,Parkinson,31,0.005731446582555582,20.0
video33_final.mp4,Parkinson,32,0.004249004684905038,20.0
video33_final.mp4,Parkinson,33,0.0059232673631268344,20.0
video33_final.mp4,Parkinson,34,0.0053408768628324735,20.0
video33_final.mp4,Parkinson,35,0.0039346943855303965,20.0
video33_final.mp4,Parkinson,36,0.004188363374643179,20.0
video33_final.mp4,Parkinson,37,0.0016829445092757863,20.0
video33_final.mp4,Parkinson,38,0.004869667990759058,20.0
video33_final.mp4,Parkinson,39,0.018732363057053208,20.0
video33_final.mp4,Parkinson,40,0.0073310050166854835,20.0
video33_final.mp4,Parkinson,41,0.002598587739669996,20.0
video33_final.mp4,Parkinson,42,0.008670766347192908,20.0
video33_final.mp4,Parkinson,43,0.007026994510250577,20.0
video33_final.mp4,Parkinson,44,0.003289061041945052,20.0
video33_final.mp4,Parkinson,45,0.0027603631920404036,20.0
video33_final.mp4,Parkinson,46,0.0040447894814300955,20.0
video33_final.mp4,Parkinson,47,0.025824120435020588,20.0
video33_final.mp4,Parkinson,48,0.018219413256732646,20.0
video33_final.mp4,Parkinson,49,0.014183524828584542,20.0
video33_final.mp4,Parkinson,50,0.004117808126966429,20.0
video33_final.mp4,Parkinson,51,0.0060974980942188894,20.0
video33_final.mp4,Parkinson,52,0.007946192303006503,20.0
video33_final.mp4,Parkinson,53,0.007469285240894431,20.0
video33_final.mp4,Parkinson,54,0.006235513118282379,20.0
video33_final.mp4,Parkinson,55,0.00273123429888738,20.0
video33_final.mp4,Parkinson,56,0.0032848644889278316,20.0
video33_final.mp4,Parkinson,57,0.008670842733963766,20.0
video33_final.mp4,Parkinson,58,0.0033192649997291395,20.0
video33_final.mp4,Parkinson,59,0.0015676791811372781,20.0
video33_final.mp4,Parkinson,60,0.002891130527244862,20.0
video33_final.mp4,Parkinson,61,0.005246290858687498,20.0
video33_final.mp4,Parkinson,62,0.00505846063758797,20.0
video33_final.mp4,Parkinson,63,0.007313735347010708,20.0
video33_final.mp4,Parkinson,64,0.0031173900846427427,20.0
video33_final.mp4,Parkinson,65,0.009656064795130597,20.0
video33_final.mp4,Parkinson,66,0.003630219487830276,20.0
video33_final.mp4,Parkinson,67,0.007610039605530726,20.0
video33_final.mp4,Parkinson,68,0.005957037180413188,20.0
video33_final.mp4,Parkinson,69,0.0040647264432791645,20.0
video33_final.mp4,Parkinson,70,0.003195022362946248,20.0
video33_final.mp4,Parkinson,71,0.00630368210520003,20.0
video33_final.mp4,Parkinson,72,0.002097707851015407,20.0
video33_final.mp4,Parkinson,73,0.002852483558175702,20.0
video33_final.mp4,Parkinson,74,0.004274877674833611,20.0
video33_final.mp4,Parkinson,75,0.00206079860828173,20.0
video33_final.mp4,Parkinson,76,0.0020616066857977295,20.0
video33_final.mp4,Parkinson,77,0.006762526556970278,20.0
video33_final.mp4,Parkinson,78,0.0034340658224210245,20.0
video33_final.mp4,Parkinson,79,0.003515407805924682,20.0
video33_final.mp4,Parkinson,80,0.0031061823731431933,20.0
video33_final.mp4,Parkinson,81,0.002617732465362066,20.0
video33_final.mp4,Parkinson,82,0.002844277078939933,20.0
video33_final.mp4,Parkinson,83,0.0033186734808860223,20.0
video33_final.mp4,Parkinson,84,0.002026730568755925,20.0
video33_final.mp4,Parkinson,85,0.0009414513759973741,20.0
video33_final.mp4,Parkinson,86,0.002817723777122981,20.0
video33_final.mp4,Parkinson,87,0.005401573937489619,20.0
video33_final.mp4,Parkinson,88,0.005709773289788092,20.0
video33_final.mp4,Parkinson,89,0.010362052221396717,20.0
video33_final.mp4,Parkinson,90,0.009235075367139415,20.0
video33_final.mp4,Parkinson,91,0.010589728349244936,20.0
video33_final.mp4,Parkinson,92,0.006295200150231868,20.0
video33_final.mp4,Parkinson,93,0.009378806811329264,20.0
video33_final.mp4,Parkinson,94,0.0057134328272713,20.0
video33_final.mp4,Parkinson,95,0.005784401619981701,20.0
video33_final.mp4,Parkinson,96,0.007025628128565902,20.0
video33_final.mp4,Parkinson,97,0.019497168925707818,20.0
video33_final.mp4,Parkinson,98,0.017784018004087344,20.0
video33_final.mp4,Parkinson,99,0.016071427651208437,20.0
video33_final.mp4,Parkinson,100,0.010923354449928986,20.0
video45_final.mp4,Parkinson,1,0.0,20.0
video45_final.mp4,Parkinson,2,0.0070953279103504446,20.0
video45_final.mp4,Parkinson,3,0.006067858460687113,20.0
video45_final.mp4,Parkinson,4,0.005799305862213083,20.0
video45_final.mp4,Parkinson,5,0.0035594942351448626,20.0
video45_final.mp4,Parkinson,6,0.01306043976137474,20.0
video45_final.mp4,Parkinson,7,0.012251111323335648,20.0
video45_final.mp4,Parkinson,8,0.002720147818357788,20.0
video45_final.mp4,Parkinson,9,0.005403034994767513,20.0
video45_final.mp4,Parkinson,10,0.009299555224756959,20.0
video45_final.mp4,Parkinson,11,0.005588939428301159,20.0
video45_final.mp4,Parkinson,12,0.0023470517292492033,20.0
video45_final.mp4,Parkinson,13,0.00466003639456732,20.0
video45_final.mp4,Parkinson,14,0.002507203129246311,20.0
video45_final.mp4,Parkinson,15,0.00474191223604027,20.0
video45_final.mp4,Parkinson,16,0.0027880306211668267,20.0
video45_final.mp4,Parkinson,17,0.006629219835778538,20.0
video45_final.mp4,Parkinson,18,0.0036950064783290034,20.0
video45_final.mp4,Parkinson,19,0.007118267078002775,20.0
video45_final.mp4,Parkinson,20,0.006814342858021702,20.0
video45_final.mp4,Parkinson,21,0.0015597674720062168,20.0
video45_final.mp4,Parkinson,22,0.007539462578505287,20.0
video45_final.mp4,Parkinson,23,0.004776673339214326,20.0
video45_final.mp4,Parkinson,24,0.003670691657011503,20.0
video45_final.mp4,Parkinson,25,0.005170469371624985,20.0
video45_final.mp4,Parkinson,26,0.008562845835703064,20.0
video45_final.mp4,Parkinson,27,0.0046720312783111225,20.0
video45_final.mp4,Parkinson,28,0.001661919850359034,20.0
video45_final.mp4,Parkinson,29,0.0033063562555344186,20.0
video45_final.mp4,Parkinson,30,0.002215585299104605,20.0
video45_final.mp4,Parkinson,31,0.002415755402856035,20.0
video45_final.mp4,Parkinson,32,0.0019183149405346469,20.0
video45_final.mp4,Parkinson,33,0.006421597190767708,20.0
video45_final.mp4,Parkinson,34,0.0030660124155843494,20.0
video45_final.mp4,Parkinson,35,0.002887763192101166,20.0
video45_final.mp4,Parkinson,36,0.005010472948786475,20.0
video45_final.mp4,Parkinson,37,0.0030169917984887145,20.0
video45_final.mp4,Parkinson,38,0.005662510612951721,20.0
video45_final.mp4,Parkinson,39,0.0035207478048040405,20.0
video45_final.mp4,Parkinson,40,0.00353403386710983,20.0
video45_final.mp4,Parkinson,41,0.005386353174942267,20.0
video45_final.mp4,Parkinson,42,0.0029822587888498064,20.0
video45_final.mp4,Parkinson,43,0.0027242428895350107,20.0
video45_final.mp4,Parkinson,44,0.0026096196387057308,20.0
video45_final.mp4,Parkinson,45,0.0027847414144227768,20.0
video45_final.mp4,Parkinson,46,0.005445208819975023,20.0
video45_final.mp4,Parkinson,47,0.002001156781947257,20.0
video45_final.mp4,Parkinson,48,0.0037308446963953044,20.0
video45_final.mp4,Parkinson,49,0.007497245545852402,20.0
video45_final.mp4,Parkinson,50,0.0026778895197673612,20.0
video45_final.mp4,Parkinson,51,0.007242563178121714,20.0
video45_final.mp4,Parkinson,52,0.0040249640946623914,20.0
video45_final.mp4,Parkinson,53,0.008148056017880512,20.0
video45_final.mp4,Parkinson,54,0.0066472067671639505,20.0
video45_final.mp4,Parkinson,55,0.002868164026406689,20.0
video45_final.mp4,Parkinson,56,0.0027879537458824185,20.0
video45_final.mp4,Parkinson,57,0.0017336153877925732,20.0
video45_final.mp4,Parkinson,58,0.005208745341361958,20.0
video45_final.mp4,Parkinson,59,0.002423789386656282,20.0
video45_final.mp4,Parkinson,60,0.0015824638695837497,20.0
video45_final.mp4,Parkinson,61,0.0037835049186269024,20.0
video45_final.mp4,Parkinson,62,0.0026319424195661847,20.0
video45_final.mp4,Parkinson,63,0.0026252006194151497,20.0
video45_final.mp4,Parkinson,64,0.0057276419194794564,20.0
video45_final.mp4,Parkinson,65,0.0030188398422636015,20.0
video45_final.mp4,Parkinson,66,0.001976203539274622,20.0
video45_final.mp4,Parkinson,67,0.0027161035500394524,20.0
video45_final.mp4,Parkinson,68,0.00406751825602294,20.0
video45_final.mp4,Parkinson,69,0.015306124722143696,20.0
video45_final.mp4,Parkinson,70,0.009443478771614949,20.0
video45_final.mp4,Parkinson,71,0.004337080798357029,20.0
video45_final.mp4,Parkinson,72,0.0019118348682251305,20.0
video45_final.mp4,Parkinson,73,0.004075457245185143,20.0
video45_final.mp4,Parkinson,74,0.006558984858748562,20.0
video45_final.mp4,Parkinson,75,0.0031649651447152776,20.0
video45_final.mp4,Parkinson,76,0.001720100260106897,20.0
video45_final.mp4,Parkinson,77,0.001768831835302286,20.0
video45_final.mp4,Parkinson,78,0.0036740630475828816,20.0
video45_final.mp4,Parkinson,79,0.0019665965654001734,20.0
video45_final.mp4,Parkinson,80,0.008521009891715633,20.0
video45_final.mp4,Parkinson,81,0.0030217947839640833,20.0
video45_final.mp4,Parkinson,82,0.0037192034167122016,20.0
video45_final.mp4,Parkinson,83,0.0022755025697973096,20.0
video45_final.mp4,Parkinson,84,0.01322752650671671,20.0
video45_final.mp4,Parkinson,85,0.0038835211994109496,20.0
video45_final.mp4,Parkinson,86,0.0033525451701787077,20.0
video45_final.mp4,Parkinson,87,0.0047507945915700985,20.0
video45_final.mp4,Parkinson,88,0.0014903228431458946,20.0
video45_final.mp4,Parkinson,89,0.005423054186121664,20.0
video45_final.mp4,Parkinson,90,0.006019829307793355,20.0
video45_final.mp4,Parkinson,91,0.00563787857344045,20.0
video45_final.mp4,Parkinson,92,0.0047749514948859885,20.0
video45_final.mp4,Parkinson,93,0.008080486720546651,20.0
video45_final.mp4,Parkinson,94,0.00457680661842962,20.0
video45_final.mp4,Parkinson,95,0.01599922343200577,20.0
video45_final.mp4,Parkinson,96,0.004789205282270622,20.0
video45_final.mp4,Parkinson,97,0.014323670423051096,20.0
video45_final.mp4,Parkinson,98,0.0049303906602278565,20.0
video45_final.mp4,Parkinson,99,0.005783313909531346,20.0
video45_final.mp4,Parkinson,100,0.003896034277561197,20.0
video46_final.mp4,Parkinson,1,0.0,20.0
video46_final.mp4,Parkinson,2,0.006897799266884194,20.0
video46_final.mp4,Parkinson,3,0.004263856187053945,20.0
video46_final.mp4,Parkinson,4,0.0026351167670324777,20.0
video46_final.mp4,Parkinson,5,0.0022889895291606428,20.0
video46_final.mp4,Parkinson,6,0.004925457465204978,20.0
video46_final.mp4,Parkinson,7,0.020379059359056914,20.0
video46_final.mp4,Parkinson,8,0.004276266651738825,20.0
video46_final.mp4,Parkinson,9,0.005942330381875037,20.0
video46_final.mp4,Parkinson,10,0.0019888229900203195,20.0
video46_final.mp4,Parkinson,11,0.0008963422086728544,20.0
video46_final.mp4,Parkinson,12,0.02185837172895754,20.0
video46_final.mp4,Parkinson,13,0.00517595715558256,20.0
video46_final.mp4,Parkinson,14,0.0032068992254920383,20.0
video46_final.mp4,Parkinson,15,0.0024452802533172645,20.0
video46_final.mp4,Parkinson,16,0.005346092560107093,20.0
video46_final.mp4,Parkinson,17,0.0026609510902613855,20.0
video46_final.mp4,Parkinson,18,0.0021108551831432714,20.0
video46_final.mp4,Parkinson,19,0.0006640527933550078,20.0
video46_final.mp4,Parkinson,20,0.0014758416320511984,20.0
video46_final.mp4,Parkinson,21,0.0024522746392548187,20.0
video46_final.mp4,Parkinson,22,0.00181343415552577,20.0
video46_final.mp4,Parkinson,23,0.0012497276572960984,20.0
video46_final.mp4,Parkinson,24,0.003739899184208429,20.0
video46_final.mp4,Parkinson,25,0.00192636075688188,20.0
video46_final.mp4,Parkinson,26,0.0007288761013804801,20.0
video46_final.mp4,Parkinson,27,0.0027527148254329085,20.0
video46_final.mp4,Parkinson,28,0.004064077550843296,20.0
video46_final.mp4,Parkinson,29,0.002434324265235056,20.0
video46_final.mp4,Parkinson,30,0.0022964030953042465,20.0
video46_final.mp4,Parkinson,31,0.0008635711930547424,20.0
video46_final.mp4,Parkinson,32,0.0025741308183060254,20.0
video46_final.mp4,Parkinson,33,0.0007864336007720799,20.0
video46_final.mp4,Parkinson,34,0.0020798057481729946,20.0
video46_final.mp4,Parkinson,35,0.0018897963477492795,20.0
video46_final.mp4,Parkinson,36,0.0011821605289562478,20.0
video46_final.mp4,Parkinson,37,0.0010355023134445006,20.0
video46_final.mp4,Parkinson,38,0.00035936106514853906,20.0
video46_final.mp4,Parkinson,39,0.004263995389727979,20.0
video46_final.mp4,Parkinson,40,0.016411095070489462,20.0
video46_final.mp4,Parkinson,41,0.008352968041081564,20.0
video46_final.mp4,Parkinson,42,0.002524978162006574,20.0
video46_final.mp4,Parkinson,43,0.00526511660373399,20.0
video46_final.mp4,Parkinson,44,0.011728831944973856,20.0
video46_final.mp4,Parkinson,45,0.005736586210490197,20.0
video46_final.mp4,Parkinson,46,0.002354193035218729,20.0
video46_final.mp4,Parkinson,47,0.0013551680341735404,20.0
video46_final.mp4,Parkinson,48,0.0029779125293286418,20.0
video46_final.mp4,Parkinson,49,0.001852868574019803,20.0
video46_final.mp4,Parkinson,50,0.0018385451247977167,20.0
video46_final.mp4,Parkinson,51,0.0008368309962354802,20.0
video46_final.mp4,Parkinson,52,0.00161142067150798,20.0
video46_final.mp4,Parkinson,53,0.002126201691863996,20.0
video46_final.mp4,Parkinson,54,0.0006018130246346705,20.0
video46_final.mp4,Parkinson,55,0.0020368422600189817,20.0
video46_final.mp4,Parkinson,56,0.0020108700896458,20.0
video46_final.mp4,Parkinson,57,0.0013268950552764614,20.0
video46_final.mp4,Parkinson,58,0.002492719771048056,20.0
video46_final.mp4,Parkinson,59,0.0025673844631203357,20.0
video46_final.mp4,Parkinson,60,0.004701925783101673,20.0
video46_final.mp4,Parkinson,61,0.0021142910874317085,20.0
video46_final.mp4,Parkinson,62,0.0029924814070899195,20.0
video46_final.mp4,Parkinson,63,0.0017968015986518445,20.0
video46_final.mp4,Parkinson,64,0.006238919401705737,20.0
video46_final.mp4,Parkinson,65,0.006807636842687021,20.0
video46_final.mp4,Parkinson,66,0.003679261524190234,20.0
video46_final.mp4,Parkinson,67,0.0026808215386167748,20.0
video46_final.mp4,Parkinson,68,0.005984094954787168,20.0
video46_final.mp4,Parkinson,69,0.003166572740322914,20.0
video46_final.mp4,Parkinson,70,0.0033257637318835436,20.0
video46_final.mp4,Parkinson,71,0.0010229217500665683,20.0
video46_final.mp4,Parkinson,72,0.001889552364793746,20.0
video46_final.mp4,Parkinson,73,0.000939968572790478,20.0
video46_final.mp4,Parkinson,74,0.001586217527788679,20.0
video46_final.mp4,Parkinson,75,0.0028474761405686017,20.0
video46_final.mp4,Parkinson,76,0.001132002920633034,20.0
video46_final.mp4,Parkinson,77,0.0013461592261263117,20.0
video46_final.mp4,Parkinson,78,0.00146587294149101,20.0
video46_final.mp4,Parkinson,79,0.0010827738816428529,20.0
video46_final.mp4,Parkinson,80,0.0015114891763153254,20.0
video46_final.mp4,Parkinson,81,0.0010613764868106356,20.0
video46_final.mp4,Parkinson,82,0.0017081322457729111,20.0
video46_final.mp4,Parkinson,83,0.0008113655780662911,20.0
video46_final.mp4,Parkinson,84,0.0022892655811265145,20.0
video46_final.mp4,Parkinson,85,0.003603090855288399,20.0
video46_final.mp4,Parkinson,86,0.002568243573499425,20.0
video46_final.mp4,Parkinson,87,0.003020368222674128,20.0
video46_final.mp4,Parkinson,88,0.0016925936431266004,20.0
video46_final.mp4,Parkinson,89,0.0026849588532143055,20.0
video46_final.mp4,Parkinson,90,0.0013827375324480294,20.0
video46_final.mp4,Parkinson,91,0.002204202247872442,20.0
video46_final.mp4,Parkinson,92,0.004996962136135933,20.0
video46_final.mp4,Parkinson,93,0.0023502131676860242,20.0
video46_final.mp4,Parkinson,94,0.0028783200163623127,20.0
video46_final.mp4,Parkinson,95,0.0013773627876155245,20.0
video46_final.mp4,Parkinson,96,0.003258742209214236,20.0
video46_final.mp4,Parkinson,97,0.0011175745990408994,20.0
video46_final.mp4,Parkinson,98,0.0034476493948273888,20.0
video46_final.mp4,Parkinson,99,0.0017293143923672414,20.0
video46_final.mp4,Parkinson,100,0.001992496295660058,20.0
video52_final.mp4,Parkinson,1,0.0,20.0
video52_final.mp4,Parkinson,2,0.011793511615943868,20.0
video52_final.mp4,Parkinson,3,0.013800769704859762,20.0
video52_final.mp4,Parkinson,4,0.00790215034860183,20.0
video52_final.mp4,Parkinson,5,0.010086911450251724,20.0
video52_final.mp4,Parkinson,6,0.007820167962431204,20.0
video52_final.mp4,Parkinson,7,0.004728234909617175,20.0
video52_final.mp4,Parkinson,8,0.0024266954054406055,20.0
video52_final.mp4,Parkinson,9,0.004236594527175682,20.0
video52_final.mp4,Parkinson,10,0.002056607817696901,20.0
video52_final.mp4,Parkinson,11,0.009067130796285966,20.0
video52_final.mp4,Parkinson,12,0.007658779327281616,20.0
video52_final.mp4,Parkinson,13,0.004270695519251471,20.0
video52_final.mp4,Parkinson,14,0.0036946007992076707,20.0
video52_final.mp4,Parkinson,15,0.002633974110573386,20.0
video52_final.mp4,Parkinson,16,0.0021158228150656663,20.0
video52_final.mp4,Parkinson,17,0.007923581233241108,20.0
video52_final.mp4,Parkinson,18,0.005747214447202334,20.0
video52_final.mp4,Parkinson,19,0.004279070165320665,20.0
video52_final.mp4,Parkinson,20,0.004734315870168092,20.0
video52_final.mp4,Parkinson,21,0.00247941310710144,20.0
video52_final.mp4,Parkinson,22,0.0023466043856803912,20.0
video52_final.mp4,Parkinson,23,0.006287880583032761,20.0
video52_final.mp4,Parkinson,24,0.004145559049846572,20.0
video52_final.mp4,Parkinson,25,0.0038272581256543247,20.0
video52_final.mp4,Parkinson,26,0.009865629915420272,20.0
video52_final.mp4,Parkinson,27,0.007320822620167572,20.0
video52_final.mp4,Parkinson,28,0.006145947890685224,20.0
video52_final.mp4,Parkinson,29,0.0030126888664534957,20.0
video52_final.mp4,Parkinson,30,0.006563554481982803,20.0
video52_final.mp4,Parkinson,31,0.005729965605999316,20.0
video52_final.mp4,Parkinson,32,0.004919859545140301,20.0
video52_final.mp4,Parkinson,33,0.004466597167135386,20.0
video52_final.mp4,Parkinson,34,0.007051727240117345,20.0
video52_final.mp4,Parkinson,35,0.013807100532158523,20.0
video52_final.mp4,Parkinson,36,0.004677083395484997,20.0
video52_final.mp4,Parkinson,37,0.005063502255296654,20.0
video52_final.mp4,Parkinson,38,0.006943699329479286,20.0
video52_final.mp4,Parkinson,39,0.002071899140382508,20.0
video52_final.mp4,Parkinson,40,0.004210848677545106,20.0
video52_final.mp4,Parkinson,41,0.007277173963554047,20.0
video52_final.mp4,Parkinson,42,0.003950990541538813,20.0
video52_final.mp4,Parkinson,43,0.006275455363926294,20.0
video52_final.mp4,Parkinson,44,0.001318746590103715,20.0
video52_final.mp4,Parkinson,45,0.0033111950205921893,20.0
video52_final.mp4,Parkinson,46,0.0063681134999622625,20.0
video52_final.mp4,Parkinson,47,0.0029182387712816346,20.0
video52_final.mp4,Parkinson,48,0.003786038376019864,20.0
video52_final.mp4,Parkinson,49,0.0032591635319243186,20.0
video52_final.mp4,Parkinson,50,0.0036577941928717175,20.0
video52_final.mp4,Parkinson,51,0.004723041299799679,20.0
video52_final.mp4,Parkinson,52,0.004745184972457769,20.0
video52_final.mp4,Parkinson,53,0.004406311200846016,20.0
video52_final.mp4,Parkinson,54,0.002424036511982875,20.0
video52_final.mp4,Parkinson,55,0.0032246519168321677,20.0
video52_final.mp4,Parkinson,56,0.003671749516266432,20.0
video52_final.mp4,Parkinson,57,0.0031015065754077076,20.0
video52_final.mp4,Parkinson,58,0.002405926557753583,20.0
video52_final.mp4,Parkinson,59,0.00195677827612279,20.0
video52_final.mp4,Parkinson,60,0.0038269317449668343,20.0
video52_final.mp4,Parkinson,61,0.0034944925249584583,20.0
video52_final.mp4,Parkinson,62,0.00368278403047134,20.0
video52_final.mp4,Parkinson,63,0.0022586680937472826,20.0
video52_final.mp4,Parkinson,64,0.0020767717883872104,20.0
video52_final.mp4,Parkinson,65,0.0028157223341121755,20.0
video52_final.mp4,Parkinson,66,0.0009455361470403691,20.0
video52_final.mp4,Parkinson,67,0.001461646597598612,20.0
video52_final.mp4,Parkinson,68,0.0008720798349433321,20.0
video52_final.mp4,Parkinson,69,0.002120848521550431,20.0
video52_final.mp4,Parkinson,70,0.005916089936678149,20.0
video52_final.mp4,Parkinson,71,0.0020092353065246536,20.0
video52_final.mp4,Parkinson,72,0.0036257152342127575,20.0
video52_final.mp4,Parkinson,73,0.004999042694565106,20.0
video52_final.mp4,Parkinson,74,0.005792454678068351,20.0
video52_final.mp4,Parkinson,75,0.0689613062714449,20.0
video52_final.mp4,Parkinson,76,0.023953676460881524,20.0
video52_final.mp4,Parkinson,77,0.009650432117875364,20.0
video52_final.mp4,Parkinson,78,0.004152360915700723,20.0
video52_final.mp4,Parkinson,79,0.005355791026348015,20.0
video52_final.mp4,Parkinson,80,0.0031388272429099437,20.0
video52_final.mp4,Parkinson,81,0.005662212525073069,20.0
video52_final.mp4,Parkinson,82,0.004785219408977729,20.0
video52_final.mp4,Parkinson,83,0.005532339868984562,20.0
video52_final.mp4,Parkinson,84,0.005996847758402937,20.0
video52_final.mp4,Parkinson,85,0.002336221637769204,20.0
video52_final.mp4,Parkinson,86,0.003029458377929503,20.0
video52_final.mp4,Parkinson,87,0.005708632589504797,20.0
video52_final.mp4,Parkinson,88,0.005301110586367995,20.0
video52_final.mp4,Parkinson,89,0.0025774159930118255,20.0
video52_final.mp4,Parkinson,90,0.004489779063785194,20.0
video52_final.mp4,Parkinson,91,0.005986241625124598,20.0
video52_final.mp4,Parkinson,92,0.005101108329465301,20.0
video52_final.mp4,Parkinson,93,0.0025366879308775605,20.0
video52_final.mp4,Parkinson,94,0.0029888241439417424,20.0
video52_final.mp4,Parkinson,95,0.008252105750443592,20.0
video52_final.mp4,Parkinson,96,0.00637993897927862,20.0
video52_final.mp4,Parkinson,97,0.002112306724244372,20.0
video52_final.mp4,Parkinson,98,0.00710180250456433,20.0
video52_final.mp4,Parkinson,99,0.010189004706571601,20.0
video52_final.mp4,Parkinson,100,0.007211171121075946,20.0
video53_final.mp4,Parkinson,1,0.0,20.0
video53_final.mp4,Parkinson,2,0.0052540647139325165,20.0
video53_final.mp4,Parkinson,3,0.005511669679093136,20.0
video53_final.mp4,Parkinson,4,0.0033311807236720476,20.0
video53_final.mp4,Parkinson,5,0.001312941640702311,20.0
video53_final.mp4,Parkinson,6,0.003848050042652073,20.0
video53_final.mp4,Parkinson,7,0.0018047777419141601,20.0
video53_final.mp4,Parkinson,8,0.0019750862469052133,20.0
video53_final.mp4,Parkinson,9,0.003646801708770929,20.0
video53_final.mp4,Parkinson,10,0.0018929155265339534,20.0
video53_final.mp4,Parkinson,11,0.002995458971728834,20.0
video53_final.mp4,Parkinson,12,0.005066464805323751,20.0
video53_final.mp4,Parkinson,13,0.002614685318633383,20.0
video53_final.mp4,Parkinson,14,0.0017597749330848672,20.0
video53_final.mp4,Parkinson,15,0.0015530379481320067,20.0
video53_final.mp4,Parkinson,16,0.0015578780227269008,20.0
video53_final.mp4,Parkinson,17,0.0015331117268961338,20.0
video53_final.mp4,Parkinson,18,0.002979632149712878,20.0
video53_final.mp4,Parkinson,19,0.0011391006507130153,20.0
video53_final.mp4,Parkinson,20,0.0015737089564225048,20.0
video53_final.mp4,Parkinson,21,0.0016937391586779888,20.0
video53_final.mp4,Parkinson,22,0.0027440441025961397,20.0
video53_final.mp4,Parkinson,23,0.0005239956377534572,20.0
video53_final.mp4,Parkinson,24,0.0031518846687246444,20.0
video53_final.mp4,Parkinson,25,0.001855010432026484,20.0
video53_final.mp4,Parkinson,26,0.0031546919387316504,20.0
video53_final.mp4,Parkinson,27,0.0015256518149248054,20.0
video53_final.mp4,Parkinson,28,0.0018821923011144413,20.0
video53_final.mp4,Parkinson,29,0.004734685458634513,20.0
video53_final.mp4,Parkinson,30,0.006855906956193333,20.0
video53_final.mp4,Parkinson,31,0.008348475809684189,20.0
video53_final.mp4,Parkinson,32,0.015232939424475478,20.0
video53_final.mp4,Parkinson,33,0.009281200012892713,20.0
video53_final.mp4,Parkinson,34,0.006733771361280991,20.0
video53_final.mp4,Parkinson,35,0.003978246572413429,20.0
video53_final.mp4,Parkinson,36,0.0037566543116287045,20.0
video53_final.mp4,Parkinson,37,0.0019694060890768335,20.0
video53_final.mp4,Parkinson,38,0.0073124425481108785,20.0
video53_final.mp4,Parkinson,39,0.0012659781745669161,20.0
video53_final.mp4,Parkinson,40,0.013447159102920592,20.0
video53_final.mp4,Parkinson,41,0.0064871338022024815,20.0
video53_final.mp4,Parkinson,42,0.010510391979983456,20.0
video53_final.mp4,Parkinson,43,0.007218011382418085,20.0
video53_final.mp4,Parkinson,44,0.009942995118798321,20.0
video53_final.mp4,Parkinson,45,0.0038645513545793957,20.0
video53_final.mp4,Parkinson,46,0.008741261633986194,20.0
video53_final.mp4,Parkinson,47,0.007292204073154204,20.0
video53_final.mp4,Parkinson,48,0.004253200709260495,20.0
video53_final.mp4,Parkinson,49,0.0019157275541078459,20.0
video53_final.mp4,Parkinson,50,0.00671975553756696,20.0
video53_final.mp4,Parkinson,51,0.006353776454312672,20.0
video53_final.mp4,Parkinson,52,0.004307022845920561,20.0
video53_final.mp4,Parkinson,53,0.00566591148595214,20.0
video53_final.mp4,Parkinson,54,0.0028665725760765445,20.0
video53_final.mp4,Parkinson,55,0.004049147004218761,20.0
video53_final.mp4,Parkinson,56,0.002275004883060104,20.0
video53_final.mp4,Parkinson,57,0.003118196011939866,20.0
video53_final.mp4,Parkinson,58,0.004403367597387454,20.0
video53_final.mp4,Parkinson,59,0.0030310902757540426,20.0
video53_final.mp4,Parkinson,60,0.004199365238200207,20.0
video53_final.mp4,Parkinson,61,0.0064447817144627165,20.0
video53_final.mp4,Parkinson,62,0.006592028396692676,20.0
video53_final.mp4,Parkinson,63,0.005745839039513632,20.0
video53_final.mp4,Parkinson,64,0.006252001316021066,20.0
video53_final.mp4,Parkinson,65,0.0026499586986098145,20.0
video53_final.mp4,Parkinson,66,0.005322284142952858,20.0
video53_final.mp4,Parkinson,67,0.0021693303889407916,20.0
video53_final.mp4,Parkinson,68,0.004850984639661238,20.0
video53_final.mp4,Parkinson,69,0.003016359775593221,20.0
video53_final.mp4,Parkinson,70,0.0028870725222118667,20.0
video53_final.mp4,Parkinson,71,0.005156985622625195,20.0
video53_final.mp4,Parkinson,72,0.0037621500141142234,20.0
video53_final.mp4,Parkinson,73,0.005914523939340652,20.0
video53_final.mp4,Parkinson,74,0.007440996405057758,20.0
video53_final.mp4,Parkinson,75,0.005498713635064618,20.0
video53_final.mp4,Parkinson,76,0.007244388478726111,20.0
video53_final.mp4,Parkinson,77,0.004254032453436181,20.0
video53_final.mp4,Parkinson,78,0.004609786228854684,20.0
video53_final.mp4,Parkinson,79,0.0031577655785884687,20.0
video53_final.mp4,Parkinson,80,0.004381571162715982,20.0
video53_final.mp4,Parkinson,81,0.003096354528778177,20.0
video53_final.mp4,Parkinson,82,0.008112632008224988,20.0
video53_final.mp4,Parkinson,83,0.00688879961730067,20.0
video53_final.mp4,Parkinson,84,0.0029320040420607258,20.0
video53_final.mp4,Parkinson,85,0.0031140490694163423,20.0
video53_final.mp4,Parkinson,86,0.0030351532220924556,20.0
video53_final.mp4,Parkinson,87,0.0028460907802141883,20.0
video53_final.mp4,Parkinson,88,0.0028402775794471495,20.0
video53_final.mp4,Parkinson,89,0.00586670762058215,20.0
video53_final.mp4,Parkinson,90,0.01355928215113881,20.0
video53_final.mp4,Parkinson,91,0.009541983505049197,20.0
video53_final.mp4,Parkinson,92,0.006884787100250268,20.0
video53_final.mp4,Parkinson,93,0.007126084800560491,20.0
video53_final.mp4,Parkinson,94,0.009747497369099644,20.0
video53_final.mp4,Parkinson,95,0.004743059363739369,20.0
video53_final.mp4,Parkinson,96,0.0018379559494801794,20.0
video53_final.mp4,Parkinson,97,0.003544624880542941,20.0
video53_final.mp4,Parkinson,98,0.0034899422696827625,20.0
video53_final.mp4,Parkinson,99,0.00765338206076302,20.0
video53_final.mp4,Parkinson,100,0.002235339438309069,20.0
video54_final.mp4,Parkinson,1,0.0,20.0
video54_final.mp4,Parkinson,2,0.013576381215763333,20.0
video54_final.mp4,Parkinson,3,0.008913039354970703,20.0
video54_final.mp4,Parkinson,4,0.0040973450038369955,20.0
video54_final.mp4,Parkinson,5,0.003828966840687724,20.0
video54_final.mp4,Parkinson,6,0.010312227339592996,20.0
video54_final.mp4,Parkinson,7,0.004236655501853918,20.0
video54_final.mp4,Parkinson,8,0.001980086116331151,20.0
video54_final.mp4,Parkinson,9,0.0036095477915002823,20.0
video54_final.mp4,Parkinson,10,0.003177590527842952,20.0
video54_final.mp4,Parkinson,11,0.0008832067188223622,20.0
video54_final.mp4,Parkinson,12,0.0022073358455778755,20.0
video54_final.mp4,Parkinson,13,0.004418621572699103,20.0
video54_final.mp4,Parkinson,14,0.0010532052473510628,20.0
video54_final.mp4,Parkinson,15,0.002626180925111223,20.0
video54_final.mp4,Parkinson,16,0.005321416679439171,20.0
video54_final.mp4,Parkinson,17,0.0014339847871920168,20.0
video54_final.mp4,Parkinson,18,0.005421151149189485,20.0
video54_final.mp4,Parkinson,19,0.0042416982322050385,20.0
video54_final.mp4,Parkinson,20,0.001308705831167697,20.0
video54_final.mp4,Parkinson,21,0.0030992578589839176,20.0
video54_final.mp4,Parkinson,22,0.0025763375593587544,20.0
video54_final.mp4,Parkinson,23,0.002366246891244557,20.0
video54_final.mp4,Parkinson,24,0.005923989413661358,20.0
video54_final.mp4,Parkinson,25,0.007460036582956806,20.0
video54_final.mp4,Parkinson,26,0.005300128002574132,20.0
video54_final.mp4,Parkinson,27,0.005015182790146435,20.0
video54_final.mp4,Parkinson,28,0.0059820492419923755,20.0
video54_final.mp4,Parkinson,29,0.0048523905340780715,20.0
video54_final.mp4,Parkinson,30,0.004092439487743528,20.0
video54_final.mp4,Parkinson,31,0.002572938993658901,20.0
video54_final.mp4,Parkinson,32,0.009309866092156494,20.0
video54_final.mp4,Parkinson,33,0.0032901937770386308,20.0
video54_final.mp4,Parkinson,34,0.0022697726446819742,20.0
video54_final.mp4,Parkinson,35,0.0025501427178815416,20.0
video54_final.mp4,Parkinson,36,0.0028458286423017213,20.0
video54_final.mp4,Parkinson,37,0.002617337866253869,20.0
video54_final.mp4,Parkinson,38,0.006858356572677167,20.0
video54_final.mp4,Parkinson,39,0.0032752321450390644,20.0
video54_final.mp4,Parkinson,40,0.009725694553372839,20.0
video54_final.mp4,Parkinson,41,0.005410521784757499,20.0
video54_final.mp4,Parkinson,42,0.007669685476403424,20.0
video54_final.mp4,Parkinson,43,0.004563740851813143,20.0
video54_final.mp4,Parkinson,44,0.0029309161475092253,20.0
video54_final.mp4,Parkinson,45,0.004997363731918657,20.0
video54_final.mp4,Parkinson,46,0.004263840812311405,20.0
video54_final.mp4,Parkinson,47,0.0066599604705241885,20.0
video54_final.mp4,Parkinson,48,0.0038390929361066736,20.0
video54_final.mp4,Parkinson,49,0.005300001500707484,20.0
video54_final.mp4,Parkinson,50,0.0032185952839907475,20.0
video54_final.mp4,Parkinson,51,0.0014753769591460283,20.0
video54_final.mp4,Parkinson,52,0.0035230839517601865,20.0
video54_final.mp4,Parkinson,53,0.0017365863049173674,20.0
video54_final.mp4,Parkinson,54,0.0016401831197796674,20.0
video54_final.mp4,Parkinson,55,0.0038842260769633976,20.0
video54_final.mp4,Parkinson,56,0.00613754036494462,20.0
video54_final.mp4,Parkinson,57,0.0022631791186547333,20.0
video54_final.mp4,Parkinson,58,0.006673529501506769,20.0
video54_final.mp4,Parkinson,59,0.005650603238497406,20.0
video54_final.mp4,Parkinson,60,0.0036583717575420956,20.0
video54_final.mp4,Parkinson,61,0.0017468779512784922,20.0
video54_final.mp4,Parkinson,62,0.003816574369052575,20.0
video54_final.mp4,Parkinson,63,0.004516456919598261,20.0
video54_final.mp4,Parkinson,64,0.002886254125294909,20.0
video54_final.mp4,Parkinson,65,0.007223290046851807,20.0
video54_final.mp4,Parkinson,66,0.008277559414183833,20.0
video54_final.mp4,Parkinson,67,0.0032956859634074103,20.0
video54_final.mp4,Parkinson,68,0.0024273988565023156,20.0
video54_final.mp4,Parkinson,69,0.004535802586458397,20.0
video54_final.mp4,Parkinson,70,0.005291204260017416,20.0
video54_final.mp4,Parkinson,71,0.002952706025177273,20.0
video54_final.mp4,Parkinson,72,0.0041849533543841366,20.0
video54_final.mp4,Parkinson,73,0.0033790130139138355,20.0
video54_final.mp4,Parkinson,74,0.0018376828544161027,20.0
video54_final.mp4,Parkinson,75,0.0045263221105360674,20.0
video54_final.mp4,Parkinson,76,0.005315585439233861,20.0
video54_final.mp4,Parkinson,77,0.004204088812604644,20.0
video54_final.mp4,Parkinson,78,0.004299288166919884,20.0
video54_final.mp4,Parkinson,79,0.003148593843484409,20.0
video54_final.mp4,Parkinson,80,0.003935116931722474,20.0
video54_final.mp4,Parkinson,81,0.0028377273492857773,20.0
video54_final.mp4,Parkinson,82,0.004860299528996627,20.0
video54_final.mp4,Parkinson,83,0.0020222983045936195,20.0
video54_final.mp4,Parkinson,84,0.001735642223476665,20.0
video54_final.mp4,Parkinson,85,0.0044629708977546425,20.0
video54_final.mp4,Parkinson,86,0.0037777933223416007,20.0
video54_final.mp4,Parkinson,87,0.0024443964515333864,20.0
video54_final.mp4,Parkinson,88,0.0035078948010852386,20.0
video54_final.mp4,Parkinson,89,0.005104469516137489,20.0
video54_final.mp4,Parkinson,90,0.003416946761899898,20.0
video54_final.mp4,Parkinson,91,0.0023063697452577058,20.0
video54_final.mp4,Parkinson,92,0.0027177086998012925,20.0
video54_final.mp4,Parkinson,93,0.0025181745101461846,20.0
video54_final.mp4,Parkinson,94,0.004807388837018572,20.0
video54_final.mp4,Parkinson,95,0.0007537695643285434,20.0
video54_final.mp4,Parkinson,96,0.004901933992542002,20.0
video54_final.mp4,Parkinson,97,0.0029102897756675145,20.0
video54_final.mp4,Parkinson,98,0.0033154441006942744,20.0
video54_final.mp4,Parkinson,99,0.0020439736914247913,20.0
video54_final.mp4,Parkinson,100,0.004207206692402423,20.0
video61_final.mp4,Parkinson,1,0.0,20.0
video61_final.mp4,Parkinson,2,0.005266803107374047,20.0
video61_final.mp4,Parkinson,3,0.0036234572782858345,20.0
video61_final.mp4,Parkinson,4,0.002664141727293027,20.0
video61_final.mp4,Parkinson,5,0.0016866996657498342,20.0
video61_final.mp4,Parkinson,6,0.0007908620471949899,20.0
video61_final.mp4,Parkinson,7,0.003405605089634305,20.0
video61_final.mp4,Parkinson,8,0.0031139699840130562,20.0
video61_final.mp4,Parkinson,9,0.002730042676119082,20.0
video61_final.mp4,Parkinson,10,0.001957393172791365,20.0
video61_final.mp4,Parkinson,11,0.00152480224041955,20.0
video61_final.mp4,Parkinson,12,0.0022940924176528565,20.0
video61_final.mp4,Parkinson,13,0.0014698759541252,20.0
video61_final.mp4,Parkinson,14,0.001660133105619201,20.0
video61_final.mp4,Parkinson,15,0.0018649978892029977,20.0
video61_final.mp4,Parkinson,16,0.002154907823252637,20.0
video61_final.mp4,Parkinson,17,0.002335621370000711,20.0
video61_final.mp4,Parkinson,18,0.0015746703376458158,20.0
video61_final.mp4,Parkinson,19,0.00211943936054705,20.0
video61_final.mp4,Parkinson,20,0.0013142194392379892,20.0
video61_final.mp4,Parkinson,21,0.0015210759656559198,20.0
video61_final.mp4,Parkinson,22,0.0017999920590792125,20.0
video61_final.mp4,Parkinson,23,0.001314188551103787,20.0
video61_final.mp4,Parkinson,24,0.0016615582274651418,20.0
video61_final.mp4,Parkinson,25,0.0015250498175613295,20.0
video61_final.mp4,Parkinson,26,0.0022558559413370597,20.0
video61_final.mp4,Parkinson,27,0.0026765546765681264,20.0
video61_final.mp4,Parkinson,28,0.0013797560380337023,20.0
video61_final.mp4,Parkinson,29,0.0013394047705438284,20.0
video61_final.mp4,Parkinson,30,0.002502890710226429,20.0
video61_final.mp4,Parkinson,31,0.002686849981250127,20.0
video61_final.mp4,Parkinson,32,0.00227647120972265,20.0
video61_final.mp4,Parkinson,33,0.0005518676214515269,20.0
video61_final.mp4,Parkinson,34,0.002157090000021895,20.0
video61_final.mp4,Parkinson,35,0.0014388004494138584,20.0
video61_final.mp4,Parkinson,36,0.0030459608982277187,20.0
video61_final.mp4,Parkinson,37,0.002037439624235807,20.0
video61_final.mp4,Parkinson,38,0.0023067345778562394,20.0
video61_final.mp4,Parkinson,39,0.00318293160552725,20.0
video61_final.mp4,Parkinson,40,0.0014504236952193057,20.0
video61_final.mp4,Parkinson,41,0.0020187953969943062,20.0
video61_final.mp4,Parkinson,42,0.0012198094178726027,20.0
video61_final.mp4,Parkinson,43,0.003212795650785699,20.0
video61_final.mp4,Parkinson,44,0.003158295067392182,20.0
video61_final.mp4,Parkinson,45,0.002657261456032227,20.0
video61_final.mp4,Parkinson,46,0.008230778611707814,20.0
video61_final.mp4,Parkinson,47,0.00412783674082314,20.0
video61_final.mp4,Parkinson,48,0.005921112293349574,20.0
video61_final.mp4,Parkinson,49,0.0031920131771267513,20.0
video61_final.mp4,Parkinson,50,0.005731809106771319,20.0
video61_final.mp4,Parkinson,51,0.001779123266476411,20.0
video61_final.mp4,Parkinson,52,0.001766530077187749,20.0
video61_final.mp4,Parkinson,53,0.004976994059852954,20.0
video61_final.mp4,Parkinson,54,0.0019177369184893486,20.0
video61_final.mp4,Parkinson,55,0.004656057045608589,20.0
video61_final.mp4,Parkinson,56,0.00392108928485507,20.0
video61_final.mp4,Parkinson,57,0.003997575219981054,20.0
video61_final.mp4,Parkinson,58,0.003581536223498201,20.0
video61_final.mp4,Parkinson,59,0.0013588505689007876,20.0
video61_final.mp4,Parkinson,60,0.0021106339101522016,20.0
video61_final.mp4,Parkinson,61,0.007841852152554694,20.0
video61_final.mp4,Parkinson,62,0.0024592719327376196,20.0
video61_final.mp4,Parkinson,63,0.0038820842600347048,20.0
video61_final.mp4,Parkinson,64,0.0021242378760891415,20.0
video61_final.mp4,Parkinson,65,0.001876507214673035,20.0
video61_final.mp4,Parkinson,66,0.0028535433178463253,20.0
video61_final.mp4,Parkinson,67,0.0017215408217608845,20.0
video61_final.mp4,Parkinson,68,0.00040122976889592834,20.0
video61_final.mp4,Parkinson,69,0.003090337393922728,20.0
video61_final.mp4,Parkinson,70,0.0030248406678127296,20.0
video61_final.mp4,Parkinson,71,0.003937035285018197,20.0
video61_final.mp4,Parkinson,72,0.022926313198187376,20.0
video61_final.mp4,Parkinson,73,0.010354514445549443,20.0
video61_final.mp4,Parkinson,74,0.017031736627974726,20.0
video61_final.mp4,Parkinson,75,0.007620782978966813,20.0
video61_final.mp4,Parkinson,76,0.005275075093329427,20.0
video61_final.mp4,Parkinson,77,0.004022733863331101,20.0
video61_final.mp4,Parkinson,78,0.002724891837282259,20.0
video61_final.mp4,Parkinson,79,0.00533242129410423,20.0
video61_final.mp4,Parkinson,80,0.0035660481640202818,20.0
video61_final.mp4,Parkinson,81,0.0012895106102728839,20.0
video61_final.mp4,Parkinson,82,0.00518328129569182,20.0
video61_final.mp4,Parkinson,83,0.0026968303435928155,20.0
video61_final.mp4,Parkinson,84,0.004447526688963269,20.0
video61_final.mp4,Parkinson,85,0.0025231336829902888,20.0
video61_final.mp4,Parkinson,86,0.0029086754191099563,20.0
video61_final.mp4,Parkinson,87,0.004824783002955042,20.0
video61_final.mp4,Parkinson,88,0.0027551277260424003,20.0
video61_final.mp4,Parkinson,89,0.002313419106677022,20.0
video61_final.mp4,Parkinson,90,0.002225320483198219,20.0
video61_final.mp4,Parkinson,91,0.0022704661225695453,20.0
video61_final.mp4,Parkinson,92,0.0019961512887976952,20.0
video61_final.mp4,Parkinson,93,0.002413625646400183,20.0
video61_final.mp4,Parkinson,94,0.004123242718195726,20.0
video61_final.mp4,Parkinson,95,0.004285122246172793,20.0
video61_final.mp4,Parkinson,96,0.0033433911772864327,20.0
video61_final.mp4,Parkinson,97,0.004064289267068198,20.0
video61_final.mp4,Parkinson,98,0.0025213646320936802,20.0
video61_final.mp4,Parkinson,99,0.0026902980479949503,20.0
video61_final.mp4,Parkinson,100,0.0022419663393853425,20.0
video62_final.mp4,Parkinson,1,0.0,20.0
video62_final.mp4,Parkinson,2,0.007418417006611421,20.0
video62_final.mp4,Parkinson,3,0.00711830878882634,20.0
video62_final.mp4,Parkinson,4,0.0028834863727764076,20.0
video62_final.mp4,Parkinson,5,0.0022893754210935027,20.0
video62_final.mp4,Parkinson,6,0.002916367858472989,20.0
video62_final.mp4,Parkinson,7,0.0012799539127332409,20.0
video62_final.mp4,Parkinson,8,0.002811455596270481,20.0
video62_final.mp4,Parkinson,9,0.0030833841297002035,20.0
video62_final.mp4,Parkinson,10,0.0018166678943241686,20.0
video62_final.mp4,Parkinson,11,0.008637117722052492,20.0
video62_final.mp4,Parkinson,12,0.00177713499653222,20.0
video62_final.mp4,Parkinson,13,0.0011544408774127317,20.0
video62_final.mp4,Parkinson,14,0.002531918644249621,20.0
video62_final.mp4,Parkinson,15,0.006419439914882943,20.0
video62_final.mp4,Parkinson,16,0.002466630224642557,20.0
video62_final.mp4,Parkinson,17,0.002342470848330253,20.0
video62_final.mp4,Parkinson,18,0.0012876574569369705,20.0
video62_final.mp4,Parkinson,19,0.0032644653494645136,20.0
video62_final.mp4,Parkinson,20,0.0012637726025433943,20.0
video62_final.mp4,Parkinson,21,0.0027256434905147246,20.0
video62_final.mp4,Parkinson,22,0.004747403730076721,20.0
video62_final.mp4,Parkinson,23,0.002129795791710325,20.0
video62_final.mp4,Parkinson,24,0.002521570028216182,20.0
video62_final.mp4,Parkinson,25,0.0013012434851401166,20.0
video62_final.mp4,Parkinson,26,0.0024162440506840513,20.0
video62_final.mp4,Parkinson,27,0.007472852423281324,20.0
video62_final.mp4,Parkinson,28,0.002335664016322704,20.0
video62_final.mp4,Parkinson,29,0.0028781054587408384,20.0
video62_final.mp4,Parkinson,30,0.0035403831832382434,20.0
video62_final.mp4,Parkinson,31,0.004808491302476194,20.0
video62_final.mp4,Parkinson,32,0.0036767189122714878,20.0
video62_final.mp4,Parkinson,33,0.0024665055394088205,20.0
video62_final.mp4,Parkinson,34,0.003725327017617616,20.0
video62_final.mp4,Parkinson,35,0.0026214396999724807,20.0
video62_final.mp4,Parkinson,36,0.005114304865266696,20.0
video62_final.mp4,Parkinson,37,0.003625637676417435,20.0
video62_final.mp4,Parkinson,38,0.002783181068591729,20.0
video62_final.mp4,Parkinson,39,0.004400166052446872,20.0
video62_final.mp4,Parkinson,40,0.004625815671433809,20.0
video62_final.mp4,Parkinson,41,0.0032739672937917037,20.0
video62_final.mp4,Parkinson,42,0.003278403462327855,20.0
video62_final.mp4,Parkinson,43,0.0014942921330992826,20.0
video62_final.mp4,Parkinson,44,0.004891700745384865,20.0
video62_final.mp4,Parkinson,45,0.003358067957725622,20.0
video62_final.mp4,Parkinson,46,0.0022045210049425794,20.0
video62_final.mp4,Parkinson,47,0.0024651613196028893,20.0
video62_final.mp4,Parkinson,48,0.002883698866592678,20.0
video62_final.mp4,Parkinson,49,0.0024294042955639614,20.0
video62_final.mp4,Parkinson,50,0.0056336784395271755,20.0
video62_final.mp4,Parkinson,51,0.005355878928787318,20.0
video62_final.mp4,Parkinson,52,0.002681774509439621,20.0
video62_final.mp4,Parkinson,53,0.002878978991924644,20.0
video62_final.mp4,Parkinson,54,0.003801133963735183,20.0
video62_final.mp4,Parkinson,55,0.0035642975625405793,20.0
video62_final.mp4,Parkinson,56,0.0026556651843131405,20.0
video62_final.mp4,Parkinson,57,0.0023740546852870307,20.0
video62_final.mp4,Parkinson,58,0.0020845039010002116,20.0
video62_final.mp4,Parkinson,59,0.004427673898365864,20.0
video62_final.mp4,Parkinson,60,0.0036770585777205333,20.0
video62_final.mp4,Parkinson,61,0.002935049219577681,20.0
video62_final.mp4,Parkinson,62,0.0026342209468939643,20.0
video62_final.mp4,Parkinson,63,0.004775164129872295,20.0
video62_final.mp4,Parkinson,64,0.0035250789445703417,20.0
video62_final.mp4,Parkinson,65,0.001248895848239292,20.0
video62_final.mp4,Parkinson,66,0.0016346855664862328,20.0
video62_final.mp4,Parkinson,67,0.0013992055775496222,20.0
video62_final.mp4,Parkinson,68,0.0013979335174691227,20.0
video62_final.mp4,Parkinson,69,0.0026253908170686116,20.0
video62_final.mp4,Parkinson,70,0.00377363230081094,20.0
video62_final.mp4,Parkinson,71,0.004471943728937757,20.0
video62_final.mp4,Parkinson,72,0.004602305698672992,20.0
video62_final.mp4,Parkinson,73,0.001676172823337511,20.0
video62_final.mp4,Parkinson,74,0.004070206905389192,20.0
video62_final.mp4,Parkinson,75,0.004427351848437613,20.0
video62_final.mp4,Parkinson,76,0.0023571449228605382,20.0
video62_final.mp4,Parkinson,77,0.0048593492763323014,20.0
video62_final.mp4,Parkinson,78,0.0017359743833598924,20.0
video62_final.mp4,Parkinson,79,0.003222761428949172,20.0
video62_final.mp4,Parkinson,80,0.002108904339668182,20.0
video62_final.mp4,Parkinson,81,0.0010585551953446184,20.0
video62_final.mp4,Parkinson,82,0.0017138105432471617,20.0
video62_final.mp4,Parkinson,83,0.001604613929934031,20.0
video62_final.mp4,Parkinson,84,0.0068655602659510075,20.0
video62_final.mp4,Parkinson,85,0.003648149560303413,20.0
video62_final.mp4,Parkinson,86,0.003345420720384851,20.0
video62_final.mp4,Parkinson,87,0.004344508072591243,20.0
video62_final.mp4,Parkinson,88,0.0037384238617743457,20.0
video62_final.mp4,Parkinson,89,0.003265613782516654,20.0
video62_final.mp4,Parkinson,90,0.0008502812405365669,20.0
video62_final.mp4,Parkinson,91,0.0022187184624271484,20.0
video62_final.mp4,Parkinson,92,0.0013773599715497379,20.0
video62_final.mp4,Parkinson,93,0.002232777463907065,20.0
video62_final.mp4,Parkinson,94,0.0026428400938951976,20.0
video62_final.mp4,Parkinson,95,0.0017740139892827979,20.0
video62_final.mp4,Parkinson,96,0.0016081483184854238,20.0
video62_final.mp4,Parkinson,97,0.003520513488168339,20.0
video62_final.mp4,Parkinson,98,0.0033898291807831727,20.0
video62_final.mp4,Parkinson,99,0.00471658274743314,20.0
video62_final.mp4,Parkinson,100,0.0037165914983744216,20.0
video73_final.mp4,Parkinson,1,0.0,20.0
video73_final.mp4,Parkinson,2,0.021975856525183007,20.0
video73_final.mp4,Parkinson,3,0.013171240677442301,20.0
video73_final.mp4,Parkinson,4,0.013111233808299701,20.0
video73_final.mp4,Parkinson,5,0.005921622560271732,20.0
video73_final.mp4,Parkinson,6,0.004613432630943169,20.0
video73_final.mp4,Parkinson,7,0.0072721660874400075,20.0
video73_final.mp4,Parkinson,8,0.009316506465323665,20.0
video73_final.mp4,Parkinson,9,0.006649851276840849,20.0
video73_final.mp4,Parkinson,10,0.017163190611630345,20.0
video73_final.mp4,Parkinson,11,0.012890698120880104,20.0
video73_final.mp4,Parkinson,12,0.01376730497198406,20.0
video73_final.mp4,Parkinson,13,0.018566100564015826,20.0
video73_final.mp4,Parkinson,14,0.010602425210417684,20.0
video73_final.mp4,Parkinson,15,0.006321965644898236,20.0
video73_final.mp4,Parkinson,16,0.00807281737282116,20.0
video73_final.mp4,Parkinson,17,0.005775168147950411,20.0
video73_final.mp4,Parkinson,18,0.011755584358484887,20.0
video73_final.mp4,Parkinson,19,0.009415975583639845,20.0
video73_final.mp4,Parkinson,20,0.005931428425042093,20.0
video73_final.mp4,Parkinson,21,0.013785865103635666,20.0
video73_final.mp4,Parkinson,22,0.0021410235918715606,20.0
video73_final.mp4,Parkinson,23,0.0035930437975497716,20.0
video73_final.mp4,Parkinson,24,0.005706062931815164,20.0
video73_final.mp4,Parkinson,25,0.014166891331366916,20.0
video73_final.mp4,Parkinson,26,0.010853259315903538,20.0
video73_final.mp4,Parkinson,27,0.010284342526840268,20.0
video73_final.mp4,Parkinson,28,0.007087182359092622,20.0
video73_final.mp4,Parkinson,29,0.008360400100858374,20.0
video73_final.mp4,Parkinson,30,0.006568686182036728,20.0
video73_final.mp4,Parkinson,31,0.011105620681734386,20.0
video73_final.mp4,Parkinson,32,0.008058454033761323,20.0
video73_final.mp4,Parkinson,33,0.008905864477624915,20.0
video73_final.mp4,Parkinson,34,0.012894419965802727,20.0
video73_final.mp4,Parkinson,35,0.006871284330255249,20.0
video73_final.mp4,Parkinson,36,0.00666535839900287,20.0
video73_final.mp4,Parkinson,37,0.010330048100813147,20.0
video73_final.mp4,Parkinson,38,0.02036136002386899,20.0
video73_final.mp4,Parkinson,39,0.010356612024510194,20.0
video73_final.mp4,Parkinson,40,0.012074026669569719,20.0
video73_final.mp4,Parkinson,41,0.007742367175633823,20.0
video73_final.mp4,Parkinson,42,0.0201487774599099,20.0
video73_final.mp4,Parkinson,43,0.011949246194421293,20.0
video73_final.mp4,Parkinson,44,0.012441353125301934,20.0
video73_final.mp4,Parkinson,45,0.004075853728850792,20.0
video73_final.mp4,Parkinson,46,0.012234156179418195,20.0
video73_final.mp4,Parkinson,47,0.008421818541625551,20.0
video73_final.mp4,Parkinson,48,0.01637936367100089,20.0
video73_final.mp4,Parkinson,49,0.013950283546761933,20.0
video73_final.mp4,Parkinson,50,0.009269893793975434,20.0
video73_final.mp4,Parkinson,51,0.02638552923114568,20.0
video73_final.mp4,Parkinson,52,0.009395242223557846,20.0
video73_final.mp4,Parkinson,53,0.00617430340730724,20.0
video73_final.mp4,Parkinson,54,0.011100694873639471,20.0
video73_final.mp4,Parkinson,55,0.004400598643147521,20.0
video73_final.mp4,Parkinson,56,0.014791398150270871,20.0
video73_final.mp4,Parkinson,57,0.0044643728273295125,20.0
video73_final.mp4,Parkinson,58,0.006763937352900993,20.0
video73_final.mp4,Parkinson,59,0.0067059661060848205,20.0
video73_final.mp4,Parkinson,60,0.0051067005883200815,20.0
video73_final.mp4,Parkinson,61,0.0066253425526322995,20.0
video73_final.mp4,Parkinson,62,0.01375973433763299,20.0
video73_final.mp4,Parkinson,63,0.004058781070426608,20.0
video73_final.mp4,Parkinson,64,0.008697055567897537,20.0
video73_final.mp4,Parkinson,65,0.011652996119097168,20.0
video73_final.mp4,Parkinson,66,0.0080701154310549,20.0
video73_final.mp4,Parkinson,67,0.014970719459570396,20.0
video73_final.mp4,Parkinson,68,0.0048583750994230105,20.0
video73_final.mp4,Parkinson,69,0.007182635143613714,20.0
video73_final.mp4,Parkinson,70,0.004901028077537285,20.0
video73_final.mp4,Parkinson,71,0.003845701888831318,20.0
video73_final.mp4,Parkinson,72,0.007364235210402765,20.0
video73_final.mp4,Parkinson,73,0.006233028607318783,20.0
video73_final.mp4,Parkinson,74,0.009349394166838422,20.0
video73_final.mp4,Parkinson,75,0.010592793207060984,20.0
video73_final.mp4,Parkinson,76,0.010886633473314537,20.0
video73_final.mp4,Parkinson,77,0.013370718783973563,20.0
video73_final.mp4,Parkinson,78,0.009836676747888662,20.0
video73_final.mp4,Parkinson,79,0.02271679687567167,20.0
video73_final.mp4,Parkinson,80,0.009000518908617852,20.0
video73_final.mp4,Parkinson,81,0.01639591666094795,20.0
video73_final.mp4,Parkinson,82,0.010601185732304513,20.0
video73_final.mp4,Parkinson,83,0.023607623760100803,20.0
video73_final.mp4,Parkinson,84,0.01118830148626247,20.0
video73_final.mp4,Parkinson,85,0.005961475079861497,20.0
video73_final.mp4,Parkinson,86,0.016580836099896457,20.0
video73_final.mp4,Parkinson,87,0.00547263830372008,20.0
video73_final.mp4,Parkinson,88,0.0051579734796905075,20.0
video73_final.mp4,Parkinson,89,0.0034657180761960118,20.0
video73_final.mp4,Parkinson,90,0.013035683685065429,20.0
video73_final.mp4,Parkinson,91,0.006789126311143671,20.0
video73_final.mp4,Parkinson,92,0.0035777414258748924,20.0
video73_final.mp4,Parkinson,93,0.008170177463266795,20.0
video73_final.mp4,Parkinson,94,0.005558353493010287,20.0
video73_final.mp4,Parkinson,95,0.009262477795598903,20.0
video73_final.mp4,Parkinson,96,0.007208382888966062,20.0
video73_final.mp4,Parkinson,97,0.004703783862092335,20.0
video73_final.mp4,Parkinson,98,0.009168596095701718,20.0
video73_final.mp4,Parkinson,99,0.013219738723835497,20.0
video73_final.mp4,Parkinson,100,0.006772246656129907,20.0
video75_final.mp4,Parkinson,1,0.0,20.0
video75_final.mp4,Parkinson,2,0.012642725033855698,20.0
video75_final.mp4,Parkinson,3,0.007459663263949836,20.0
video75_final.mp4,Parkinson,4,0.003241374985398658,20.0
video75_final.mp4,Parkinson,5,0.007111484239558718,20.0
video75_final.mp4,Parkinson,6,0.005663735917444954,20.0
video75_final.mp4,Parkinson,7,0.00566285930263909,20.0
video75_final.mp4,Parkinson,8,0.009757583858058487,20.0
video75_final.mp4,Parkinson,9,0.006492503261830092,20.0
video75_final.mp4,Parkinson,10,0.00773676587332711,20.0
video75_final.mp4,Parkinson,11,0.003824058598240607,20.0
video75_final.mp4,Parkinson,12,0.003603120825784365,20.0
video75_final.mp4,Parkinson,13,0.004236949001775399,20.0
video75_final.mp4,Parkinson,14,0.008687655898084255,20.0
video75_final.mp4,Parkinson,15,0.0031007277913984383,20.0
video75_final.mp4,Parkinson,16,0.003273656364601049,20.0
video75_final.mp4,Parkinson,17,0.0059555115648578195,20.0
video75_final.mp4,Parkinson,18,0.008359269290209002,20.0
video75_final.mp4,Parkinson,19,0.008543228283001546,20.0
video75_final.mp4,Parkinson,20,0.007822991836514527,20.0
video75_final.mp4,Parkinson,21,0.014780992526044447,20.0
video75_final.mp4,Parkinson,22,0.006099928811315585,20.0
video75_final.mp4,Parkinson,23,0.006600531278945045,20.0
video75_final.mp4,Parkinson,24,0.02655611597250637,20.0
video75_final.mp4,Parkinson,25,0.030513302697670282,20.0
video75_final.mp4,Parkinson,26,0.02971876183328081,20.0
video75_final.mp4,Parkinson,27,0.019917719332745668,20.0
video75_final.mp4,Parkinson,28,0.013988331491109928,20.0
video75_final.mp4,Parkinson,29,0.005132863124235972,20.0
video75_final.mp4,Parkinson,30,0.02434259978032375,20.0
video75_final.mp4,Parkinson,31,0.010286755102724587,20.0
video75_final.mp4,Parkinson,32,0.02551483910832794,20.0
video75_final.mp4,Parkinson,33,0.00680137748026312,20.0
video75_final.mp4,Parkinson,34,0.007452879275168715,20.0
video75_final.mp4,Parkinson,35,0.005160128460328257,20.0
video75_final.mp4,Parkinson,36,0.009370342092141765,20.0
video75_final.mp4,Parkinson,37,0.009923551450182956,20.0
video75_final.mp4,Parkinson,38,0.005565352093094816,20.0
video75_final.mp4,Parkinson,39,0.009153384973031083,20.0
video75_final.mp4,Parkinson,40,0.006506265607942119,20.0
video75_final.mp4,Parkinson,41,0.008943836524702086,20.0
video75_final.mp4,Parkinson,42,0.0031857466873550467,20.0
video75_final.mp4,Parkinson,43,0.012526212911808405,20.0
video75_final.mp4,Parkinson,44,0.009777617960314988,20.0
video75_final.mp4,Parkinson,45,0.004560771563515366,20.0
video75_final.mp4,Parkinson,46,0.008811220213223142,20.0
video75_final.mp4,Parkinson,47,0.010702422511871049,20.0
video75_final.mp4,Parkinson,48,0.00918902991775015,20.0
video75_final.mp4,Parkinson,49,0.0072330932356988245,20.0
video75_final.mp4,Parkinson,50,0.0054614533277308735,20.0
video75_final.mp4,Parkinson,51,0.005030454231051149,20.0
video75_final.mp4,Parkinson,52,0.005739374586280285,20.0
video75_final.mp4,Parkinson,53,0.012838079044886725,20.0
video75_final.mp4,Parkinson,54,0.009720093229493725,20.0
video75_final.mp4,Parkinson,55,0.010868304615418444,20.0
video75_final.mp4,Parkinson,56,0.013445091687860237,20.0
video75_final.mp4,Parkinson,57,0.003574631423692046,20.0
video75_final.mp4,Parkinson,58,0.011139903391658866,20.0
video75_final.mp4,Parkinson,59,0.005754137232044998,20.0
video75_final.mp4,Parkinson,60,0.014345354361672358,20.0
video75_final.mp4,Parkinson,61,0.008391230331011391,20.0
video75_final.mp4,Parkinson,62,0.007263972591203012,20.0
video75_final.mp4,Parkinson,63,0.01148156757685786,20.0
video75_final.mp4,Parkinson,64,0.0037196233434205043,20.0
video75_final.mp4,Parkinson,65,0.0035884206010450745,20.0
video75_final.mp4,Parkinson,66,0.011963596166797718,20.0
video75_final.mp4,Parkinson,67,0.005979804251074168,20.0
video75_final.mp4,Parkinson,68,0.01171259871392685,20.0
video75_final.mp4,Parkinson,69,0.008542455502990643,20.0
video75_final.mp4,Parkinson,70,0.007459122145569627,20.0
video75_final.mp4,Parkinson,71,0.009135362638492005,20.0
video75_final.mp4,Parkinson,72,0.013780894978832984,20.0
video75_final.mp4,Parkinson,73,0.0035384598301254544,20.0
video75_final.mp4,Parkinson,74,0.008666756638113803,20.0
video75_final.mp4,Parkinson,75,0.004512017295832936,20.0
video75_final.mp4,Parkinson,76,0.009607716484927729,20.0
video75_final.mp4,Parkinson,77,0.00341475138909543,20.0
video75_final.mp4,Parkinson,78,0.006800641135107919,20.0
video75_final.mp4,Parkinson,79,0.008711264572682096,20.0
video75_final.mp4,Parkinson,80,0.012143315224666398,20.0
video75_final.mp4,Parkinson,81,0.005145736926468814,20.0
video75_final.mp4,Parkinson,82,0.007983970150802856,20.0
video75_final.mp4,Parkinson,83,0.008090678938650692,20.0
video75_final.mp4,Parkinson,84,0.005745046798017209,20.0
video75_final.mp4,Parkinson,85,0.0030220011362203326,20.0
video75_final.mp4,Parkinson,86,0.006713487366564984,20.0
video75_final.mp4,Parkinson,87,0.012419220180581596,20.0
video75_final.mp4,Parkinson,88,0.04091432033383775,20.0
video75_final.mp4,Parkinson,89,0.03413612394944618,20.0
video75_final.mp4,Parkinson,90,0.02360293262544691,20.0
video75_final.mp4,Parkinson,91,0.029666310046831013,20.0
video75_final.mp4,Parkinson,92,0.008570269284035245,20.0
video75_final.mp4,Parkinson,93,0.008721125376525321,20.0
video75_final.mp4,Parkinson,94,0.008210106770541483,20.0
video75_final.mp4,Parkinson,95,0.010049812532207008,20.0
video75_final.mp4,Parkinson,96,0.005088382796787236,20.0
video75_final.mp4,Parkinson,97,0.0063081893527627796,20.0
video75_final.mp4,Parkinson,98,0.018303864893830873,20.0
video75_final.mp4,Parkinson,99,0.010942077516384355,20.0
video75_final.mp4,Parkinson,100,0.01532024864621327,20.0
video76_final.mp4,Parkinson,1,0.0,20.0
video76_final.mp4,Parkinson,2,0.02181373591909086,20.0
video76_final.mp4,Parkinson,3,0.0074568290088593905,20.0
video76_final.mp4,Parkinson,4,0.0060306327073131865,20.0
video76_final.mp4,Parkinson,5,0.0049972683759876724,20.0
video76_final.mp4,Parkinson,6,0.009637835576330514,20.0
video76_final.mp4,Parkinson,7,0.013757486175144213,20.0
video76_final.mp4,Parkinson,8,0.00878104459568036,20.0
video76_final.mp4,Parkinson,9,0.006163835478931281,20.0
video76_final.mp4,Parkinson,10,0.016089823862986127,20.0
video76_final.mp4,Parkinson,11,0.011097034992028885,20.0
video76_final.mp4,Parkinson,12,0.004808667513267928,20.0
video76_final.mp4,Parkinson,13,0.004127031845117061,20.0
video76_final.mp4,Parkinson,14,0.0058309680707376264,20.0
video76_final.mp4,Parkinson,15,0.010741431405812924,20.0
video76_final.mp4,Parkinson,16,0.0034807462232973206,20.0
video76_final.mp4,Parkinson,17,0.0050497608425366285,20.0
video76_final.mp4,Parkinson,18,0.003461512256833218,20.0
video76_final.mp4,Parkinson,19,0.005810574770648987,20.0
video76_final.mp4,Parkinson,20,0.007981538460881253,20.0
video76_final.mp4,Parkinson,21,0.005101238493092975,20.0
video76_final.mp4,Parkinson,22,0.011800403368865193,20.0
video76_final.mp4,Parkinson,23,0.005854188829428318,20.0
video76_final.mp4,Parkinson,24,0.013659034092926176,20.0
video76_final.mp4,Parkinson,25,0.011913695142295363,20.0
video76_final.mp4,Parkinson,26,0.024236458494929697,20.0
video76_final.mp4,Parkinson,27,0.0031512233400592823,20.0
video76_final.mp4,Parkinson,28,0.0075021819851297245,20.0
video76_final.mp4,Parkinson,29,0.003779279347877457,20.0
video76_final.mp4,Parkinson,30,0.008829059702260104,20.0
video76_final.mp4,Parkinson,31,0.0035344942378244546,20.0
video76_final.mp4,Parkinson,32,0.0026110251118326893,20.0
video76_final.mp4,Parkinson,33,0.002996040339718832,20.0
video76_final.mp4,Parkinson,34,0.01569115326623568,20.0
video76_final.mp4,Parkinson,35,0.007308029951712895,20.0
video76_final.mp4,Parkinson,36,0.004896722225966608,20.0
video76_final.mp4,Parkinson,37,0.007084489962524677,20.0
video76_final.mp4,Parkinson,38,0.004847585874275632,20.0
video76_final.mp4,Parkinson,39,0.006342265132248362,20.0
video76_final.mp4,Parkinson,40,0.006297986829309749,20.0
video76_final.mp4,Parkinson,41,0.005820521557334131,20.0
video76_final.mp4,Parkinson,42,0.0067700328280147935,20.0
video76_final.mp4,Parkinson,43,0.008165685547811271,20.0
video76_final.mp4,Parkinson,44,0.003527626341662378,20.0
video76_final.mp4,Parkinson,45,0.004400761423434393,20.0
video76_final.mp4,Parkinson,46,0.0017435492145532964,20.0
video76_final.mp4,Parkinson,47,0.003727551241300103,20.0
video76_final.mp4,Parkinson,48,0.0037566176629420882,20.0
video76_final.mp4,Parkinson,49,0.008037059141353619,20.0
video76_final.mp4,Parkinson,50,0.002743042354780509,20.0
video76_final.mp4,Parkinson,51,0.008441404729376906,20.0
video76_final.mp4,Parkinson,52,0.011056328609405515,20.0
video76_final.mp4,Parkinson,53,0.018061000206000547,20.0
video76_final.mp4,Parkinson,54,0.008561388344658537,20.0
video76_final.mp4,Parkinson,55,0.009413070474967877,20.0
video76_final.mp4,Parkinson,56,0.007894185157080446,20.0
video76_final.mp4,Parkinson,57,0.014910315954389347,20.0
video76_final.mp4,Parkinson,58,0.014688625067234728,20.0
video76_final.mp4,Parkinson,59,0.007077836360768167,20.0
video76_final.mp4,Parkinson,60,0.0072669448146359976,20.0
video76_final.mp4,Parkinson,61,0.00965393784033564,20.0
video76_final.mp4,Parkinson,62,0.008475462386323969,20.0
video76_final.mp4,Parkinson,63,0.012146191100032589,20.0
video76_final.mp4,Parkinson,64,0.008186708919294055,20.0
video76_final.mp4,Parkinson,65,0.007377624694391278,20.0
video76_final.mp4,Parkinson,66,0.0027032987459766973,20.0
video76_final.mp4,Parkinson,67,0.0076452415128603,20.0
video76_final.mp4,Parkinson,68,0.014541982148727225,20.0
video76_final.mp4,Parkinson,69,0.014641588237874176,20.0
video76_final.mp4,Parkinson,70,0.0030396793497569083,20.0
video76_final.mp4,Parkinson,71,0.0095078419033931,20.0
video76_final.mp4,Parkinson,72,0.005714208897353436,20.0
video76_final.mp4,Parkinson,73,0.009557575863886324,20.0
video76_final.mp4,Parkinson,74,0.0054084626135753365,20.0
video76_final.mp4,Parkinson,75,0.007143725296573954,20.0
video76_final.mp4,Parkinson,76,0.005832073037759792,20.0
video76_final.mp4,Parkinson,77,0.009529893199089156,20.0
video76_final.mp4,Parkinson,78,0.012031408816658677,20.0
video76_final.mp4,Parkinson,79,0.01009464519089974,20.0
video76_final.mp4,Parkinson,80,0.009010449316763288,20.0
video76_final.mp4,Parkinson,81,0.00609594794152106,20.0
video76_final.mp4,Parkinson,82,0.0054606096698520115,20.0
video76_final.mp4,Parkinson,83,0.00858404157748687,20.0
video76_final.mp4,Parkinson,84,0.0068753417525858175,20.0
video76_final.mp4,Parkinson,85,0.021920261791119288,20.0
video76_final.mp4,Parkinson,86,0.009313887659625163,20.0
video76_final.mp4,Parkinson,87,0.005751379084316797,20.0
video76_final.mp4,Parkinson,88,0.013547207935348592,20.0
video76_final.mp4,Parkinson,89,0.008878365059188539,20.0
video76_final.mp4,Parkinson,90,0.006445774451600489,20.0
video76_final.mp4,Parkinson,91,0.01535731239516267,20.0
video76_final.mp4,Parkinson,92,0.012118102563052884,20.0
video76_final.mp4,Parkinson,93,0.008936388107272666,20.0
video76_final.mp4,Parkinson,94,0.003250624991097259,20.0
video76_final.mp4,Parkinson,95,0.014175202755545905,20.0
video76_final.mp4,Parkinson,96,0.007667381290731796,20.0
video76_final.mp4,Parkinson,97,0.008271618419954387,20.0
video76_final.mp4,Parkinson,98,0.010769992791845779,20.0
video76_final.mp4,Parkinson,99,0.008635707348696288,20.0
video76_final.mp4,Parkinson,100,0.013311622689438496,20.0
video77_final.mp4,Parkinson,1,0.0,20.0
video77_final.mp4,Parkinson,2,0.009426943325081486,20.0
video77_final.mp4,Parkinson,3,0.007957582856262855,20.0
video77_final.mp4,Parkinson,4,0.00783660333848887,20.0
video77_final.mp4,Parkinson,5,0.00600016465222102,20.0
video77_final.mp4,Parkinson,6,0.003684717858656436,20.0
video77_final.mp4,Parkinson,7,0.006512521899298287,20.0
video77_final.mp4,Parkinson,8,0.006278317344687041,20.0
video77_final.mp4,Parkinson,9,0.0023088464489840585,20.0
video77_final.mp4,Parkinson,10,0.0037039837193285166,20.0
video77_final.mp4,Parkinson,11,0.003600832569504916,20.0
video77_final.mp4,Parkinson,12,0.003089390524834548,20.0
video77_final.mp4,Parkinson,13,0.007324261811927765,20.0
video77_final.mp4,Parkinson,14,0.0029214481944332786,20.0
video77_final.mp4,Parkinson,15,0.014566006955702643,20.0
video77_final.mp4,Parkinson,16,0.0038723310749065056,20.0
video77_final.mp4,Parkinson,17,0.00687517754280668,20.0
video77_final.mp4,Parkinson,18,0.004260555310376996,20.0
video77_final.mp4,Parkinson,19,0.006081236724535777,20.0
video77_final.mp4,Parkinson,20,0.0052794894594978105,20.0
video77_final.mp4,Parkinson,21,0.003472075932845034,20.0
video77_final.mp4,Parkinson,22,0.0036843597763193217,20.0
video77_final.mp4,Parkinson,23,0.005273300721861368,20.0
video77_final.mp4,Parkinson,24,0.0030333446187326848,20.0
video77_final.mp4,Parkinson,25,0.004355390414034256,20.0
video77_final.mp4,Parkinson,26,0.0036741364807705715,20.0
video77_final.mp4,Parkinson,27,0.007386334808105598,20.0
video77_final.mp4,Parkinson,28,0.0011520455036457514,20.0
video77_final.mp4,Parkinson,29,0.0033051777774268597,20.0
video77_final.mp4,Parkinson,30,0.005473267164653998,20.0
video77_final.mp4,Parkinson,31,0.0039668339322179134,20.0
video77_final.mp4,Parkinson,32,0.007894818967725951,20.0
video77_final.mp4,Parkinson,33,0.004209344926807682,20.0
video77_final.mp4,Parkinson,34,0.003394041180766523,20.0
video77_final.mp4,Parkinson,35,0.008733918419961299,20.0
video77_final.mp4,Parkinson,36,0.004352634934642802,20.0
video77_final.mp4,Parkinson,37,0.014392855698620416,20.0
video77_final.mp4,Parkinson,38,0.008885794935482031,20.0
video77_final.mp4,Parkinson,39,0.00965024150399119,20.0
video77_final.mp4,Parkinson,40,0.005979914657874957,20.0
video77_final.mp4,Parkinson,41,0.003061485018122868,20.0
video77_final.mp4,Parkinson,42,0.0065557136306875876,20.0
video77_final.mp4,Parkinson,43,0.006987497909368606,20.0
video77_final.mp4,Parkinson,44,0.005027527082705357,20.0
video77_final.mp4,Parkinson,45,0.0020758616921105677,20.0
video77_final.mp4,Parkinson,46,0.00440408781948857,20.0
video77_final.mp4,Parkinson,47,0.005973219750132981,20.0
video77_final.mp4,Parkinson,48,0.007225763828030729,20.0
video77_final.mp4,Parkinson,49,0.010351255986232155,20.0
video77_final.mp4,Parkinson,50,0.007100778648764493,20.0
video77_final.mp4,Parkinson,51,0.007226691431368291,20.0
video77_final.mp4,Parkinson,52,0.0072201966483261435,20.0
video77_final.mp4,Parkinson,53,0.005454394281998653,20.0
video77_final.mp4,Parkinson,54,0.016619938584678313,20.0
video77_final.mp4,Parkinson,55,0.00549815713954616,20.0
video77_final.mp4,Parkinson,56,0.0061049713706929345,20.0
video77_final.mp4,Parkinson,57,0.0058682323351359105,20.0
video77_final.mp4,Parkinson,58,0.0052940811861366234,20.0
video77_final.mp4,Parkinson,59,0.00382224104802237,20.0
video77_final.mp4,Parkinson,60,0.006132679116180329,20.0
video77_final.mp4,Parkinson,61,0.009852368123355364,20.0
video77_final.mp4,Parkinson,62,0.004696001955175463,20.0
video77_final.mp4,Parkinson,63,0.00477429617626265,20.0
video77_final.mp4,Parkinson,64,0.0038227266228725762,20.0
video77_final.mp4,Parkinson,65,0.0050986976574826605,20.0
video77_final.mp4,Parkinson,66,0.008199678338418975,20.0
video77_final.mp4,Parkinson,67,0.003486259468392168,20.0
video77_final.mp4,Parkinson,68,0.007292036737035171,20.0
video77_final.mp4,Parkinson,69,0.012786906876726192,20.0
video77_final.mp4,Parkinson,70,0.012399179364030715,20.0
video77_final.mp4,Parkinson,71,0.0094526245285383,20.0
video77_final.mp4,Parkinson,72,0.00598481946672017,20.0
video77_final.mp4,Parkinson,73,0.005841365509095106,20.0
video77_final.mp4,Parkinson,74,0.01170854446786412,20.0
video77_final.mp4,Parkinson,75,0.011544687443504908,20.0
video77_final.mp4,Parkinson,76,0.006811861529578513,20.0
video77_final.mp4,Parkinson,77,0.0031283361721111957,20.0
video77_final.mp4,Parkinson,78,0.00552017085618261,20.0
video77_final.mp4,Parkinson,79,0.0014847400186260348,20.0
video77_final.mp4,Parkinson,80,0.005755116829100333,20.0
video77_final.mp4,Parkinson,81,0.009016959643558788,20.0
video77_final.mp4,Parkinson,82,0.003955660108758511,20.0
video77_final.mp4,Parkinson,83,0.004586704874449334,20.0
video77_final.mp4,Parkinson,84,0.004006751305935028,20.0
video77_final.mp4,Parkinson,85,0.009875275734227718,20.0
video77_final.mp4,Parkinson,86,0.002464514476538578,20.0
video77_final.mp4,Parkinson,87,0.009933688081673258,20.0
video77_final.mp4,Parkinson,88,0.006056311207575083,20.0
video77_final.mp4,Parkinson,89,0.004269687277339834,20.0
video77_final.mp4,Parkinson,90,0.00398880138625579,20.0
video77_final.mp4,Parkinson,91,0.0017867097638265626,20.0
video77_final.mp4,Parkinson,92,0.004730573588793278,20.0
video77_final.mp4,Parkinson,93,0.009690219762102424,20.0
video77_final.mp4,Parkinson,94,0.013668093088674926,20.0
video77_final.mp4,Parkinson,95,0.0030008242421243904,20.0
video77_final.mp4,Parkinson,96,0.0033284539620420106,20.0
video77_final.mp4,Parkinson,97,0.003039822903933304,20.0
video77_final.mp4,Parkinson,98,0.007799865446617163,20.0
video77_final.mp4,Parkinson,99,0.0071474200264588904,20.0
video77_final.mp4,Parkinson,100,0.00867500696738654,20.0
video93_final.mp4,Parkinson,1,0.0,20.0
video93_final.mp4,Parkinson,2,0.02070325312925595,20.0
video93_final.mp4,Parkinson,3,0.0072887894854323145,20.0
video93_final.mp4,Parkinson,4,0.013609788062921893,20.0
video93_final.mp4,Parkinson,5,0.007403110468675184,20.0
video93_final.mp4,Parkinson,6,0.007903763188199454,20.0
video93_final.mp4,Parkinson,7,0.0048298450059666865,20.0
video93_final.mp4,Parkinson,8,0.0010544664446651931,20.0
video93_final.mp4,Parkinson,9,0.0042116204431579445,20.0
video93_final.mp4,Parkinson,10,0.004995316207907292,20.0
video93_final.mp4,Parkinson,11,0.010379594601227789,20.0
video93_final.mp4,Parkinson,12,0.014808572982820734,20.0
video93_final.mp4,Parkinson,13,0.007017591150930926,20.0
video93_final.mp4,Parkinson,14,0.010728980134014254,20.0
video93_final.mp4,Parkinson,15,0.00541267230893271,20.0
video93_final.mp4,Parkinson,16,0.012386079903195246,20.0
video93_final.mp4,Parkinson,17,0.011097369512152764,20.0
video93_final.mp4,Parkinson,18,0.0117983125641146,20.0
video93_final.mp4,Parkinson,19,0.003665873615352573,20.0
video93_final.mp4,Parkinson,20,0.005976703368626558,20.0
video93_final.mp4,Parkinson,21,0.0014180062340027769,20.0
video93_final.mp4,Parkinson,22,0.008695727593255318,20.0
video93_final.mp4,Parkinson,23,0.0024159202058889884,20.0
video93_final.mp4,Parkinson,24,0.00754785645498246,20.0
video93_final.mp4,Parkinson,25,0.007365483595891531,20.0
video93_final.mp4,Parkinson,26,0.005547350466687163,20.0
video93_final.mp4,Parkinson,27,0.003520126555317718,20.0
video93_final.mp4,Parkinson,28,0.006353824261829266,20.0
video93_final.mp4,Parkinson,29,0.005650891866537977,20.0
video93_final.mp4,Parkinson,30,0.005509984249989422,20.0
video93_final.mp4,Parkinson,31,0.010584728298373758,20.0
video93_final.mp4,Parkinson,32,0.005825399476490727,20.0
video93_final.mp4,Parkinson,33,0.007517361188167997,20.0
video93_final.mp4,Parkinson,34,0.008867259040299212,20.0
video93_final.mp4,Parkinson,35,0.0069212085029270575,20.0
video93_final.mp4,Parkinson,36,0.005196550316216414,20.0
video93_final.mp4,Parkinson,37,0.0031508219373130586,20.0
video93_final.mp4,Parkinson,38,0.009197516633735402,20.0
video93_final.mp4,Parkinson,39,0.014875924062852616,20.0
video93_final.mp4,Parkinson,40,0.018609266467815206,20.0
video93_final.mp4,Parkinson,41,0.014319231997312862,20.0
video93_final.mp4,Parkinson,42,0.008582531376335804,20.0
video93_final.mp4,Parkinson,43,0.00412230214229629,20.0
video93_final.mp4,Parkinson,44,0.007818726052481906,20.0
video93_final.mp4,Parkinson,45,0.0077892980540480855,20.0
video93_final.mp4,Parkinson,46,0.011967284999117155,20.0
video93_final.mp4,Parkinson,47,0.010398202878382674,20.0
video93_final.mp4,Parkinson,48,0.014238995531221797,20.0
video93_final.mp4,Parkinson,49,0.014416721973635633,20.0
video93_final.mp4,Parkinson,50,0.004210922368204571,20.0
video93_final.mp4,Parkinson,51,0.004948691013322288,20.0
video93_final.mp4,Parkinson,52,0.009123453081330928,20.0
video93_final.mp4,Parkinson,53,0.004233449076440075,20.0
video93_final.mp4,Parkinson,54,0.003899888683799682,20.0
video93_final.mp4,Parkinson,55,0.0027722230547047593,20.0
video93_final.mp4,Parkinson,56,0.003168827758491232,20.0
video93_final.mp4,Parkinson,57,0.0025914657106190404,20.0
video93_final.mp4,Parkinson,58,0.002380063115034106,20.0
video93_final.mp4,Parkinson,59,0.004193895951856643,20.0
video93_final.mp4,Parkinson,60,0.007527222310474732,20.0
video93_final.mp4,Parkinson,61,0.005984706670977003,20.0
video93_final.mp4,Parkinson,62,0.005351583295332177,20.0
video93_final.mp4,Parkinson,63,0.009255827163785731,20.0
video93_final.mp4,Parkinson,64,0.0064516773152090675,20.0
video93_final.mp4,Parkinson,65,0.0018355544324993433,20.0
video93_final.mp4,Parkinson,66,0.0053485124966329844,20.0
video93_final.mp4,Parkinson,67,0.0038001870946671136,20.0
video93_final.mp4,Parkinson,68,0.006586591342388275,20.0
video93_final.mp4,Parkinson,69,0.0008948496942253279,20.0
video93_final.mp4,Parkinson,70,0.006318660351718268,20.0
video93_final.mp4,Parkinson,71,0.006132684472867294,20.0
video93_final.mp4,Parkinson,72,0.004576905907173396,20.0
video93_final.mp4,Parkinson,73,0.00457373787885863,20.0
video93_final.mp4,Parkinson,74,0.0017332543607596084,20.0
video93_final.mp4,Parkinson,75,0.0034994976871988706,20.0
video93_final.mp4,Parkinson,76,0.004688022087231999,20.0
video93_final.mp4,Parkinson,77,0.005825966505271291,20.0
video93_final.mp4,Parkinson,78,0.003916104961919688,20.0
video93_final.mp4,Parkinson,79,0.0025232848592851276,20.0
video93_final.mp4,Parkinson,80,0.007556676347635211,20.0
video93_final.mp4,Parkinson,81,0.0016760871546260992,20.0
video93_final.mp4,Parkinson,82,0.005825920825638672,20.0
video93_final.mp4,Parkinson,83,0.0031945202815950404,20.0
video93_final.mp4,Parkinson,84,0.005227275060279585,20.0
video93_final.mp4,Parkinson,85,0.012011055824157232,20.0
video93_final.mp4,Parkinson,86,0.004835775579591202,20.0
video93_final.mp4,Parkinson,87,0.008366636055418895,20.0
video93_final.mp4,Parkinson,88,0.01557965934065309,20.0
video93_final.mp4,Parkinson,89,0.008688222241418828,20.0
video93_final.mp4,Parkinson,90,0.005458117944275569,20.0
video93_final.mp4,Parkinson,91,0.007853293423459227,20.0
video93_final.mp4,Parkinson,92,0.013947293378795078,20.0
video93_final.mp4,Parkinson,93,0.008375952699154645,20.0
video93_final.mp4,Parkinson,94,0.005638189579144965,20.0
video93_final.mp4,Parkinson,95,0.007792739235468869,20.0
video93_final.mp4,Parkinson,96,0.005022002961807702,20.0
video93_final.mp4,Parkinson,97,0.0075316653233461804,20.0
video93_final.mp4,Parkinson,98,0.00498765756560721,20.0
video93_final.mp4,Parkinson,99,0.0027658355717481583,20.0
video93_final.mp4,Parkinson,100,0.006570961982402032,20.0
video95_final.mp4,Parkinson,1,0.0,20.0
video95_final.mp4,Parkinson,2,0.013420662241440917,20.0
video95_final.mp4,Parkinson,3,0.004974012471655642,20.0
video95_final.mp4,Parkinson,4,0.009305776736240808,20.0
video95_final.mp4,Parkinson,5,0.0014305413585897575,20.0
video95_final.mp4,Parkinson,6,0.005163402795768109,20.0
video95_final.mp4,Parkinson,7,0.0021485365247072524,20.0
video95_final.mp4,Parkinson,8,0.0024861779699055513,20.0
video95_final.mp4,Parkinson,9,0.004646434156366205,20.0
video95_final.mp4,Parkinson,10,0.003845869871091224,20.0
video95_final.mp4,Parkinson,11,0.011586580914287806,20.0
video95_final.mp4,Parkinson,12,0.013416446970882175,20.0
video95_final.mp4,Parkinson,13,0.010770833529785036,20.0
video95_final.mp4,Parkinson,14,0.018784576277255292,20.0
video95_final.mp4,Parkinson,15,0.012724077352018423,20.0
video95_final.mp4,Parkinson,16,0.028722905679618087,20.0
video95_final.mp4,Parkinson,17,0.023757933506998875,20.0
video95_final.mp4,Parkinson,18,0.05083364060485616,20.0
video95_final.mp4,Parkinson,19,0.043922329928434624,20.0
video95_final.mp4,Parkinson,20,0.06729145984603924,20.0
video95_final.mp4,Parkinson,21,0.047065267690427307,20.0
video95_final.mp4,Parkinson,22,0.046502116713992354,20.0
video95_final.mp4,Parkinson,23,0.028440846592931928,20.0
video95_final.mp4,Parkinson,24,0.04189246042337029,20.0
video95_final.mp4,Parkinson,25,0.023816842361501465,20.0
video95_final.mp4,Parkinson,26,0.021034061130020477,20.0
video95_final.mp4,Parkinson,27,0.021334324038337384,20.0
video95_final.mp4,Parkinson,28,0.026074621908017532,20.0
video95_final.mp4,Parkinson,29,0.025775528662971902,20.0
video95_final.mp4,Parkinson,30,0.018915425143287635,20.0
video95_final.mp4,Parkinson,31,0.012818631050445816,20.0
video95_final.mp4,Parkinson,32,0.008855856668429156,20.0
video95_final.mp4,Parkinson,33,0.006708907753892384,20.0
video95_final.mp4,Parkinson,34,0.010304877590084121,20.0
video95_final.mp4,Parkinson,35,0.007963943909939614,20.0
video95_final.mp4,Parkinson,36,0.01901102341946784,20.0
video95_final.mp4,Parkinson,37,0.019797094387290104,20.0
video95_final.mp4,Parkinson,38,0.04123047083300061,20.0
video95_final.mp4,Parkinson,39,0.029031497941798157,20.0
video95_final.mp4,Parkinson,40,0.05402579128869461,20.0
video95_final.mp4,Parkinson,41,0.03586732817412332,20.0
video95_final.mp4,Parkinson,42,0.04391921265291718,20.0
video95_final.mp4,Parkinson,43,0.03058557747027315,20.0
video95_final.mp4,Parkinson,44,0.0451047984118234,20.0
video95_final.mp4,Parkinson,45,0.02130717231767333,20.0
video95_final.mp4,Parkinson,46,0.023467158980157707,20.0
video95_final.mp4,Parkinson,47,0.01913257140628292,20.0
video95_final.mp4,Parkinson,48,0.008926605982874819,20.0
video95_final.mp4,Parkinson,49,0.008703016427653736,20.0
video95_final.mp4,Parkinson,50,0.010812838838799054,20.0
video95_final.mp4,Parkinson,51,0.00771707313708037,20.0
video95_final.mp4,Parkinson,52,0.0038055748457551234,20.0
video95_final.mp4,Parkinson,53,0.011435462911987361,20.0
video95_final.mp4,Parkinson,54,0.028242514485549555,20.0
video95_final.mp4,Parkinson,55,0.02101955627301894,20.0
video95_final.mp4,Parkinson,56,0.041380959062017955,20.0
video95_final.mp4,Parkinson,57,0.04324114084473023,20.0
video95_final.mp4,Parkinson,58,0.06343793083668954,20.0
video95_final.mp4,Parkinson,59,0.04637548506512586,20.0
video95_final.mp4,Parkinson,60,0.049595862804029965,20.0
video95_final.mp4,Parkinson,61,0.0349542411369205,20.0
video95_final.mp4,Parkinson,62,0.027573758157885993,20.0
video95_final.mp4,Parkinson,63,0.008520238017028744,20.0
video95_final.mp4,Parkinson,64,0.02050686582210646,20.0
video95_final.mp4,Parkinson,65,0.0156849667800076,20.0
video95_final.mp4,Parkinson,66,0.04097188076399113,20.0
video95_final.mp4,Parkinson,67,0.04164079600348108,20.0
video95_final.mp4,Parkinson,68,0.05761438185587335,20.0
video95_final.mp4,Parkinson,69,0.037196658675277376,20.0
video95_final.mp4,Parkinson,70,0.07053576721843255,20.0
video95_final.mp4,Parkinson,71,0.045785061183749434,20.0
video95_final.mp4,Parkinson,72,0.05049152416688825,20.0
video95_final.mp4,Parkinson,73,0.03904388070505453,20.0
video95_final.mp4,Parkinson,74,0.07277949488160522,20.0
video95_final.mp4,Parkinson,75,0.04240518257964372,20.0
video95_final.mp4,Parkinson,76,0.02989362898734522,20.0
video95_final.mp4,Parkinson,77,0.01934818974435741,20.0
video95_final.mp4,Parkinson,78,0.022619127246192604,20.0
video95_final.mp4,Parkinson,79,0.012137585213611827,20.0
video95_final.mp4,Parkinson,80,0.010276990662999539,20.0
video95_final.mp4,Parkinson,81,0.012425365207709396,20.0
video95_final.mp4,Parkinson,82,0.024888733249032645,20.0
video95_final.mp4,Parkinson,83,0.02026682570372603,20.0
video95_final.mp4,Parkinson,84,0.0072735610281953866,20.0
video95_final.mp4,Parkinson,85,0.014949604548977596,20.0
video95_final.mp4,Parkinson,86,0.030761094197119164,20.0
video95_final.mp4,Parkinson,87,0.017396883679980345,20.0
video95_final.mp4,Parkinson,88,0.03012600652336823,20.0
video95_final.mp4,Parkinson,89,0.011702995731840724,20.0
video95_final.mp4,Parkinson,90,0.014718190656844363,20.0
video95_final.mp4,Parkinson,91,0.004260130466950114,20.0
video95_final.mp4,Parkinson,92,0.020480624137707036,20.0
video95_final.mp4,Parkinson,93,0.015688609107741433,20.0
video95_final.mp4,Parkinson,94,0.018412155365385423,20.0
video95_final.mp4,Parkinson,95,0.00640583403049842,20.0
video95_final.mp4,Parkinson,96,0.04369902224072538,20.0
video95_final.mp4,Parkinson,97,0.029980475407933138,20.0
video95_final.mp4,Parkinson,98,0.05338336249022004,20.0
video95_final.mp4,Parkinson,99,0.03887011404172826,20.0
video95_final.mp4,Parkinson,100,0.05923028102504587,20.0
